cehwi,rr,rr_low,rr_high,reliability
0,1,1,1,STABLE
0.10628256513026055,0.9987612511100301,0.9914898155866532,1.0060860142357075,STABLE
0.2125651302605211,0.9975243405584853,0.9830560092600444,1.0122056125323196,STABLE
0.3188476953907816,0.9962895687791503,0.9747017844345987,1.0183554813474818,STABLE
0.4251302605210422,0.9950572347092389,0.9664302172259585,1.024532224571053,STABLE
0.5314128256513028,0.993827635796335,0.9582442590793107,1.0307323631883976,STABLE
0.6376953907815632,0.9926010680062265,0.9501467395055042,1.0369523350886516,STABLE
0.7439779559118238,0.991377825831622,0.9421403689142936,1.0431884950256725,STABLE
0.8502605210420844,0.9901582023017468,0.9342277415343871,1.049437114739479,STABLE
0.956543086172345,0.9889424889928058,0.9264113384103222,1.0556943832461072,STABLE
1.0628256513026055,0.9877309760393085,0.9186935304665244,1.0619564073038987,STABLE
1.169108216432866,0.9865239521462486,0.91107658162923,1.0682192120643457,STABLE
1.2753907815631265,0.9853217046021286,0.903562651997272,1.0744787419157025,STABLE
1.381673346693387,0.9841245192928256,0.8961538010530269,1.0807308615276714,STABLE
1.4879559118236476,0.9829326807162871,0.8888519909051149,1.0869713571055544,STABLE
1.5942384769539082,0.9817464719980532,0.8816590895547132,1.0931959378623433,STABLE
1.7005210420841688,0.9805661749075958,0.8745768741776021,1.0994002377173056,STABLE
1.8068036072144293,0.9793920698754697,0.8676070344142967,1.1055798172296962,STABLE
1.91308617234469,0.9782244360112679,0.8607511756608287,1.1117301657763055,STABLE
2.0193687374749505,0.9770635511223743,0.8540108223529345,1.1178467039816247,STABLE
2.125651302605211,0.9759096917335095,0.8473874212365624,1.1239247864094921,STABLE
2.2319338677354716,0.97476313310706,0.8408823446177482,1.1299597045251568,STABLE
2.338216432865732,0.9736241492641878,0.8344968935850027,1.1359466899367854,STABLE
2.444498997995993,0.9724930130067142,0.8282323011974194,1.1418809179255227,STABLE
2.550781563126253,0.9713699959397691,0.8220897356317356,1.1477575112733258,STABLE
2.6570641282565135,0.9702553684952047,0.8160703032815565,1.1535715443978969,STABLE
2.763346693386774,0.9691493999557647,0.8101750518018903,1.1593180478041811,STABLE
2.8696292585170347,0.968052358480006,0.8044049730920177,1.1649920128620366,STABLE
2.9759118236472952,0.9669645111279668,0.7987610062095495,1.1705883969198811,STABLE
3.082194388777556,0.9658861238875762,0.7932440402082807,1.1761021287643167,STABLE
3.1884769539078164,0.9648174617018029,0.78785491689215,1.1815281144359955,STABLE
3.294759519038077,0.9637587884965356,0.7825944334772208,1.1868612434122887,STABLE
3.4010420841683375,0.9627103672091932,0.7774633451531392,1.1920963951676757,STABLE
3.507324649298598,0.9616724598180603,0.7724623675349589,1.1972284461231892,STABLE
3.6136072144288587,0.9606453273723443,0.767592178995563,1.2022522769967579,STABLE
3.7198897795591193,0.9596292300229514,0.7628534228681286,1.2071627805668674,STABLE
3.82617234468938,0.9586244270539765,0.7582467095071805,1.2119548698626597,STABLE
3.9324549098196404,0.9576311769149074,0.753772618195732,1.2166234867943935,STABLE
4.038737474949901,0.9566497372535364,0.7494316988848058,1.2211636112391495,STABLE
4.145020040080161,0.9556803649495818,0.7452244737502519,1.225570270597755,STABLE
4.251302605210422,0.9547233161490127,0.7411514385502089,1.2298385498402007,STABLE
4.357585170340682,0.9537788462990785,0.7372130637647557,1.233963602058311,STABLE
4.463867735470943,0.9528472101840402,0.7334097954972776,1.2379406595461524,STABLE
4.570150300601203,0.9519286619616019,0.7297420561147584,1.241765045430659,STABLE
4.676432865731464,0.9510234552000428,0.7262102446016022,1.2454321858772526,STABLE
4.782715430861725,0.9501318429160487,0.7228147365986425,1.248937622897854,STABLE
4.888997995991986,0.9492540776132409,0.7195558840956663,1.2522770277917206,STABLE
4.995280561122246,0.9483904113214058,0.7164340147420335,1.2554462152529822,STABLE
5.101563126252506,0.9475410956364216,0.7134494307357384,1.2584411581826997,STABLE
5.207845691382767,0.9467063817608874,0.7106024072465175,1.2612580032477554,STABLE
5.314128256513027,0.9458865205454493,0.7078931903232556,1.263893087233988,STABLE
5.420410821643288,0.945081762530832,0.7053219942299469,1.2663429542467837,STABLE
5.526693386773548,0.9442923579905715,0.7028889981477388,1.2686043738188826,STABLE
5.632975951903809,0.9435185569744544,0.7005943421730453,1.2706743599925798,STABLE
5.739258517034069,0.942760609352664,0.6984381225332893,1.2725501914518478,STABLE
5.84554108216433,0.9420187648606377,0.6964203859324091,1.2742294327893036,STABLE
5.9518236472945905,0.9412932731446372,0.694541122927775,1.2757099570034853,STABLE
6.0581062124248515,0.9405843838080352,0.6928002602284793,1.2769899693336946,STABLE
6.164388777555112,0.9398923464583238,0.6911976517920165,1.278068032552794,STABLE
6.270671342685373,0.9392174107548451,0.68973306858206,1.2789430938529598,STABLE
6.376953907815633,0.9385598264572543,0.6884061868342676,1.2796145134755232,STABLE
6.483236472945894,0.937919843474713,0.6872165746597816,1.2800820952537963,STABLE
6.589519038076154,0.937297711915825,0.6861636767972765,1.2803461192571943,STABLE
6.695801603206415,0.9366936821393154,0.6852467973040542,1.2804073767460387,STABLE
6.802084168336675,0.9361080048054609,0.6844650799549122,1.2802672076690678,STABLE
6.908366733466935,0.9355409309282787,0.6838174860944424,1.2799275409597688,STABLE
7.014649298597196,0.9349927119284794,0.6833027696644167,1.2793909379128008,STABLE
7.120931863727456,0.9344635996871916,0.6829194491034166,1.2786606389476385,STABLE
7.227214428857717,0.9339538463996416,0.6826657745572878,1.2777406158531335,STABLE
7.3334969939879775,0.9334635004993803,0.6825384511001659,1.2766373899668857,STABLE
7.4397795591182385,0.9329920224643022,0.6825303574962633,1.275363219264272,STABLE
7.546062124248499,0.9325387694716805,0.6826335984330519,1.273931664898916,STABLE
7.65234468937876,0.9321031009858317,0.6828401441833927,1.2723566390585008,STABLE
7.75862725450902,0.9316843786376654,0.6831418150788765,1.270652391988665,STABLE
7.864909819639281,0.9312819661087054,0.6835302673523639,1.2688334984180076,STABLE
7.971192384769541,0.9308952290195478,0.6839969806542913,1.2669148430778525,STABLE
8.077474949899802,0.9305235348227214,0.6845332475841196,1.264911604972947,STABLE
8.183757515030063,0.9301662526999198,0.6851301656159011,1.2628392400209485,STABLE
8.290040080160322,0.9298227534635755,0.6857786318338246,1.2607134616409053,STABLE
8.396322645290583,0.9294924094627479,0.6864693409278118,1.2585502188359452,STABLE
8.502605210420844,0.9291745944933005,0.6871927869283695,1.2563656712854638,STABLE
8.608887775551104,0.9288686837123419,0.6879392691810704,1.2541761609401665,STABLE
8.715170340681365,0.9285740535569088,0.6886989030708472,1.2519981796027462,STABLE
8.821452905811626,0.9282900816668711,0.6894616360009355,1.2498483319816174,STABLE
8.927735470941887,0.9280161468120376,0.6902172691066945,1.247743293729056,STABLE
9.034018036072146,0.9277516288234461,0.6909554851364073,1.24569976402262,STABLE
9.140300601202407,0.9274959085288207,0.6916658828554639,1.2437344123238574,STABLE
9.246583166332668,0.9272483676921803,0.692338018223546,1.2418638190546385,STABLE
9.352865731462929,0.9270083889575851,0.6929614524540163,1.2401044100714418,STABLE
9.459148296593188,0.9267753557970069,0.6935258068897548,1.2384723849925952,STABLE
9.56543086172345,0.9265486524623113,0.6940208244212851,1.2369836396416287,STABLE
9.67171342685371,0.9263276639413416,0.6944364369350501,1.235653683107758,STABLE
9.777995991983971,0.9261117759180912,0.6947628380190171,1.2344975501851532,STABLE
9.88427855711423,0.9259003747369599,0.6949905598796415,1.2335297102258604,STABLE
9.990561122244491,0.9256928473710777,0.695110553152081,1.2327639737135356,STABLE
10.096843687374752,0.9254885813946964,0.6951142680306697,1.2322133981202872,STABLE
10.203126252505012,0.9252869649596345,0.6949937349271839,1.2318901948287537,STABLE
10.309408817635273,0.9250873867757706,0.6947416426990585,1.2318056390673642,STABLE
10.415691382765534,0.92488923609558,0.6943514123959789,1.2319699849010053,STABLE
10.521973947895795,0.9246919027027047,0.6938172644657243,1.2323923873274987,STABLE
10.628256513026054,0.924494776904553,0.6931342774483588,1.2330808334428056,STABLE
10.734539078156315,0.9242972495289209,0.6922984363749707,1.2340420844515656,STABLE
10.840821643286576,0.9240987119246316,0.6913066693687583,1.2352816300188807,STABLE
10.947104208416837,0.9238985559661838,0.6901568713101537,1.2368036560963258,STABLE
11.053386773547096,0.9236961740624056,0.6888479138545843,1.23861102692929,STABLE
11.159669338677357,0.9234909591691061,0.6873796415565407,1.240705281488796,STABLE
11.265951903807618,0.9232823048057198,0.6857528543285988,1.2430866440971247,STABLE
11.37223446893788,0.9230696050759348,0.6839692769200822,1.2457540485617458,STABLE
11.478517034068139,0.9228522546923008,0.6820315165103379,1.2487051747230427,STABLE
11.5847995991984,0.9226296490048066,0.6799430098538015,1.251936495980397,STABLE
11.69108216432866,0.9224011840334222,0.6777079616722208,1.2554433361043609,STABLE
11.797364729458922,0.9221662565045936,0.675331276154865,1.259219933478524,STABLE
11.903647294589181,0.9219242638916841,0.672818483499116,1.2632595108444882,STABLE
12.009929859719442,0.9216746044593513,0.6701756634070025,1.26755434864158,STABLE
12.116212424849703,0.9214166773118488,0.6674093673590369,1.2720958601284935,STABLE
12.222494989979962,0.9211498824452405,0.6645265413298802,1.2768746666322615,STABLE
12.328777555110223,0.9208736208035185,0.6615344504077172,1.281880671473931,STABLE
12.435060120240484,0.9205872943386063,0.6584406065478031,1.2871031313530452,STABLE
12.541342685370745,0.9202903060742378,0.6552527004465064,1.2925307242184443,STABLE
12.647625250501005,0.9199820601736917,0.6519785382792136,1.298151612897062,STABLE
12.753907815631266,0.9196619620113698,0.6486259838149204,1.3039535039841041,STABLE
12.860190380761527,0.9193294182481967,0.6452029062104607,1.3099237017089325,STABLE
12.966472945891788,0.918983836910823,0.641717133603541,1.3160491566757788,STABLE
13.072755511022047,0.9186246274746132,0.6381764124688467,1.322316509534213,STABLE
13.179038076152308,0.9182512009503927,0.6345883725761123,1.3287121297604725,STABLE
13.285320641282569,0.9178629699749332,0.6309604972921801,1.3352221498283114,STABLE
13.39160320641283,0.9174593489051482,0.6273000988984626,1.3418324951192218,STABLE
13.497885771543089,0.9170397539159746,0.6236142985479031,1.3485289099696172,STABLE
13.60416833667335,0.9166036031019084,0.6199100104581112,1.3552969802802894,STABLE
13.710450901803611,0.9161503165821668,0.6161939299263908,1.3621221531245353,STABLE
13.81673346693387,0.9156793166094424,0.6124725247545132,1.3689897537892077,STABLE
13.923016032064131,0.9151900276822154,0.608752029683286,1.3758850006705297,STABLE
14.029298597194392,0.914681876660588,0.605038443456472,1.3827930184266473,STABLE
14.135581162324653,0.9141542928856021,0.6013375281581432,1.3896988497637948,STABLE
14.241863727454913,0.9136067083020002,0.5976548104951632,1.396587466204576,STABLE
14.348146292585174,0.9130385575843856,0.5939955847256281,1.4034437781567706,STABLE
14.454428857715435,0.912449278266739,0.5903649169635932,1.4102526445704022,STABLE
14.560711422845696,0.911838310875243,0.5867676506193054,1.416998882440539,STABLE
14.666993987975955,0.9112050990643646,0.5832084127618573,1.4236672763839822,STABLE
14.773276553106216,0.9105490897561457,0.5796916212171943,1.4302425884901737,STABLE
14.879559118236477,0.9098697332826448,0.5762214922384832,1.4367095686205333,STABLE
14.985841683366738,0.9091664835314768,0.5728020486078453,1.4430529653061541,STABLE
15.092124248496997,0.9084387980943871,0.5694371280483144,1.4492575373714562,STABLE
15.198406813627258,0.907686138418802,0.5661303918426422,1.455308066390897,STABLE
15.30468937875752,0.9069079699622897,0.5628853335713081,1.4611893700671927,STABLE
15.410971943887779,0.9061037623498646,0.5597052878959159,1.4668863166024964,STABLE
15.51725450901804,0.9052729895340653,0.5565934393262078,1.4723838401186056,STABLE
15.6235370741483,0.9044151299577357,0.5535528309193459,1.4776669571682632,STABLE
15.729819639278562,0.9035296667194302,0.550586372869027,1.4827207843669628,STABLE
15.83610220440882,0.9026160877413709,0.5476968509495869,1.4875305571631439,STABLE
15.942384769539082,0.9016738859398701,0.5448869347866044,1.4920816497541998,STABLE
16.048667334669343,0.9007025593981393,0.5421591859307932,1.496359596146208,STABLE
16.154949899799604,0.8997016115413963,0.5395160657162666,1.50035011234658,STABLE
16.261232464929865,0.8986705513141823,0.5369599428876753,1.5040391196709377,STABLE
16.367515030060126,0.897608893359796,0.5344931009833372,1.5074127691382782,STABLE
16.473797595190383,0.8965161582017507,0.5321177454633841,1.5104574669219204,STABLE
16.580080160320644,0.8953918724271563,0.5298360105731907,1.5131599008177639,STABLE
16.686362725450905,0.8942355688719272,0.5276499659329683,1.5155070676860163,STABLE
16.792645290581167,0.8930467873843523,0.5255616207915382,1.5174863097049667,STABLE
16.898927855711428,0.8918252837694002,0.5235721863007775,1.5190882128208845,STABLE
17.00521042084169,0.8905713383642622,0.5216809791825746,1.5203109570118003,STABLE
17.11149298597195,0.8892853132797176,0.5198870012163134,1.5211543403947494,STABLE
17.217775551102207,0.8879675728263254,0.5181892281705612,1.5216186819914874,STABLE
17.324058116232468,0.8866184834085952,0.5165866151208391,1.5217048063428353,STABLE
17.43034068136273,0.8852384134198223,0.5150781009462303,1.521414028580202,STABLE
17.53662324649299,0.8838277331376189,0.5136626120891121,1.5207481398853784,STABLE
17.64290581162325,0.8823868146201671,0.5123390656513217,1.519709393281782,STABLE
17.749188376753512,0.8809160316032288,0.5111063718903579,1.5183004897110743,STABLE
17.855470941883773,0.8794157593979334,0.5099634361706086,1.5165245643585938,STABLE
17.961753507014034,0.8778863747893753,0.5089091604169331,1.5143851731995437,STABLE
18.06803607214429,0.876328255936048,0.5079424441110915,1.5118862797454233,STABLE
18.174318637274553,0.8747417822701357,0.5070621848653715,1.5090322419769722,STABLE
18.280601202404814,0.8731273343986931,0.5062672786022463,1.5058277994559386,STABLE
18.386883767535075,0.8714852940057336,0.505556619363877,1.5022780606134554,STABLE
18.493166332665336,0.8698160437552512,0.5049290987707127,1.49838849021771,STABLE
18.599448897795597,0.8681199671951978,0.5043836051442401,1.4941648970280719,STABLE
18.705731462925858,0.8663974486624366,0.5039190223050478,1.4896134216468935,STABLE
18.812014028056115,0.8646488731886973,0.5035342280537414,1.4847405245839456,STABLE
18.918296593186376,0.8628746264075458,0.503228092338815,1.4795529745518792,STABLE
19.024579158316637,0.8610750944623946,0.5029994751123323,1.4740578370143178,STABLE
19.1308617234469,0.8592506639155703,0.5028472238711197,1.4682624630111873,STABLE
19.23714428857716,0.8574017216584533,0.5027701708781355,1.4621744782887427,STABLE
19.34342685370742,0.8555286548227125,0.5027671300556715,1.4558017727644867,STABLE
19.44970941883768,0.853631850692646,0.502836893539086,1.4491524903597996,STABLE
19.555991983967942,0.8517116966186471,0.5029782278767889,1.4422350192356912,STABLE
19.6622745490982,0.8497685799318087,0.5031898698592169,1.4350579824696288,STABLE
19.76855711422846,0.8478028878596806,0.5034705219565052,1.4276302292139136,STABLE
19.874839679358722,0.8458150074431943,0.5038188473414703,1.4199608263786456,STABLE
19.981122244488983,0.8438053254547662,0.5042334644713733,1.4120590508848434,STABLE
20.087404809619244,0.8417742283175917,0.5047129411986957,1.4039343825359163,STABLE
20.193687374749505,0.8397221020261441,0.5052557883778702,1.3955964975582853,STABLE
20.299969939879766,0.8376493320678831,0.5058604529315377,1.3870552628646218,STABLE
20.406252505010023,0.83555630334619,0.5065253103364965,1.3783207310958463,STABLE
20.512535070140284,0.8334434001045323,0.5072486564860874,1.369403136500679,STABLE
20.618817635270545,0.8313110058518708,0.508028698882369,1.3603128917141432,STABLE
20.725100200400806,0.8291595032893145,0.5088635471081462,1.3510605854989073,STABLE
20.831382765531067,0.8269892742380311,0.5097512025258217,1.3416569815156083,STABLE
20.93766533066133,0.8248006995684203,0.510689547147262,1.3321130181902583,STABLE
21.04394789579159,0.8225941591305544,0.5116763316165639,1.322439809748275,STABLE
21.15023046092185,0.8203700316858936,0.512709162246003,1.3126486484854323,STABLE
21.256513026052108,0.8181286948402772,0.5137854870447943,1.3027510083458225,STABLE
21.36279559118237,0.8158705249781977,0.5149025806809484,1.2927585498753924,STABLE
21.46907815631263,0.8135958971983612,0.5160575283189011,1.282683126616375,STABLE
21.57536072144289,0.8113051852505336,0.5172472082802537,1.272536793002408,STABLE
21.681643286573152,0.8089987614736777,0.5184682734825623,1.262331813805684,STABLE
21.787925851703413,0.806676996735383,0.5197171316224641,1.2520806751752847,STABLE
21.894208416833674,0.8043402603725867,0.5209899240855068,1.2417960972889344,STABLE
22.000490981963935,0.8019889201335887,0.5222825035870496,1.231491048617597,STABLE
22.106773547094193,0.7996233421213587,0.5235904105779015,1.2211787617722227,STABLE
22.213056112224454,0.7972438907381368,0.5249088484866201,1.2108727508629218,STABLE
22.319338677354715,0.7948509286313248,0.5262326579194581,1.200586830250997,STABLE
22.425621242484976,0.7924448166406654,0.5275562900009231,1.19033513451154,STABLE
22.531903807615237,0.7900259137467117,0.5288737791151198,1.1801321393463715,STABLE
22.638186372745498,0.7875945770205783,0.5301787154028416,1.1699926830915912,STABLE
22.74446893787576,0.7851511615749753,0.531464217484203,1.159931988348503,STABLE
22.850751503006016,0.7826960205165194,0.532722906013572,1.149965683129061,STABLE
22.957034068136277,0.7802295048993185,0.5339468788342899,1.1401098207456015,STABLE
23.06331663326654,0.7777519636798257,0.5351276886857946,1.1303808974889293,STABLE
23.1695991983968,0.7752637436729558,0.5362563246242956,1.1207958669296711,STABLE
23.27588176352706,0.7727651895094626,0.5373231985468231,1.1113721494486297,STABLE
23.38216432865732,0.7702566435945657,0.5383181384506812,1.1021276353591072,STABLE
23.488446893787582,0.7677384460678263,0.5392303903051919,1.0930806797388428,STABLE
23.594729458917843,0.7652109347642605,0.5400486306437177,1.084250086857627,STABLE
23.7010120240481,0.7626744451766864,0.5407609921784534,1.0756550818917279,STABLE
23.807294589178362,0.7601293104192949,0.5413551048682864,1.0673152674880433,STABLE
23.913577154308623,0.7575758611924392,0.5418181548939176,1.0592505627166258,STABLE
24.019859719438884,0.755014425748632,0.5421369638710752,1.0514811220732376,STABLE
24.126142284569145,0.7524453298597437,0.5422980903154132,1.0440272325105155,STABLE
24.232424849699406,0.7498688967853921,0.5422879548165089,1.0369091870322007,STABLE
24.338707414829667,0.7472854472425153,0.5420929895470217,1.0301471342159956,STABLE
24.444989979959924,0.7446952993761159,0.5416998116085263,1.023760904154898,STABLE
24.551272545090185,0.7420987687311701,0.5410954183089863,1.0177698127132204,STABLE
24.657555110220446,0.7394961682256893,0.5402674008291228,1.012192447631016,STABLE
24.763837675350707,0.7368878081249243,0.5392041709643501,1.0070464417810603,STABLE
24.87012024048097,0.734273996016702,0.5378951938727975,1.00234824063856,STABLE
24.97640280561123,0.7316550367878832,0.5363312182069868,0.9981128725765924,STABLE
25.08268537074149,0.7290312326019314,0.5345044938684673,0.9943537317384676,STABLE
25.18896793587175,0.7264028828775789,0.5324089671058339,0.9910823837570105,STABLE
25.29525050100201,0.7237702842685821,0.5300404429384079,0.9883084043288677,STABLE
25.40153306613227,0.7211337306445508,0.5273967060117049,0.9860392595280753,STABLE
25.50781563126253,0.7184935130728419,0.5244775929500315,0.9842802347839045,STABLE
25.614098196392792,0.7158499198015053,0.5212850119214867,0.983034416798085,STABLE
25.720380761523053,0.7132032362432655,0.517822908221269,0.9823027295859111,STABLE
25.826663326653314,0.7105537449605346,0.5140971778904613,0.9820840226145273,STABLE
25.932945891783575,0.7079017256514344,0.5101155343802679,0.9823752060189426,STABLE
26.039228456913833,0.7052474551368227,0.505887335743281,0.9831714254048131,STABLE
26.145511022044094,0.7025912073483055,0.5014233815641245,0.9844662670163521,STABLE
26.251793587174355,0.699933253317225,0.49673568972353593,0.986251983166134,STABLE
26.358076152304616,0.6972738611646092,0.49183726313059445,0.9885197277830238,STABLE
26.464358717434877,0.6946132960920682,0.4867418558651323,0.9912597926272776,STABLE
26.570641282565138,0.691951820373627,0.4814637469223656,0.9944618359720044,STABLE
26.6769238476954,0.6892896933484777,0.4760175281517073,0.9981150971504079,STABLE
26.78320641282566,0.6866271714146401,0.4704179112355769,1.0022085921145387,STABLE
26.889488977955917,0.6839645080235152,0.4646795568367417,1.0067312868687408,STABLE
26.995771543086178,0.6813019536753181,0.45881692748530517,1.0116722471985768,STABLE
27.10205410821644,0.6786397559153778,0.45284416446160497,1.0170207644310545,STABLE
27.2083366733467,0.6759781593312877,0.44677498789716624,1.0227664579962805,STABLE
27.31461923847696,0.6733174055508936,0.44062261856477386,1.0288993563119608,STABLE
27.420901803607222,0.6706577332411067,0.4343997193376523,1.0354099580034277,STABLE
27.527184368737483,0.6679993781075244,0.42811835402867093,1.0422892757411564,STABLE
27.63346693386774,0.6653425728948484,0.4217899612289713,1.049528865069467,STABLE
27.739749498998002,0.6626875473880816,0.4154253408069089,1.0571208405588128,STABLE
27.846032064128263,0.6600345284144947,0.40903465086223667,1.0650578814802425,STABLE
27.952314629258524,0.6573837398463432,0.40262741312270706,1.073333229008575,STABLE
28.058597194388785,0.6547354026043254,0.39621252499346665,1.0819406767378612,STABLE
28.164879759519046,0.6520897346617619,0.389798276703141,1.0908745560593718,STABLE
28.271162324649307,0.6494469510494888,0.38339237221986133,1.100129717723234,STABLE
28.377444889779568,0.6468072638614444,0.37700195282602195,1.1097015106895,STABLE
28.483727454909825,0.6441708822609389,0.37063362243665526,1.1195857591785436,STABLE
28.590010020040086,0.6415380124875921,0.36429347392017913,1.1297787386570362,STABLE
28.696292585170347,0.6389088578649248,0.3579871158312572,1.1402771513449559,STABLE
28.80257515030061,0.6362836188085896,0.3517196990943116,1.1510781017005094,STABLE
28.90885771543087,0.6336624928352289,0.3454959432844249,1.1621790722318375,STABLE
29.01514028056113,0.6310456745719424,0.3393201622419746,1.1735778998949722,STABLE
29.12142284569139,0.6284333557663554,0.3331962888306188,1.1852727532644445,STABLE
29.22770541082165,0.6258257252972697,0.3271278987073879,1.197262110603984,STABLE
29.33398797595191,0.6232229691858846,0.3211182330207811,1.209544738917813,STABLE
29.44027054108217,0.6206252706075773,0.31517021998983974,1.2221196740261362,STABLE
29.546553106212432,0.6180328099042234,0.3092864953458877,1.234986201679913,STABLE
29.652835671342693,0.6154457645970497,0.3034694216405226,1.248143839708261,STABLE
29.759118236472954,0.6128643094000018,0.2977211064397612,1.2615923211757174,STABLE
29.865400801603215,0.6102886162336156,0.29204341943611584,1.2753315785148682,STABLE
29.971683366733476,0.6077188542393794,0.2864380085186851,1.2893617285917283,STABLE
30.077965931863734,0.6051551897945704,0.28090631484685336,1.303683058655898,STABLE
30.184248496993995,0.6025977865275575,0.27544958697653105,1.3182960131243575,STABLE
30.290531062124256,0.6000468053335536,0.27006889408951523,1.3332011811462516,STABLE
30.396813627254517,0.5975024043908062,0.2647651383769296,1.3483992848958186,STABLE
30.503096192384778,0.5949647391772129,0.2595390666271416,1.3638911685412944,STABLE
30.60937875751504,0.592433962487351,0.25439128106729053,1.3796777878390603,STABLE
30.7156613226453,0.5899102244499058,0.24932224950582646,1.3957602003041683,STABLE
30.821943887775557,0.5873936725454879,0.244332314821384,1.412139555910591,STABLE
30.928226452905818,0.5848844516248259,0.23942170384104863,1.4288170882769498,STABLE
31.03450901803608,0.5823827039273234,0.2345905356486938,1.4457941062959883,STABLE
31.14079158316634,0.579888569099967,0.2298388293616432,1.4630719861686083,STABLE
31.2470741482966,0.5774021842165749,0.22516651141151875,1.480652163805813,STABLE
31.353356713426862,0.5749236837973736,0.2205734223627811,1.4985361275643712,STABLE
31.459639278557123,0.5724531998288914,0.2160593233002049,1.5167254112844202,STABLE
31.565921843687384,0.5699908617841573,0.21162390181436322,1.5352215875994943,STABLE
31.67220440881764,0.567536796643194,0.2072667776121413,1.5540262614916547,STABLE
31.778486973947903,0.5650911289137944,0.20298750777735525,1.5731410640664558,STABLE
31.884769539078164,0.5626539806525697,0.19878559170474394,1.5925676465243899,STABLE
31.991052104208425,0.5602254714862587,0.19466047572888942,1.6123076743073126,STABLE
32.097334669338686,0.5578057186332884,0.19061155746805292,1.632362821400001,STABLE
32.20361723446894,0.5553948369255746,0.18663818990143463,1.6527347647686037,STABLE
32.30989979959921,0.5529929388305509,0.18273968519701134,1.6734251789192136,STABLE
32.416182364729465,0.5506001344734205,0.1789153183058477,1.694435730561144,STABLE
32.52246492985973,0.5482165316596127,0.1751643303376089,1.7157680733608067,STABLE
32.62874749498999,0.5458422358974448,0.17148593173094545,1.7374238427732,STABLE
32.73503006012025,0.5434773504209687,0.16787930523141573,1.7594046509392118,STABLE
32.84131262525051,0.5411219762130011,0.16434360868872422,1.7817120816378536,STABLE
32.94759519038077,0.5387762120283234,0.1608779776841973,1.8043476852836051,STABLE
33.05387775551103,0.5364401544170434,0.1574815279986666,1.8273129739598284,STABLE
33.16016032064129,0.5341138977481105,0.1541533579302126,1.8506094164801021,STABLE
33.26644288577155,0.5317975342329719,0.1508925504705707,1.8742384334700903,STABLE
33.37272545090181,0.5294911507953856,0.1476981689052075,1.8982014526568503,STABLE
33.479008016032076,0.5271947677002433,0.14456913579806213,1.9225011034079866,STABLE
33.58529058116233,0.5249083439317335,0.1415042556568602,1.9471412237756063,STABLE
33.69157314629259,0.522631836296633,0.13850234070282072,1.9721257772593568,STABLE
33.797855711422855,0.520365201789046,0.1355622164374487,1.9974588078374935,STABLE
33.90413827655311,0.5181083975895925,0.13268272221310978,2.023144439422213,STABLE
34.01042084168338,0.5158613810645972,0.12986271172524982,2.049186875420313,STABLE
34.116703406813635,0.5136241097652866,0.12710105343357284,2.0755903983916135,STABLE
34.2229859719439,0.5113965414269854,0.12439663091879734,2.1023593697983642,STABLE
34.32926853707416,0.5091786339683189,0.12174834318101398,2.1294982298393528,STABLE
34.435551102204414,0.5069703454904171,0.11915510488510092,2.1570114973631345,STABLE
34.54183366733468,0.5047716342761243,0.11661584655816537,2.184903769855185,STABLE
34.648116232464936,0.5025824587892106,0.11412951474352205,2.2131797234943167,STABLE
34.7543987975952,0.500402777673587,0.11169507211531325,2.241844113274101,STABLE
34.86068136272546,0.4982325497525242,0.10931149755751114,2.2709017731853804,STABLE
34.96696392785572,0.4960717340278749,0.10697778621069998,2.300357616456349,STABLE
35.07324649298598,0.4939202896792996,0.10469294948974286,2.33021663584695,STABLE
35.179529058116245,0.49177817606349405,0.10245601507515532,2.360483903994646,STABLE
35.2858116232465,0.48964535271342374,0.10026602688076516,2.3911645738088656,STABLE
35.39209418837676,0.48752177933755714,0.09812204500000517,2.4222638789116675,STABLE
35.498376753507024,0.4854074158191061,0.09602314563298714,2.453787134122371,STABLE
35.60465931863728,0.4833022222152675,0.09396842099631242,2.4857397359840934,STABLE
35.710941883767546,0.4812061587564682,0.09195697921740588,2.518127163330362,STABLE
35.817224448897804,0.47911918584561464,0.08998794421500815,2.550954977890022,STABLE
35.92350701402807,0.4770412640573441,0.08806045556731429,2.5842288249289513,STABLE
36.029789579158326,0.4749723541372804,0.08617366836912349,2.617954433927097,STABLE
36.13607214428858,0.4729124170012919,0.08432675307924298,2.6521376192895807,STABLE
36.24235470941885,0.4708614137347533,0.08251889535928468,2.6867842810906533,STABLE
36.348637274549105,0.46881930559181095,0.08074929590489423,2.721900405849436,STABLE
36.45491983967937,0.4667860539946499,0.07901717027036106,2.757492067336475,STABLE
36.56120240480963,0.46476162053276643,0.0773217486874802,2.7935654274101807,STABLE
36.66748496993989,0.4627459669622409,0.07566227587945568,2.8301267368823946,STABLE
36.77376753507015,0.460739055205017,0.07403801087057461,2.8671823364122777,STABLE
36.88005010020041,0.4587408473481808,0.07244822679230915,2.904738657427939,STABLE
36.98633266533067,0.4567513056432456,0.07089221068645486,2.9428022230751263,STABLE
37.09261523046093,0.4547703925054384,0.06936926330585519,2.9813796491924682,STABLE
37.19889779559119,0.45279807051298976,0.06787869891321542,3.0204776453128153,STABLE
37.30518036072145,0.45083430240642747,0.06641984507846688,3.0601030156901654,STABLE
37.411462925851716,0.4488790510878715,0.06499204247509739,3.1002626603518824,STABLE
37.51774549098197,0.4469322796203348,0.06359464467583231,3.140963576175762,STABLE
37.62402805611223,0.4449939512270241,0.0622270179480094,3.182212857991753,STABLE
37.730310621242495,0.44306402929064564,0.060888541048966356,3.224017699707959,STABLE
37.83659318637275,0.4411424773527139,0.05957860502172542,3.2663853954607722,STABLE
37.94287575150302,0.4392292591128619,0.05829661299123535,3.309323340788917,STABLE
38.049158316633275,0.4373243384281566,0.05704197996140747,3.3528390338312124,STABLE
38.15544088176354,0.43542767931241483,0.05581413261315631,3.396940076547994,STABLE
38.2617234468938,0.43353924593552456,0.054612509103641155,3.441634175965955,STABLE
38.36800601202406,0.4316590026227676,0.05343655886687757,3.4869291454464912,STABLE
38.47428857715432,0.4297869138541455,0.05228574241587865,3.5328329059773314,STABLE
38.580571142284576,0.4279229442637088,0.0511595311464635,3.5793534874875337,STABLE
38.68685370741484,0.42606705863888855,0.05005740714285962,3.6264990301857596,STABLE
38.7931362725451,0.424219221919832,0.048978862985210016,3.6742777859218614,STABLE
38.89941883767536,0.42237939919873885,0.04792340155908413,3.722698119571818,STABLE
39.00570140280562,0.4205475557192034,0.046890535867081376,3.771768510446003,STABLE
39.111983967935885,0.41872365687555646,0.04587978884260257,3.821497553720934,STABLE
39.21826653306614,0.41690766821221303,0.04489069316585853,3.871893961894463,STABLE
39.3245490981964,0.41509955542302013,0.04392279108217258,3.922966566264623,STABLE
39.430831663326664,0.4132992843506091,0.04297563422262862,3.974724318432119,STABLE
39.53711422845692,0.4115068209857514,0.04204878342710724,4.027176291826642,STABLE
39.643396793587186,0.40972213146671443,0.04114180856974423,4.080331683257144,STABLE
39.749679358717444,0.4079451820786229,0.04025428838684344,4.134199814486166,STABLE
39.85596192384771,0.40617593925282147,0.03938581030726535,4.1887901338284435,STABLE
39.962244488977966,0.4044143695662412,0.03853597028531137,4.244112217773857,STABLE
40.06852705410822,0.4026604397407675,0.03770437263611571,4.300175772635037,STABLE
40.17480961923849,0.40091411664261123,0.03689062987355497,4.3569906362196855,STABLE
40.281092184368745,0.3991753672816844,0.03609436255068017,4.414566779527874,STABLE
40.38737474949901,0.39744415881097467,0.03531519910267078,4.472914308474537,STABLE
40.49365731462927,0.3957204585259264,0.03455277569231059,4.532043465637354,STABLE
40.59993987975953,0.3940042338638225,0.033806736057978286,4.5919646320302405,STABLE
40.70622244488979,0.3922954524031688,0.03307673136414492,4.652688328902699,STABLE
40.81250501002005,0.39059408186308237,0.03236242005436733,4.714225219565297,STABLE
40.91878757515031,0.38890009010268056,0.03166346770676421,4.776586111241481,STABLE
41.02507014028057,0.3872134451204755,0.03097954689195935,4.8397819569460045,STABLE
41.13135270541083,0.3855341150537678,0.03031033703347448,4.903823857390266,STABLE
41.23763527054109,0.3838620681780454,0.029655524270552906,4.968723062914819,STABLE
41.343917835671355,0.38219727290638456,0.029014801323393142,5.034490975449309,STABLE
41.45020040080161,0.3805396977888529,0.02838786736077026,5.101139150500182,STABLE
41.55648296593188,0.3788893115119148,0.027774427870021583,5.1686792991664685,STABLE
41.662765531062135,0.37724608289784073,0.02717419452937264,5.237123290183869,STABLE
41.76904809619239,0.37560998090411735,0.02658688508257719,5.306483151997571,STABLE
41.87533066132266,0.373980974622862,0.026012223215845467,5.376771074864077,STABLE
41.981613226452914,0.3723590332802378,0.025449938437033366,5.447999412982293,STABLE
42.08789579158318,0.370744126235873,0.024899765957064272,5.5201806866544,STABLE
42.19417835671344,0.3691362229822825,0.0243614465735561,5.593327584476645,STABLE
42.3004609218437,0.3675352931442903,0.023834726556623102,5.667452965560592,STABLE
42.40674348697396,0.36594130647845674,0.023319357536824875,5.742569861785017,STABLE
42.513026052104216,0.364354232872507,0.022815096395231188,5.8186914800790115,STABLE
42.61930861723448,0.36277404234476157,0.02232170515557378,5.895831204736473,STABLE
42.72559118236474,0.36120070504357066,0.021838950878454524,5.9740025997624855,STABLE
42.831873747495,0.35963419124674983,0.02136660555757941,6.053219411251967,STABLE
42.93815631262526,0.35807447136101883,0.020904446017988257,6.1334955698009015,STABLE
43.044438877755525,0.3565215159214421,0.020452253816249027,6.214845192950713,STABLE
43.15072144288578,0.35497529559087265,0.020009815142586977,6.29728258766595,STABLE
43.25700400801604,0.3534357811593974,0.01957692072491717,6.380822252845997,STABLE
43.363286573146304,0.3519029435437856,0.019153365734750544,6.465478881870971,STABLE
43.46956913827656,0.35037675378693917,0.018738949694942948,6.551267365182345,STABLE
43.575851703406826,0.3488571830573462,0.018333476389256458,6.63820279289882,STABLE
43.682134268537084,0.347344202648536,0.017936753773703552,6.726300457467672,STABLE
43.78841683366735,0.3458377839785364,0.017548593889643388,6.815575856352287,STABLE
43.894699398797606,0.34433789858933433,0.017168812778601064,6.906044694756102,STABLE
44.00098196392787,0.3428445181463384,0.016797230398779894,6.997722888383605,STABLE
44.10726452905813,0.3413576144378425,0.016433670543237494,7.090626566238738,STABLE
44.213547094188385,0.3398771593744943,0.01607796075969681,7.1847720734612475,STABLE
44.31982965931865,0.33840312498876346,0.015729932271962833,7.280175974201503,STABLE
44.42611222444891,0.3369354834344144,0.015389419902917164,7.376855054534122,STABLE
44.53239478957917,0.3354742069859787,0.015056261999061304,7.474826325411168,STABLE
44.63867735470943,0.33401926803823323,0.014730300356581905,7.574107025655118,STABLE
44.744959919839694,0.3325706391056768,0.01441138014890916,7.674714624992403,STABLE
44.85124248496995,0.3311282928220125,0.014099349855742222,7.7766668271278565,STABLE
44.95752505010021,0.32969220193962945,0.013794061193513823,7.879981572860675,STABLE
45.06380761523047,0.328262339329089,0.013495369047268032,7.984677043242468,STABLE
45.17009018036073,0.3268386779786117,0.013203131403924834,8.090771662777795,STABLE
45.276372745490995,0.3254211909935672,0.012917209286905363,8.198284102668007,STABLE
45.38265531062125,0.3240098515959661,0.012637466692092652,8.307233284098642,STABLE
45.48893787575152,0.3226046331239542,0.012363770525102357,8.41763838157126,STABLE
45.595220440881775,0.3212055090313089,0.012095990539839058,8.529518826280015,STABLE
45.70150300601203,0.31981245288693705,0.011833999278313134,8.642894309533766,STABLE
45.8077855711423,0.3184254383743766,0.011577672011694694,8.757784786224228,STABLE
45.914068136272554,0.317044439291299,0.011326886682580532,8.874210478340721,STABLE
46.02035070140282,0.31566942954901384,0.011081523848450604,8.99219187853233,STABLE
46.12663326653308,0.314300383171977,0.01084146662629159,9.111749753717747,STABLE
46.23291583166334,0.3129372742972987,0.010606600638364149,9.232905148743905,STABLE
46.3391983967936,0.31158007717425573,0.010376813959092348,9.355679390093538,STABLE
46.445480961923856,0.310228766163805,0.010151997063052781,9.480094089642703,STABLE
46.55176352705412,0.30888331573809874,0.00993204277404221,9.606171148468771,STABLE
46.65804609218438,0.30754370048000246,0.009716846215202328,9.733932760709436,STABLE
46.76432865731464,0.3062098950826151,0.009506304760180953,9.863401417473739,STABLE
46.8706112224449,0.3048818743487905,0.009300317985309075,9.994599910805373,STABLE
46.976893787575165,0.30355961319066127,0.009098787622773614,10.12755133769942,STABLE
47.08317635270542,0.3022430866291659,0.008901617514766359,10.262279104172803,STABLE
47.18945891783569,0.30093226979357524,0.008708713568589183,10.398806929389455,STABLE
47.295741482965944,0.2996271379210244,0.00851998371269698,10.537158849840816,STABLE
47.4020240480962,0.29832766635604335,0.008335337853659145,10.677359223582362,STABLE
47.508306613226466,0.29703383055009247,0.00815468783402141,10.819432734527084,STABLE
47.614589178356724,0.2957456060610979,0.007977947391049888,10.963404396796323,STABLE
47.72087174348699,0.29446296855299015,0.0078050321163394545,11.109299559129212,STABLE
47.827154308617246,0.2931858937952445,0.0076358594162693255,11.257143909350964,STABLE
47.93343687374751,0.291914357662423,0.007470348473288215,11.406963478901343,STABLE
48.03971943887777,0.29064833613371893,0.007308420208012872,11.558784647423558,STABLE
48.146002004008025,0.2893878052925028,0.007149997242122959,11.712634147414873,STABLE
48.25228456913829,0.28813274132587036,0.0069950038620363655,11.868539068939448,STABLE
48.35856713426855,0.28688312052419357,0.006843365983349164,12.026526864404264,STABLE
48.46484969939881,0.2856389192806717,0.0066950111160241615,12.186625353399286,STABLE
48.57113226452907,0.28440011409088634,0.006549868330313433,12.348862727602132,STABLE
48.677414829659334,0.283166681552356,0.006407868223399091,12.513267555748776,STABLE
48.78369739478959,0.28193859836409607,0.006268942886738283,12.679868788670552,STABLE
48.88997995991985,0.2807158413261761,0.006133025874097315,12.848695764398872,STABLE
48.99626252505011,0.2794983873392838,0.006000052170261282,13.019778213338174,STABLE
49.10254509018037,0.2782862134042874,0.005869958160405028,13.193146263508124,STABLE
49.208827655310635,0.27707929662180136,0.00574268160011176,13.368830445856187,STABLE
49.31511022044089,0.27587761419175444,0.005618161586026295,13.546861699641092,STABLE
49.42139278557116,0.27468114341295774,0.005496338527129353,13.72727137788872,STABLE
49.527675350701415,0.27348986168267714,0.005377154116620564,13.910091252920635,STABLE
49.63395791583167,0.27230374649620537,0.0052605513043971364,14.095353521957007,STABLE
49.74024048096194,0.27112277544643715,0.005146474270116193,14.283090812794363,STABLE
49.846523046092194,0.26994692622344646,0.0050348683968285575,14.473336189559236,STABLE
49.95280561122246,0.26877617661406394,0.00492568024517187,14.666123158539254,STABLE
50.05908817635272,0.26761050450145885,0.0048188575281119875,14.861485674091716,STABLE
50.16537074148298,0.2664498878647189,0.004714349086220519,15.05945814463184,STABLE
50.27165330661324,0.26529430477843713,0.004612104863478131,15.260075438700618,STABLE
50.3779358717435,0.26414373341229513,0.0045120758835918845,15.463372891114355,STABLE
50.48421843687376,0.2629981520306526,0.004414214226816536,15.66938630919622,STABLE
50.59050100200402,0.26185753899213515,0.0043184730072688025,15.878151979091319,STABLE
50.69678356713428,0.2607218727492267,0.004224806350724603,16.089706672166248,STABLE
50.80306613226454,0.2595911318478616,0.004133169372888995,16.3040876514943,STABLE
50.909348697394805,0.25846529492702036,0.004043518158128998,16.521332678427502,STABLE
51.01563126252506,0.2573443407183244,0.003955809738659538,16.74148001925654,STABLE
51.12191382765533,0.256228248045636,0.0038700020741731043,16.964568451959778,STABLE
51.228196392785584,0.25511699582465747,0.0037860540319037354,17.190637273042785,STABLE
51.33447895791584,0.2540105630625326,0.0037039253671162322,17.41972630446907,STABLE
51.440761523046106,0.2529089288574507,0.0036235767040116757,17.651875900683834,STABLE
51.547044088176364,0.25181207239825154,0.0035449695170405335,17.887126955731514,STABLE
51.65332665330663,0.25071997296403165,0.0034680661126146304,18.125520910468822,STABLE
51.759609218436886,0.2496326099237537,0.0033928296112098284,18.367099759873867,STABLE
51.86589178356715,0.24854996273585647,0.0033192239298509753,18.6119060604535,STABLE
51.97217434869741,0.24747201094786633,0.0032472137649711364,18.859982937749468,STABLE
52.078456913827665,0.24639873419601163,0.003176764575637242,19.11137409394531,STABLE
52.18473947895793,0.24533011220483739,0.003107842567134417,19.366123815574532,STABLE
52.29102204408819,0.2442661247868224,0.003040414674901318,19.624276981332514,STABLE
52.39730460921845,0.2432067518419985,0.002974448548809279,19.885879069992317,STABLE
52.50358717434871,0.24215197335756963,0.002909912537777691,20.150976168426975,STABLE
52.609869739478974,0.2411017694075352,0.002846775674718832,20.41961497973865,STABLE
52.71615230460923,0.24005612015231217,0.0027850076618049016,20.69184283149676,STABLE
52.82243486973949,0.23901500583836172,0.002724578856050638,20.96770768408632,STABLE
52.92871743486975,0.23797840679781476,0.0026654602552046752,21.247258139167947,STABLE
53.03500000000001,0.23694630344810183,0.002607623483943294,21.53054344825069,STABLE
