city,cluster,is_outlier,beta_max_abs,outlier_assigned_by,peak_lag,peak_val,early_auc,late_auc,ratio_early_late,monotone,decay_slope,n_sig,beta_lag1,pval_lag1,beta_lag2,pval_lag2,beta_lag3,pval_lag3,beta_lag4,pval_lag4,beta_lag5,pval_lag5,beta_lag6,pval_lag6,beta_lag7,pval_lag7,beta_lag8,pval_lag8,beta_lag9,pval_lag9,beta_lag10,pval_lag10,beta_lag11,pval_lag11,beta_lag12,pval_lag12
Abilene,2,0,0.8475121163884249,,4.0,0.8475121163884249,1.236651935701128,0.652979212894676,1.893858207768689,1.0,0.018285524318217568,2.0,-0.225721348712495,0.1298909661746236,-0.0014487215727106,0.9963331719294836,-0.0578353263413553,0.3294952302954055,0.8475121163884249,5.4347802368873725e-22,0.2955301382691331,0.2145900122354302,0.378615077670131,1.482924143273725e-17,-0.0124534774791537,0.7735066444823104,-0.221203378851238,0.650027182643047,0.1465214011451705,0.5816633810575451,-0.115842862432593,0.7285758378039078,0.4147853876268179,0.053889585512176,0.4411721428856723,0.0730579056266118
Amarillo,4,0,0.8942842224763594,,8.0,0.8903742903712821,2.2697733298209535,3.560974492131386,0.6212431923049486,-3.0,0.02267390672488015,11.0,0.6329667877185694,1.8350374248985487e-10,0.316797454517235,0.0480969486360862,0.1934113850272035,0.5479846763404894,0.5287535024777948,0.0161057632137034,0.3395487443241745,0.0489479396132742,0.2582954557559765,6.48802720988319e-08,0.3636559714138734,1.5806799266606399e-09,0.8942842224763594,2.3941197421528436e-14,0.8022447681371406,2.798146810085641e-28,0.4593000170100136,0.0117386335992805,0.5874673658154088,0.0188794601313032,0.546645371295056,0.001956414928665
Arlington,1,0,0.5879021044006635,,2.0,0.5879021044006635,1.649430215463777,0.3055982430234253,5.225434563169655,-3.0,-0.05141856530954497,9.0,0.4360181826966202,4.427407228572167e-25,0.5879021044006635,2.710089717025004e-26,0.2901427426397119,0.0332085279763019,0.0936946772387892,0.0004841899596410767,-0.0145189074013969,0.7605785588476512,0.2561914158893892,0.0340891072013217,0.2533700374420263,0.0931076514047403,0.2769005348524133,9.753940743636292e-11,0.1777049947400119,0.0010679725506874,-0.0165507306497502,0.8699214745033275,-0.0683054008691516,1.1398217186403222e-08,-0.3175211924921244,7.024658009636366e-12
Atlanta,3,0,2.800239152783925,,1.0,-2.800239152783925,-13.70004248349111,-12.603041664975246,-1.0870424585298364,3.0,0.04016244149980015,12.0,-2.800239152783925,4.9766520241583375e-24,-2.5416586914647032,1.833339015711202e-86,-1.9598711675814475,3.0485800026646947e-109,-2.480142565333684,4.153490011661931e-63,-1.9917897974210688,2.3354181582939263e-26,-1.926341108906283,1.0167921803869899e-31,-2.365707768695021,1.0746602822801823e-28,-2.267267695880543,3.7895977372449057e-62,-2.095417438951126,3.5006663896049852e-37,-1.903235407499037,3.1168527116340983e-139,-2.235369242520743,1.5710069199200492e-94,-1.7360441114287752,5.731102274069457e-32
Austin,2,0,0.2966664815832667,,2.0,0.2966664815832667,0.8804154742649697,0.555319725128613,1.58541800157209,1.0,-0.007901069459691636,9.0,0.222838536364031,4.235615513260406e-09,0.2966664815832667,1.5229567044476873e-141,-0.0102252680146735,0.8728661217716788,0.1051073866067336,0.0007834014332229083,0.1727064364920313,1.5824697207195502e-08,0.0933219012335805,0.0043165728799384,0.1090435071034943,0.0032390452109036,-0.0204145601334803,0.5232708349371369,0.1242336725973812,5.4115167223341245e-11,0.0495707365947019,0.2122568626742471,0.1553978840310018,0.00011618439617193826,0.1374884849355142,0.0054131893559733
Bakersfield,1,0,0.3464936754414474,,1.0,0.3464936754414474,1.564481614468461,1.2466627494981595,1.2549347128271262,-3.0,-0.011186591283284319,11.0,0.3464936754414474,5.4589768261895096e-17,0.301296186982901,4.050140782185365e-06,0.2664647567400148,4.49480950727511e-28,0.243141793740592,2.6124799498399076e-10,0.2902604517324086,0.0018811860641418,0.1168247498310972,0.0001489085502771312,0.2085761164230751,0.0353732930012282,0.1470388317511119,0.0276356798725608,0.2536953883042825,0.00025751391189016447,0.2529328801577487,3.901747275898732e-34,0.2625075995946704,0.000874216584368598,0.121911933267271,0.0769404413048904
Baltimore,1,0,0.3749735069004061,,7.0,0.3749735069004061,2.0247745553965757,1.2583856809718617,1.6090241465626662,-3.0,-0.0215593375624595,11.0,0.3660036146752941,1.1544145669231746e-13,0.3080499721651398,4.987322368661614e-09,0.3339642609308659,3.5898873418966844e-84,0.3539418522218569,1.255971448015874e-24,0.3462133547250256,1.117841457231519e-08,0.3166015006783935,0.00029731292967532884,0.3749735069004061,8.807880505146295e-07,0.2342978267069512,3.5973271515933574e-16,0.1762662791347535,2.26954958351177e-06,0.1475561732522961,0.0277958376531283,0.2375414098416269,1.806377774808241e-18,0.0877504851358279,0.1281668536034803
Boston,2,0,0.8071651303614107,,1.0,0.8071651303614107,2.8504906143321733,2.5610275562948344,1.1941490045349017,1.0,-0.029833132762705175,10.0,0.8071651303614107,1.177339763737429e-21,0.7775333327542073,2.837789915492516e-59,0.5411445546905505,2.7325875718851497e-06,0.2309896263867178,0.2360820770007457,0.2816333592056257,0.1491437431835257,0.4197836976864211,0.00033450427219738107,0.6407743956396319,3.1951619529224395e-10,0.4618951830364805,1.6455983558656533e-14,0.5219131927627313,1.5376365177578461e-18,0.2179175448194536,0.0001321663869968809,0.2566320570002141,5.932087624842509e-07,0.461895183036323,0.0371099366299153
Cape Coral,4,0,0.9685039628644176,,2.0,-0.9685039628644176,-3.264819799383993,-3.33219798256417,-0.9797793638576986,-3.0,0.005184753577637375,10.0,-0.458920047346282,0.0036293568844113,-0.9685039628644176,0.0014990703402848,-0.3183011584346253,0.0003771935130328631,-0.5451673039753727,0.0161704410883452,-0.6571265651609169,0.0083257051129557,-0.3168007616023784,0.1472848351346571,-0.5068443639044364,0.0169974967937111,-0.8845134426177207,0.0034634604111774,-0.3603837672661263,0.0639837047303873,-0.496550892657596,0.0013376081490629,-0.4185893523018328,0.0057280050586098,-0.6653161638164576,0.0036361750960276
Chandler,1,0,0.2008814118035318,,12.0,-0.2008814118035318,-0.15622315174819432,-0.4407279605923186,-0.3544653646954307,-3.0,-0.013475375395164205,2.0,0.0433522922488291,0.5975712470241462,-0.1004949442968521,0.3693757428139402,-0.0313508952114238,0.6599718840585274,-0.0797065208516883,1.565870710690592e-85,0.039271380690863,0.4751360081845723,-0.0272944643279222,0.8225464858263167,0.1402046149440093,0.13593161461288,-0.0020466109734667,0.976101581938708,-0.1261453470192982,0.3221984740806894,-0.0820422473133665,0.3826602563610374,-0.1698169584266647,0.099219188862739,-0.2008814118035318,0.0031309678265229
Charleston,3,0,0.7118307864106539,,1.0,-0.7118307864106539,-3.21147500987146,-1.8945575234504355,-1.695104674846682,3.0,0.03859172468819623,11.0,-0.7118307864106539,9.292560245653099e-08,-0.6353254332693914,1.0547442253179394e-08,-0.5118949494681405,1.6752664979090914e-10,-0.559255900899618,5.868149499534431e-33,-0.3987747068412122,4.280140511015497e-15,-0.3943932329824442,3.314900392003548e-07,-0.3446317234236329,3.488130745018399e-20,-0.3946188690026424,0.0085448332539721,-0.4158962674499541,2.294525971240937e-25,-0.221107941890875,0.1116277606810045,-0.187979703017712,1.954349087850836e-05,-0.3303230186656189,0.0040640439918023
Charlotte,4,0,0.4808025324405906,,7.0,-0.4808025324405906,-1.952086821666443,-2.1308342968791054,-0.9161134248740559,1.0,-0.0006549751115827064,12.0,-0.3745205792862431,0.0094427749438953,-0.3641658731550268,2.5998425515271068e-08,-0.2496761373256029,2.9147318963945505e-08,-0.2381750241898625,2.912798603270612e-05,-0.2612079523236368,1.538143524763376e-05,-0.4643412553860709,4.565824514590285e-06,-0.4808025324405906,1.1011029995422427e-11,-0.4441385480683932,0.0004475232732221699,-0.2252610813021021,0.0090197143127136,-0.2885101116096658,2.317829120834768e-14,-0.4006606577118746,7.828611063110947e-08,-0.2914613657464793,0.0047793119093084
Chicago,4,0,4.552097130374142,,8.0,-4.552097130374142,-18.126308741991682,-22.913341539760268,-0.9095776355279458,-1.0,-0.037642964146995764,12.0,-3.334466429313682,1.7709681475610227e-16,-3.234313661313402,8.354346377634934e-62,-3.4280573821494085,2.283870683485928e-89,-3.636787810092528,1.4014055952552265e-21,-3.819109367036957,6.991406159876537e-26,-3.388729279451064,6.536027035172292e-51,-3.4300971726105445,6.535111519622512e-37,-4.552097130374142,1.7377040008197163e-16,-4.191810648228357,8.18878816751739e-30,-3.721807020529941,3.0011766740218956e-40,-3.855338335196019,1.2898677650401042e-16,-3.162191232821264,5.1418526045099376e-21
Cincinnati,4,0,3.0871859171993004,,10.0,-3.0871859171993004,-14.310987878218318,-14.333459708315813,-0.9984321420657012,1.0,0.0356565707784621,11.0,-2.39403873667699,0.0050406832813994,-3.08718591706617,0.0037748063863224,-1.9885736029076573,0.0074632202346726,-1.9885736284998463,0.0088886599495999,-2.6817208076840866,0.0118670905990682,-2.1708951853835674,0.0022751379890607,-3.0871859054397253,0.0045388798359189,-2.681720771892745,0.00024121973610296345,-1.700891556106043,0.0024306591779007,-3.0871859171993004,0.0001444335993299565,-2.394038735405206,0.0064674343927617,-1.3824368222727923,0.1497330276532562
Clearwater,4,0,0.4072282907764548,,9.0,0.4072282907764548,0.8523689229327881,0.6618134285795924,1.2879273798278619,-1.0,-0.006345981574032128,12.0,0.1965950690802738,0.0,-0.0078063004582517,0.0,0.2750564856221624,0.0,0.1680843660054201,0.0,0.1071236662157242,0.0,0.1133156364674593,0.0,0.1847746005359533,0.0,-0.0245541577594862,0.0,0.4072282907764548,0.0,-0.0210515272082781,0.0,-0.1041854274080797,0.0,0.2196016496430282,0.0
Cleveland,3,1,14.001118437792623,assign_nearest (r=+0.28),10.0,-10.089832074782962,-18.126308741991682,-31.543719532351044,-0.9910196875931121,1.0,0.04016244149980015,12.0,-13.952085730578569,0.0,-13.95208573057859,0.0,-13.952085730578569,0.0,-13.95208573057856,0.0,-3.0884329230343432,9.985925535046116e-05,-1.9898206343669804,0.0121809948128935,-2.395285742472563,2.4458967751398094e-18,-13.952085730578576,0.0,-14.001118437792613,0.0,-14.001118437792623,0.0,-14.00111843779258,0.0,-3.08760410745176,0.00010016126166753597
Columbia,3,0,0.4388841574411789,,1.0,-0.4388841574411789,-1.074282826781626,-0.6451410636180603,-1.6651880064320643,1.0,0.02541450498143582,4.0,-0.4388841574411789,5.92200135512793e-09,-0.334901149028529,0.000156188408305948,-0.2667699382855429,0.0209419153391802,-0.2099262917140152,0.0595645084621937,0.1178700516893202,0.20070784025468,0.0583286579983198,0.4786273355511281,-0.0802354532789541,0.3940214383014432,-0.3849989541553396,1.22160683449459e-07,0.0532622753669025,0.6737581874162394,-0.1529684213507326,0.2156009959866667,0.0782321806783695,0.1857500326311938,-0.1584326908783061,0.3738671761721228
Columbus,2,0,0.3603487667736945,,4.0,0.3603487667736945,0.21177432976904212,0.4835915489728526,0.43791892620936657,-1.0,0.01093331754184239,2.0,-0.0982261666484144,0.4967568740444977,-0.2343583409731359,0.0524142322157227,0.0215750331641008,0.9156782647800296,0.3603487667736945,0.0225776215844044,0.1571205251604579,0.2733707340718145,0.0053145122923392,0.9759498888615916,0.2638885005859485,0.0592193551061231,0.2119287616553816,0.0799345584167355,-0.1935363464529988,0.2041497147965485,-0.1543156332991689,0.3614896362623875,0.1985057413232278,0.2560783024700329,0.1571205251604625,0.3129044391109215
Corpus Christi,1,1,10.19698050150769,assign_nearest (r=-1.00),11.0,-10.089832074782962,-18.126308741991682,-31.543719532351044,-0.9999999836551132,-1.0,-2.998192215088402e-13,12.0,-10.19698050150264,0.0,-10.196980501506989,0.0,-10.196980501504012,0.0,-10.196980501504244,0.0,-10.196980501504418,0.0,-10.196980501506465,0.0,-10.19698050150642,0.0,-10.196980501506436,0.0,-10.196980501506433,0.0,-10.196980501505225,0.0,-10.19698050150769,0.0,-10.196980501507548,0.0
Dallas,1,0,0.4842872102071383,,2.0,0.4842872102071383,1.7403898452455215,0.6487274297451157,2.6827710416966277,-3.0,-0.039623029519089796,9.0,0.424765554874961,9.037406390804402e-12,0.4842872102071383,5.984312975001021e-49,0.3180291693650457,1.2307894489967663e-31,0.2653348210408115,7.989057156130229e-16,0.0359010188182235,0.4219066809051345,0.2120720709393415,8.73224306428047e-07,0.1829947335307613,0.00014153044515588287,0.260847992068596,4.960863066593516e-10,0.2415292008484461,2.1469951771860728e-19,0.0288931308758206,0.2584345856506811,0.0415248777817443,0.137948800014812,-0.1070625053602525,0.0064890876424697
Detroit,1,1,11.932614134619346,assign_nearest (r=+0.72),12.0,-10.089832074782962,-11.770230981738727,-19.789969225344898,-0.5947573870861443,-3.0,-0.05141856530954497,9.0,-1.3589763697341533,0.0138493447717705,-1.8698019935010883,0.026194650705111,-1.0225041331134497,0.1624483836651609,-2.9684142821714103,0.0004161352366004,-2.968414282171413,0.0004161352366004738,-1.582119921047212,0.0599390839375925,-1.8698019935009773,0.0045439049490175,-1.1766548129408512,5.377948527220775e-06,-1.176654812940817,0.0599314551318016,-1.358976369734157,0.0068801871423271,-2.2752671016087467,0.0068214460179094,-11.932614134619346,0.0
Fort Worth,1,0,0.4695248352714556,,2.0,0.4695248352714556,1.535052928508358,0.20695454505530736,5.225434563169655,-1.0,-0.04057901650316199,9.0,0.2339730660827335,2.0379318255218638e-13,0.4695248352714556,5.044196608171506e-115,0.2724778305461612,4.46645640541672e-14,0.2435162312715855,3.735885681047322e-07,0.1064358932880875,0.0110662556918726,0.2091250720483346,1.1875840695729243e-07,0.1111415087575318,0.0517165767277829,0.2907167641092615,5.53267003011541e-12,0.1124648419220636,0.1034106775004039,-0.1223289176698268,0.0423172439381124,-0.0966549161182587,0.0402180613289288,-0.0883847359454641,0.1591353948575226
Fresno,1,0,0.4426285878949413,,5.0,0.4426285878949413,2.0198087643980007,1.6307025430688684,1.2386118696945148,1.0,-0.006436524480351627,12.0,0.2527240951405559,0.0018134103243447,0.2747805783226192,2.581862101955507e-09,0.262099391461131,4.484118836123754e-09,0.4386050995602816,2.8070271101168783e-27,0.4426285878949413,1.2362675035091814e-22,0.3489710120184718,9.46994996854403e-20,0.3192435301414908,0.00017354428909245782,0.3322394604133702,4.290926920963629e-14,0.2257550214283571,0.0045161918083384,0.2371594812874257,0.0002460872834548761,0.3337433357570544,1.3668716933570478e-06,0.1825617140411703,3.6466772543141366e-06
Gilbert,4,0,0.3932969858884809,,11.0,-0.3932969858884809,0.2296559216384128,-0.16028860267024098,1.432756197611127,-1.0,-0.011565421285326881,12.0,-0.2014060331275572,0.0,0.2407024673327827,0.0,0.1581219797341703,0.0,-0.0374288740286977,0.0,0.1106081399239419,0.0,-0.0409417581962272,0.0,0.1261123264711492,0.0,0.0298676442472131,0.0,-0.0497073365159874,0.0,-0.0080346401871667,0.0,-0.3932969858884809,0.0,0.1347703892030317,0.0
Henderson,2,0,0.2768747274638276,,7.0,0.2768747274638276,0.5600446499587077,0.152264750933309,3.6780736739938464,1.0,-0.011586634937097752,2.0,0.1348604249179433,0.3207399309327065,0.1535966285408563,0.0111636735620781,0.0781575068248484,0.6028979965280806,-0.0615116181608595,0.408215646693072,0.1409851901119536,0.081898192201806,0.1139565177239656,0.4903666415390157,0.2768747274638276,0.0512647595061681,-0.1447197933664802,0.3990349542411534,-0.1087202870416688,0.3078829841251886,0.0919504084205155,0.320394323366728,0.0099650685716723,0.9232943090643628,0.0269146268854426,0.1036335670061074
Houston,1,0,0.3414798140353495,,3.0,0.3414798140353495,1.5709931386644396,0.43907751036986137,3.577932195636495,-3.0,-0.02843686235314846,10.0,0.2856107947038573,5.888442905500858e-54,0.2242250125299741,1.9537058590800242e-09,0.3414798140353495,2.017249415102385e-28,0.3105115241932575,1.0449668734692944e-24,0.1973542056481426,1.4165552214169982e-21,0.2118117875538587,3.2747058399679114e-10,0.0797470964984661,0.0118583663399514,0.1207246753431339,0.0238773620930429,0.1019820505127415,0.00015144790362719225,0.1503440611710754,6.695811508341481e-10,0.0398618766771448,0.6258857220616152,-0.0535822498327003,0.3109204708992349
Indianapolis,4,0,0.4630421445210736,,9.0,-0.4630421445210736,0.41812147628580415,-0.4571756424676302,0.9145731374835246,-1.0,-0.022194437410137595,2.0,0.3866741011550568,0.3217771146298132,-0.0079800952619225,0.968092760125927,0.1228595057093173,0.4470326463682061,0.1599007773774982,0.134985930810921,0.1228595058181604,0.2957688896073989,-0.366192318512306,0.0030532874459524,-0.0297200818813697,0.9120247187841692,-0.2778997113234728,0.0974099153962824,-0.4630421445210736,0.0002249039734680608,0.1868082302945058,0.2304920605034121,0.0132973031810759,0.9238659222130742,0.1133807617827042,0.4971994613737645
Jacksonville,4,0,0.37304320553242,,6.0,-0.37304320553242,-1.4524173219424348,-0.6514309731332462,-2.229576351551526,-1.0,0.014005076489916366,5.0,-0.1182165800798717,0.4406908805880076,-0.359609852139905,0.0119187920773902,-0.2216497293478526,0.048958062535176,-0.073489845989528,0.4645711968509548,-0.3064081088528575,0.0197433033334305,-0.37304320553242,0.0135924572037202,-0.0575043403450258,0.6178348997696834,-0.1045054887436948,0.4730504157447668,-0.3501680572129011,0.033073486239609,0.008770830722212,0.929101764802572,0.026977835408947,0.8369335388831547,-0.1750017529627834,0.1208215007428301
Kansas City,3,0,0.3984372200912031,,12.0,0.3984372200912031,0.9896056141555033,1.9413274612751308,0.5097569184688595,-1.0,0.02559906530762164,10.0,-0.0254776066672607,0.5712330356141168,0.2514781916113369,1.0452283100393686e-06,0.2476587379263788,2.0645794131239764e-08,0.1824644448678462,0.00016740135229590804,0.0328949594209566,0.4088147557368186,0.3005868869962456,3.007461633611853e-14,0.2853864816149238,1.4417960099848493e-14,0.2944573614457432,1.3935421394044912e-13,0.2683606967615375,6.786362051972998e-13,0.3979774493967914,2.02778510986884e-09,0.296708251964932,2.380571413770015e-08,0.3984372200912031,5.348824547280981e-14
Las Vegas,4,0,0.3068674650750903,,6.0,0.3068674650750903,1.0713010711491968,0.8783432921296888,1.219682396468534,-1.0,0.0006209283150194256,9.0,0.1566920028137808,0.0320981907272487,0.1484355324360382,0.0006063138531335155,0.1675183145479827,0.0337882632658375,0.2777059752320555,1.6351313823839136e-08,0.0140817810442494,0.8618592583741268,0.3068674650750903,6.110702435975758e-09,0.1149936180770554,0.0078129034547404,0.0240246073935877,0.7960574331675985,0.112628056510219,0.1603288397433724,0.2602189374460061,6.782760692315704e-12,0.2278054387432489,0.0028042878424473,0.1386726339595716,1.908023003107792e-07
Los Angeles,2,0,1.1512655574675774,,8.0,0.8903742903712821,2.8504906143321733,3.560974492131386,0.8835659518151452,-1.0,0.006668969176443935,12.0,1.018628976598316,3.3683033098018754e-19,0.964388184138061,0.00021421294000110173,0.5859517484178949,7.003966397673843e-29,0.6629127895539823,7.950918967958703e-06,0.8328118263493357,1.0722967279413762e-13,0.9366086200310426,2.9123574909721004e-37,0.9080352475870176,6.613116159507799e-19,1.1512655574675774,1.9507462626227286e-07,1.092769350786062,4.0989780067974356e-11,0.801063128034691,9.769466660808529e-07,0.7848026071627117,7.796600352188247e-08,0.922423985039448,7.471356784383295e-20
Louisville,4,0,2.29333333520152,,8.0,-2.29333333520152,-10.24807848519386,-10.03679078290256,-1.0210512190410508,-3.0,0.02093041642829081,11.0,-1.9958091206223267,0.00016031878995323665,-1.3371585683593004,0.000208207029437391,-1.6556122994770182,0.0001478430924039697,-1.4837620425523042,0.0017094604874509,-1.8878682270914549,0.0034776286832106,-1.8878682270914555,1.8019877432959116e-05,-2.17555029954294,0.00021616368622206952,-2.29333333520152,9.044114679052404e-05,-0.9387876723948608,0.1979043958589484,-1.539561532825548,0.0013371887816319,-1.9748796040803456,2.7998764241310312e-08,-1.1146783388573456,0.0072474381473555
Lubbock,4,0,1.4325340470850043,,12.0,0.8903742903712821,2.8504906143321733,3.560974492131386,0.7485658262620021,3.0,0.04016244149980015,12.0,0.6691882519779709,0.0001618656996195659,0.6739829254948667,7.607054260763257e-19,0.5365445702251738,6.232804170048558e-09,0.8606881844908739,6.5837286326867975e-34,0.8542241864552307,5.94756281649652e-17,0.5378172517793733,0.0024110026238203,0.8634198630251763,1.008992035418932e-18,0.8646358158697136,1.7084392957899688e-16,0.7066575921085698,3.4885349718182876e-14,0.7725108506551874,4.138391360714075e-39,0.8807244352956158,9.386169108798957e-44,1.4325340470850043,3.6901695380889257e-08
Mesa,1,0,0.4520613400995955,,12.0,-0.4520613400995955,-0.9033760108496083,-1.5874041587981467,-0.5690897537044486,-1.0,-0.01488331090675668,6.0,-0.2058493038096595,0.1279312769399158,-0.2317007263420186,0.156230169660746,-0.1440790734166521,0.1850940478520972,-0.3225690703211888,0.00014688965649056477,0.160745367243976,0.3380308190383692,-0.1599232042040652,0.3161622262367622,-0.1260174576338121,0.0310692634916011,-0.2614434192730384,0.034783707420017,-0.2357557745869802,0.0201440281922138,-0.3827875340071781,0.0014270435578868,-0.1293386331975425,0.1292879940100986,-0.4520613400995955,0.0068924471116755
Miami,1,1,9.1254962342604,assign_nearest (r=+0.49),8.0,-9.1254962342604,-17.672519540723727,-31.543719532351044,-0.38977109259777676,2.0,-0.05141856530954497,12.0,-0.0810076792817573,0.0,-9.125496234255596,0.0,0.0860464053814154,0.0,-9.125496234254827,0.0,0.2867171008435031,0.0,0.2867171008435342,0.0,0.2867171008435346,0.0,-9.1254962342604,0.0,-9.125496234256682,0.0,-9.125496234254811,0.0,-9.125496234254816,0.0,-9.125496234254816,0.0
Milwaukee,4,0,3.5307346016422145,,9.0,-3.5307346016422145,-18.097210929674585,-18.0754196519404,-1.001205519813551,1.0,0.0230496465370344,12.0,-3.2287819154849604,6.086704580803627e-11,-3.18052582561595,1.2107465138613805e-18,-2.620912220273623,1.7320158892703977e-08,-2.9071212088360943,3.3669695033471982e-18,-3.4049790919965144,5.061659203037463e-07,-2.75489066746744,5.136164441464928e-09,-3.265677573351418,5.224970858633231e-09,-3.17157738247979,4.74428259586668e-05,-3.5307346016422145,3.654089621513296e-11,-2.837631323889552,1.3226383716926888e-07,-2.4321671758706804,6.113296766536373e-07,-2.837631594706745,4.4484798582888025e-08
Minneapolis,2,0,0.5059744969574178,,5.0,-0.5059744969574178,-0.7900950825434963,-1.178357443341159,-0.6705048765155303,-1.0,-0.02819247336908204,6.0,0.0111305735762805,0.9412813177988896,-0.0771620334891537,0.5692913056165485,0.3831796847673874,0.0147329164637092,-0.2749877600592491,0.0197801562890529,-0.5059744969574178,0.0288887425903193,-0.3262810503813436,0.0267274348561438,-0.1740118594638725,0.0480311779499587,0.1051595234205144,0.6077260769012887,-0.0874714031612556,0.3507240332923474,-0.3873169613457587,0.0989767159946129,-0.4085191406643115,0.0278040383877526,-0.2261976021264752,0.5092839547175603
Miramar,4,0,0.5448278736345856,,11.0,0.5448278736345856,-0.02457943886756117,1.5171484041636676,-0.016201066816560923,-1.0,0.03329164472673713,3.0,-0.0717605343322176,0.671610844717117,-0.2312332450105408,0.0274096115733884,0.1587808521145786,0.464571875406281,0.3371885088106593,0.1383288582389902,0.0350635259876704,0.8427639326448506,-0.2526185464377111,0.2423377064675894,0.2144066900860837,0.5362407691266944,0.196521179467886,0.648456849775852,0.1965211793138922,0.5303716243162133,0.3506718591414054,0.00011341553162941236,0.5448278736345856,2.253700024124356e-07,0.0141996225198147,0.6400939253449061
Nashville,4,0,0.4588152749934268,,12.0,0.4588152749934268,-0.2129961704435057,0.9661399882531284,-0.22046075369250434,1.0,0.039743052500102564,4.0,-0.2095942671474077,0.0963559701012877,-0.1006100621613824,0.3658782410517086,-0.0590773156064096,0.4880318018930927,0.1525547170345173,0.0240212136850345,0.038505945865922,0.6547823711968277,-0.0347751884287453,0.7952665376939813,-0.0366407981763656,0.6951104989298593,0.1195462413883342,0.376961837756381,0.056516662779705,0.5896769965107524,0.1886060940874409,0.0315725109228374,0.1792965131805871,0.0041777704599253,0.4588152749934268,0.000156828026569
New York,1,0,0.5961841172516763,,3.0,0.5961841172516763,2.8469150449787883,2.00374562880093,1.4207959250229267,-1.0,-0.03001852087561499,11.0,0.4376687596621625,1.786363961126984e-09,0.4922508344678676,1.824096598887393e-14,0.5961841172516763,6.710144740863378e-21,0.5180297831044305,3.3788485651703656e-22,0.3928259889176694,2.7116460092510715e-06,0.4099555615749822,1.1761118397629177e-07,0.3234381337185264,4.0619687584753374e-09,0.548062070203427,1.659072317645937e-17,0.4693005926863062,1.677441202740042e-11,0.5367557908814603,4.731445712505889e-21,0.2241545688366747,2.155704483987914e-05,-0.0979655275254643,0.1375460285829437
Newark,2,1,11.544311420703917,assign_nearest (r=+0.29),4.0,-10.089832074782962,-18.126308741991682,-31.543719532351044,-0.557786550941533,0.0,-0.05141856530954497,9.0,0.3438905176755744,0.0546911784441732,1.442502806343932,7.674184771109666e-16,-11.544311420703847,0.0,-11.544311420703917,0.0,2.135649986903685,8.070119061582733e-33,1.0370376982354312,6.875179000684662e-09,-11.544311420703844,0.0,0.3438905176755745,0.0546911784441734,0.3438905176755745,0.0546911784441731,1.4425028063437482,7.674184771656833e-16,-11.54431142070388,0.0,-11.544311420703863,0.0
Oklahoma City,1,0,0.5440953692637056,,2.0,0.5440953692637056,2.485006351062718,1.787300061867956,1.3903680829605571,-3.0,-0.02537766475842813,12.0,0.4820001440620398,1.0972381681626955e-34,0.5440953692637056,1.500235428563893e-65,0.3974256484020902,1.068733827716508e-07,0.3857286146661183,4.066448652919072e-09,0.3532589821208258,2.1992960364985923e-14,0.3224975925479383,1.1222247444350109e-05,0.3772380712343492,3.3113904707485445e-22,0.3881655537184815,1.1396045580808635e-20,0.364708990569766,1.5210992700868312e-14,0.3020614382717382,1.2362713899557089e-08,0.1761754518748469,0.0138337117658257,0.1789505561987743,0.007309230708404
Orlando,3,0,0.5520543988914834,,1.0,-0.5520543988914834,-2.48619059992022,-1.1264793216862077,-2.207043081053282,1.0,0.02880206639750185,8.0,-0.5520543988914834,2.7130841016115923e-05,-0.4316192089309569,0.00018398619922907396,-0.487035669857864,0.0002787867945421974,-0.2843207975739333,0.0052346399037731,-0.284320797545081,0.0081687873651655,-0.4468397271209008,2.40538932874378e-10,-0.1230526500352767,0.2919333862617287,-0.0413746190197987,0.7118112174117575,-0.2122835018846457,0.0016796632421866,-0.357875494826375,0.0017807674073069,-0.1370550101467757,0.1198055058450482,-0.2548380457733359,0.0994751967811768
Overland Park,3,0,0.6252565516061706,,8.0,0.6252565516061706,2.0534346308024993,2.72736547598321,0.7529001507075577,3.0,0.01591535120715338,12.0,0.1149415482709302,1.0100157181394032e-07,0.3768953759970633,6.091613774078696e-20,0.2766852417426113,0.0003773283038891658,0.5287408029521725,1.1913344522603437e-17,0.2926069318480753,1.2099977513090362e-08,0.463564729991647,5.0347479888158294e-256,0.5244274482947335,3.1101734070610324e-15,0.6252565516061706,1.135918211497123e-12,0.3630714213904563,2.5689362242495993e-28,0.3873311966543352,9.445074978781267e-10,0.4484239661819076,3.6137953260878e-12,0.3788548918556067,0.0003247995823819663
Palm Bay,4,0,0.6367847676762046,,6.0,0.6367847676762046,0.6089961694460359,-0.1064702978218811,5.225434563169655,1.0,-0.0008553584043064909,12.0,-0.1543428212438053,0.0,-0.5730531559634121,0.0,0.302415581251752,0.0,0.3824582889252951,0.0,0.0147335088000015,0.0,0.6367847676762046,0.0,0.1865837657266561,0.0,0.3872544611887521,0.0,-0.4012028991730793,0.0,-0.4012028991688044,0.0,0.1333392512078506,0.0,-0.0112419776032562,0.0
Philadelphia,2,0,0.4477750788180096,,4.0,0.4477750788180096,1.9962404274518952,1.813458881192556,1.1007910614152325,-1.0,-0.007521466588506414,12.0,0.4258908653263229,1.486435161017868e-13,0.306345714676494,2.9174152443865205e-08,0.3604129359468854,3.937781159222243e-09,0.4477750788180096,1.1854567899941681e-08,0.2639986140979203,1.884869993099933e-05,0.1918172185862632,8.639849790416952e-05,0.1736898339938334,2.4061005251082937e-05,0.3796127875565568,1.0485328856754809e-17,0.3544858374788698,9.058672433604696e-17,0.3721407727175015,5.582214144974562e-26,0.2612092120103426,5.909731639484517e-13,0.272320437435452,1.1923099478785245e-08
Phoenix,1,0,0.2510342928351145,,11.0,-0.2510342928351145,-0.2151788169984114,-0.8170399982353699,-0.2633635490301596,-3.0,-0.015762511512808258,5.0,-0.0215056474504974,0.5540394947887646,-0.1267752779651512,4.151392164300784e-06,-0.0184880661037945,0.7489691036913342,-0.0332738284386594,0.4815088996375444,-0.0060881403929655,0.8805310458367559,-0.0090478566473434,0.8525511205474676,-0.0292637184851805,0.4806785457877485,-0.0381232504798006,0.3468641336403334,-0.1954904232568046,1.5166509653975764e-05,-0.12652246690917,0.0198763826368038,-0.2510342928351145,5.39385238332581e-10,-0.1766058462692998,0.0076880829877841
Raleigh,3,0,0.3830877644252203,,1.0,-0.3830877644252203,-0.8545022809865772,0.36229711514805296,-2.345662724508562,3.0,0.03446572320158545,6.0,-0.3830877644252203,2.249917327102292e-06,-0.1874472845523173,5.618520937280258e-05,-0.1331100369644421,0.0491059785275638,0.0368537840169849,0.5475541016821168,0.1019034507828141,0.0067686207615834,-0.2896144298443965,5.325421453099626e-05,0.0175280675967551,0.5506035060382406,0.0744169098696537,0.2821456369014477,-0.0275130706914042,0.6512369423638003,-0.0275130706913842,0.6747404652353146,0.1324912843873291,0.0706636801200157,0.1928869946771035,0.0080105392048482
Richmond,4,0,0.2368372705350137,,10.0,0.2368372705350137,0.2957853403470463,0.8352529052783981,0.3541262584680262,-1.0,0.011295026275446412,8.0,-0.0196823857982473,0.7286371607525666,0.1041558776206526,0.230391815589323,0.172769889470494,0.0038091122958789,0.1699138064432397,7.762913809045756e-20,-0.0650413280328521,0.0026937463954102,-0.0663305193562406,0.0097006733821293,0.0727004288343439,0.0348036889536304,0.1784265083785198,0.0533025741748367,-0.0038950484154109,0.9638592998900132,0.2368372705350137,0.0122707651839416,0.1803044432027415,1.3245358640584924e-09,0.1708793027431901,0.0010119174704899
Riverside,4,0,0.3814798321429049,,3.0,-0.3814798321429049,-0.8522820057679955,-0.14264110509951072,-2.345662724508562,3.0,0.03422966897061093,6.0,-0.1891079394954974,0.0101640461502945,-0.0493459971203394,0.6426806627586071,-0.3814798321429049,6.386801449868628e-17,-0.267069480965226,0.4531338583420608,0.2491469914356992,0.0466384460576182,-0.2144257474797271,0.2625904313203653,-0.3516268689932866,0.10834928322653,-0.3226393321200508,0.0497158241899182,0.2163571686126758,4.4971277574305374e-14,-0.2404012338830108,0.0341832853564506,0.1995500502962333,0.4361333225266087,0.3561191109879283,0.1817708663847024
Sacramento,2,0,0.8551849014255875,,4.0,0.8551849014255875,1.181885599183587,2.584910450088712,0.45722479164345287,1.0,0.018930458738385697,6.0,0.5468835417713095,0.0217623755718747,-0.3975780670700554,0.0893056544131598,-0.0409031231312363,0.9065706553227568,0.8551849014255875,4.745523197100904e-06,0.2592014693192455,0.0762664835393707,-0.0409031231312636,0.7575496467872708,0.4291005061148427,0.0778204191712358,0.6009507630409616,5.769682978413702e-06,0.6769366700184689,3.553666348659152e-07,0.4291005061147351,0.0065453519398242,0.4897251279309751,0.0379346491489007,-0.0409031231312715,0.8216839620067444
San Antonio,2,0,0.2472066160661243,,1.0,0.2472066160661243,0.5407633176008179,0.0199534100763466,5.225434563169655,-1.0,-0.018890743187079836,2.0,0.2472066160661243,1.8431787257943428e-13,0.1843442911031339,8.665012447162998e-11,0.0431165638171247,0.3565806604707677,0.0541824459431643,0.2370487791993406,-0.0194922062387394,0.4094321021888579,0.03140560691001,0.6049463421021724,0.0680202884384985,0.4627090686614347,0.0020972665395131,0.972143320431708,0.0359494971666169,0.3173013767285871,-0.0488448735172641,0.1677876628621215,-0.009543502286055,0.871645811290495,-0.0277252662649628,0.6144497058436003
San Bernardino,2,0,1.6219671024740792,,3.0,-1.6219671024740792,-0.3119705270504558,0.7835451094534207,-0.39815209760670944,-3.0,0.020347849217290867,3.0,0.2760126843748926,0.4442501615545445,0.1526277940262199,0.748812341388171,-1.6219671024740792,0.0817850734581809,0.6806179905199043,5.774001512585205e-07,-0.523354813805941,0.0368238981968199,0.7240929203085473,0.1055921813144187,0.2132672965427961,0.6261890384961887,-0.1292235022827759,0.7981381488030428,0.969388786385527,0.0242817788123115,0.2762416058253483,0.3105174813754077,-0.4169055747346997,0.1713003081107585,-0.129223502282775,0.7445930703837194
San Jose,2,0,0.768132707901085,,1.0,0.768132707901085,2.8504906143321733,2.0583218291805587,1.385053821198132,1.0,-0.015875229817440897,9.0,0.768132707901085,1.1115021088057904e-10,0.2961469174512199,0.1005383338705741,0.571852798856293,8.164567925531402e-06,0.1783638817948638,0.2880569939598479,0.6638716975766373,0.0007995671850445956,0.3725198962357839,0.0159107833088194,0.1603453762921599,0.2264940591923149,0.1960634588943432,0.0292736975550607,0.4570772842639266,0.0006213678110291409,0.5597314383242478,4.4302834635316885e-30,0.3273994609551984,6.54735057779102e-05,0.3577048104506828,8.30322678668558e-06
Scottsdale,4,0,0.3324142996510354,,11.0,-0.3324142996510354,-0.7537281313862125,-0.8178206565795634,-0.921628970475771,-1.0,-0.00043167861694107663,9.0,-0.1618685042754302,0.0305366108949114,-0.2689496702741724,4.084401009931783e-114,-0.0078470977817172,0.8169934407012551,-0.1990972853199835,0.0,0.0034980686999559,0.9656016587400224,-0.1194636424348652,2.065461718630491e-07,-0.0157105618537375,0.0263951135774162,-0.0925433345075242,0.0007785988663479343,-0.2434925470704213,3.9746793768451256e-11,-0.1222112086759154,0.0454241502527521,-0.3324142996510354,2.8736961921150837e-29,-0.0114487048209295,0.8727654996535186
St. Louis,3,0,1.1233121645191655,,9.0,0.8903742903712821,1.5556926056126188,3.560974492131386,0.3047832608047878,1.0,0.04016244149980015,10.0,0.0418393027037339,0.4631075894440903,0.2364754991018391,2.4176575999966062e-22,0.2396682438817449,2.6001653389993813e-30,0.2056718338073286,0.1518604427810246,0.4363816255049965,3.3116349713724086e-10,0.3956561006129759,1.1875783185940716e-53,0.7184294928760686,0.0103172268350928,1.0939558490084391,5.673072512401908e-13,1.1233121645191655,2.573534054220222e-22,1.064766441628308,1.924602412698273e-06,0.7161911828357989,0.0284754101459153,0.3876025528433052,1.726502111538099e-09
St. Petersburg,3,0,0.5030136310087345,,1.0,-0.5030136310087345,-1.2238618231335794,-0.3486565685632829,-2.345662724508562,1.0,0.027373253807303658,6.0,-0.5030136310087345,0.0,-0.2600467377903434,0.0846833171383936,-0.0800753583416427,0.0945024427656178,-0.2886201102333744,0.0042252835306123,-0.1318195267076296,0.0452863462456377,0.0397135409481452,0.7440404795322058,0.0606464993119858,0.0956127980127509,-0.3202556705836332,3.6802522215255134e-20,0.1256197714689814,0.4225244586296236,-0.0106306647862256,0.5940584448664403,-0.0933223806312528,0.0402207002239184,-0.1107141233431385,0.0072224375444066
Tallahassee,4,0,0.3360904044309727,,5.0,-0.3360904044309727,-0.7718492178537921,-0.7885613578719711,-0.978805556908294,-1.0,-0.000863828319751657,3.0,-0.1642654429674887,0.1521355715072384,-0.085628238004393,0.0596372147005571,-0.026218879651666,0.7571262506357667,-0.1233096401524389,0.0188541834212417,-0.3360904044309727,0.0028627757671796,-0.0363366126468327,0.6414366134548246,-0.1600908137341908,0.1747278337909061,-0.0432847074233204,0.5980959497549132,-0.2044823130160819,0.0800354796727027,-0.2616407268559995,2.267509088815411e-06,0.1078923720258873,0.3252703777654795,-0.2269551688682658,0.0954531486696569
Tampa,3,0,0.3787653421246504,,1.0,-0.3787653421246504,-1.3038323807317356,0.1284199801040641,-2.345662724508562,3.0,0.03986451110028579,3.0,-0.3787653421246504,0.00023526922621384288,-0.2692724444354135,0.0912819168448823,-0.2169044589315879,0.016525138082286,-0.3475246413515677,0.0042982827368155,-0.1013915718116149,0.4412727904191128,0.010026077923099,0.9561455575384734,-0.1705578589624594,0.4469422513845522,0.2349072491325048,0.1696007293171395,0.018850916400005,0.8950686970730851,-0.056968324627052,0.6445966598903643,0.0462159116080982,0.5178383383388707,0.0559720865529675,0.3692532945243384
Tucson,1,0,0.4370640238704248,,12.0,-0.4370640238704248,-1.8821466678261851,-2.2478539897682315,-0.8373078674528941,1.0,-0.009397867831701396,12.0,-0.3185602188064715,2.3936354695930197e-12,-0.3012042251775879,8.411605231260279e-36,-0.2422363751176796,1.058022486163832e-16,-0.3290506683528547,1.7652058286479217e-07,-0.3669887183368541,1.0907012729006255e-09,-0.3241064620347373,8.617051780155675e-15,-0.3088292667749766,5.815143498550431e-05,-0.435146260541368,4.406995650668018e-12,-0.4341864201005475,0.0001639985934792356,-0.3088926799176498,0.0027112834911216,-0.3237353385632652,3.916315967358386e-07,-0.4370640238704248,4.903376435775955e-07
Virginia Beach,1,0,0.4200715740716694,,9.0,0.4200715740716694,1.194986429481749,1.6971343390263958,0.704119702184319,-1.0,0.0006689821369194216,9.0,0.255276892374621,4.198547084588767e-09,0.3189311076765565,5.480052253637581e-09,0.3113711578910668,5.282759043570194e-06,0.3045914709056358,1.4032376263959917e-17,-0.0608683025887698,0.0906164249283118,0.0656841032226384,0.4730919003045953,0.3620985256736393,5.3276765768410265e-96,0.1597884758080672,4.865131896559094e-06,0.4200715740716694,0.00020822188917238085,0.2845859667724347,4.919429471032219e-12,0.3275110114894486,2.363313494997136e-09,0.1430787852111366,0.4399834729333213
Visalia,1,0,0.5652075435805873,,3.0,0.5652075435805873,2.1451221217957475,1.3124542639038939,1.6344344685814958,-1.0,-0.02165290065438242,8.0,0.3464281836904089,2.5946864606798065e-12,0.4558043835354226,0.0,0.5652075435805873,4.931601081791234e-13,0.4720486592090771,0.00029215450961628253,0.2626762782628866,0.0382456003953274,0.0429570735173648,0.6135441191334295,0.3040833021202707,0.0597196517792661,-0.059882075081023,0.1390916867577076,0.2284581697051822,4.41260815775324e-53,0.1958485453136881,1.4549708390230342e-35,0.4265876941135284,2.2120526398262767e-43,0.2173586277322475,0.0583732637516347
Washington,2,0,0.2708512001012557,,2.0,0.2708512001012557,0.3372169680644091,0.1356286690182369,2.4863067978073925,-3.0,-0.014385326579237918,4.0,0.1825614521792673,0.0005511051274332229,0.2708512001012557,0.13516120175639,0.007715429873457,0.9494602165346124,-0.0148918398089043,0.9457358559989012,-0.1550558663591279,3.219052816673818e-05,0.0460365920784613,0.6793052986821052,0.0403145073989735,0.5684930680614704,0.0339774882468587,0.1934741572319687,0.0086667035315047,0.7919097465451427,0.2604630595326226,4.4681183865598473e-07,-0.0844766281877204,0.1418056295506073,-0.1233164615040022,5.479591742971192e-08
