cehwi,rr,rr_low,rr_high,pi_low,pi_high
0,1,1,1,1,1
0.35214428857715424,0.9953736664926071,0.99088905291748,0.9998785767486381,37.419227499008336,0.026724228874754334
0.7042885771543085,0.9907790824615358,0.9818823949216348,0.9997563815386149,37.436440834110634,0.02671194103176707
1.0564328657314628,0.9862263045837305,0.9729997653699038,0.9996326396678146,37.4651054613305,0.02669150367218763
1.408577154308617,0.9817252029792066,0.9642601398708049,0.9995066002559183,37.50518284873329,0.026662981594656437
1.7607214428857711,0.97728546601556,0.9556817476482834,0.999377548473122,37.55661467766347,0.026626468029205597
2.1128657314629256,0.9729166060811203,0.9472820923976067,0.9992448183968196,37.61931822092233,0.02658208727035996
2.4650100200400797,0.9686279662956748,0.9390779761378185,0.99910780673276,37.69318003219461,0.026529998242278235
2.817154308617234,0.9644287281294656,0.9310855255628269,0.9989659876617389,37.778047645055636,0.02647039914279105
3.169298597194388,0.9603279199031931,0.9233202203840792,0.9988189291056228,37.87371888282253,0.026403533360267555
3.5214428857715423,0.9563344261440301,0.9157969231408846,0.9986663107488238,37.97992826299884,0.02632969691452075
3.8735871743486965,0.9524569977751459,0.9085299099278143,0.9985079442050755,38.09632983608193,0.0262492477438831
4.225731462925851,0.9487042631189643,0.9015329014497543,0.9983437957868688,38.22247562073469,0.026162617249666745
4.577875751503005,0.9450847396973124,0.8948190937609737,0.9981740124192374,38.35778857695281,0.0260703246224379
4.9300200400801595,0.9416068468147668,0.8884011879711171,0.997998951344573,38.50152878539773,0.025972994619872458
5.282164328657314,0.9382789189148473,0.8822914181033896,0.9978192143957253,38.652751162249785,0.02587137965425473
5.634308617234468,0.935109219702274,0.8765015761622087,0.9976356877769843,38.81025262090371,0.02576638729378914
5.986452905811622,0.9321059570282564,0.8710430333014754,0.9974495884945046,38.972506080030485,0.02565911460624289
6.338597194388776,0.9292772985397499,0.8659267557705689,0.9972625188291774,39.137578098218995,0.025550891204622245
6.69074148296593,0.9266313880977969,0.8611633140409813,0.9970765305582773,39.30302617941853,0.025443333432774225
7.042885771543085,0.9241763629744535,0.8567628831668712,0.9968942010228704,39.46577094254816,0.025338412911171514
7.395030060120239,0.9219201373914963,0.8527347991427942,0.9967187226114712,39.62192098242304,0.025238554194371772
7.747174348697393,0.9198639246816985,0.8490756458853247,0.996553892496285,39.766284728151916,0.02514693054269829
8.099318637274548,0.9180014755440488,0.8457682788536882,0.9964037788733815,39.89287931717856,0.02506713020259189
8.451462925851702,0.9163263020951451,0.8427953610225933,0.9962725600347176,39.995694121201915,0.025002691463976746
8.803607214428856,0.914832072235891,0.8401400785476293,0.9961644989466693,40.06868937845509,0.024957142734438907
9.15575150300601,0.9135125979514935,0.8377861015688031,0.9960839229171116,40.10578442893587,0.024934059119873776
9.507895791583165,0.9123618241356319,0.8357175474923421,0.9960352042838078,40.10087133122333,0.024937114002841636
9.860040080160319,0.9113738179130184,0.8339189476128055,0.9960227410050482,40.047853520053906,0.024970127287827087
10.212184368737473,0.9105427584366075,0.832375217707539,0.99605093628899,39.94070936221098,0.02503711165796489
10.564328657314627,0.9098629271376222,0.8310716330860001,0.996124176571161,39.77358030332103,0.02514231789981707
10.916472945891782,0.9093286984083746,0.8299938084729642,0.9962468072748316,39.54088275423578,0.025290280093528662
11.268617234468936,0.9089345306995554,0.8291276830247879,0.9964231058888933,39.237441942259174,0.025485861220809824
11.62076152304609,0.9086749580152795,0.8284595107068065,0.9966572519876393,38.858644671290676,0.02573429949652398
11.972905811623244,0.908544581790691,0.8279758561871887,0.9969532939069217,38.40060635119891,0.026041255464935617
12.325050100200398,0.908538063138366,0.8276635963209256,0.9973151118889488,37.860345870034024,0.026412859603363713
12.677194388777552,0.908650115451111,0.8275099272022334,0.9977463776184279,37.23596004491416,0.026855759829847173
13.029338677354707,0.9088754973500313,0.8275023766517795,0.9982505101986892,36.526787703596405,0.02737716790522865
13.38148296593186,0.9092090059679652,0.8276288218761242,0.9988306287585842,35.73355216759523,0.02798490324471141
13.733627254509015,0.9096454705595187,0.8278775118921654,0.9994895020378665,34.85847029948823,0.028687432104979125
14.08577154308617,0.9101797464300255,0.8282370941529821,1.000229495466679,33.90531659778958,0.029493899492600343
14.437915831663323,0.9108067091767778,0.8286966446494392,1.001052516427602,32.879432268010994,0.030414150458824025
14.790060120240478,0.9115212492368419,0.829245700602545,1.0019599585582015,31.787671852746758,0.03145873672763457
15.142204408817632,0.9123182667366874,0.8298742947149171,1.0029526461081169,30.638283796012484,0.03263890388436666
15.494348697394786,0.9131926666397105,0.8305729898269841,1.0040307794962835,29.440725995871205,0.03396655368282158
15.84649298597194,0.9141393541885493,0.8313329127360819,1.0051938833095941,28.205422536442676,0.03545417547664655
16.198637274549096,0.9151532306398378,0.8321457858947207,1.0064407580338206,26.943472822792764,0.03711474042626207
16.55078156312625,0.9162291892897616,0.8330039557160864,1.0077694368028827,25.66632864924636,0.03896155206558391
16.902925851703404,0.9173621117894353,0.8339004162849446,1.0091771483889185,24.385457736179177,0.04100804712459273
17.25507014028056,0.9185468647497331,0.8348288274007861,1.0106602875328188,23.11201354361879,0.043267541277298156
17.607214428857713,0.9197782966357796,0.8357835260626758,1.0122143935375616,21.856530516496765,0.04575291578163446
17.959358717434867,0.9210512349518177,0.8367595307323621,1.0138341378242504,20.628661416576055,0.04847624282574414
18.31150300601202,0.9223604837176546,0.8377525379701608,1.0155133208968778,19.436969394886543,0.05144834977530391
18.663647294589175,0.9237008212383065,0.8387589113103148,1.0172448788930433,18.288782501855078,0.054678325355915165
19.01579158316633,0.9250669981688519,0.8397756625109926,1.019020899632143,17.190113066090802,0.05817297397377792
19.367935871743484,0.9264537358768308,0.8408004255612511,1.0208326478274474,16.145639429174608,0.06193622769706072
19.720080160320638,0.9278557251048211,0.8418314240376651,1.0226705989194274,15.158743420623505,0.06596852867365627
20.072224448897792,0.9292676249360591,0.8428674325648812,1.0245244808267424,14.231594030598663,0.07026619771825618
20.424368737474946,0.9306840620661633,0.8439077332393354,1.0263833228061252,13.365266118073867,0.07482080724510967
20.7765130260521,0.9320996303841664,0.8449520679205804,1.0282355105662178,12.559882619749668,0.07961857847521278
21.128657314629255,0.9335088908661486,0.8460005872811697,1.0300688467920922,11.81476939761433,0.08463982379562335
21.48080160320641,0.9349063717848127,0.8470537974383735,1.0318706163021871,11.128613295819132,0.08985845526465425
21.832945891783563,0.9362865692383282,0.8481125048761141,1.0336276551707377,10.499615863087428,0.09524157960060346
22.185090180360717,0.9376439480017167,0.8491777602115262,1.0353264232982824,9.925637253594914,0.10074919871142937
22.53723446893787,0.93897294270393306,0.8502508011756001,1.0369530800924167,9.40432682248476,0.10633403313984205
22.889378757515026,0.9402679593336319,0.8513329949684877,1.0384935631235082,8.933238727859282,0.11194148398624909
23.24152304609218,0.9415233770763892,0.8524257799223577,1.0399336698405244,8.509932355138139,0.11750974723038998
23.593667334669334,0.9427335504858724,0.8535306061607275,1.041259142667861,8.132058567947274,0.12297009319897508
23.945811623246488,0.943892811991122,0.8546488746825144,1.0424557580555784,7.7974336834632965,0.12824732349064896
24.297955911823642,0.9449954747417207,0.8557818740178826,1.043509420326504,7.504103721106397,0.133260418187898
24.650100200400797,0.946035835792185,0.8569307132940386,1.0444062614615637,7.250401951065898,0.1379233877996223
25.00224448897795,0.9470081796264128,0.8580962502014171,1.0451327483004669,7.035003151249866,0.14214634713025484
25.354388777555105,0.9479067820224701,0.859279011949229,1.045675799023571,6.856978348838079,0.14583683207479442
25.70653306613226,0.9487259142573817,0.8604791068248117,1.0460229112416506,6.7158542577498945,0.14890138493491428
26.058677354709413,0.9494600142155699,0.8616961584632991,1.0461626290662236,6.611622667523993,0.15124880082947822
26.410821643286567,0.9501067838162303,0.8629298170599435,1.0460907513071998,6.543722085576741,0.15281822591520763
26.76296593186372,0.9506669127668241,0.8641795106955246,1.0458100057269557,6.51121325677454,0.15358120838072042
27.115110220440876,0.9511412251957972,0.8654437736514735,1.0453245581165687,6.513799601183368,0.15352022801228474
27.46725450901803,0.9515305705983341,0.8667201925894611,1.0446398209301404,6.551857128578748,0.15262848080707822
27.819398797595184,0.9518358230161736,0.868005359104528,1.0437624888762629,6.626441806991509,0.15091055337495118
28.17154308617234,0.9520578802149187,0.8692948041512418,1.0427005924236774,6.73931161298319,0.1483831075674723
28.523687374749493,0.9521976628596531,0.8705829134895,1.0414635701052282,6.89296045241869,0.145075545827208
28.875831663326647,0.9522561136896578,0.8718628234504853,1.0400623603500039,7.090659278395079,0.14103060952977323
29.2279759519038,0.9522341966930041,0.8731262967403659,1.038509513156037,7.336496540071631,0.1363048417644638
29.580120240480955,0.9521328962817852,0.8743635788188041,1.0368193210959535,7.635404923745408,0.13096882352500938
29.93226452905811,0.9519532164687247,0.875563236798837,1.035007967737864,7.993153366893591,0.1251070702761498
30.284408817635263,0.9516961800458875,0.8767119850546397,1.0330936893231661,8.416271617230676,0.11881745807165907
30.636553106212418,0.9513628277661964,0.8777945050783871,1.0310969421874756,8.911858464037554,0.11221004059202103
30.988697394789572,0.9509542175284372,0.8787932718886107,1.029040563648906,9.487204413598649,0.10540512846615097
31.340841683366726,0.9504714235664197,0.8796884056730918,1.0269499077064053,10.149137602037051,0.0985305391661345
31.69298597194388,0.9499155356429374,0.8804575753197468,1.0248529289195056,10.90298547831087,0.09171799797305825
32.045130260521034,0.9492876582491508,0.8810759895109845,1.0227801788178474,11.751049534361096,0.0850987817791009
32.39727454909819,0.948588909809998,0.8815165197224402,1.02076467052239,12.690541880417342,0.0787988416430894
32.74941883767534,0.9478204218962153,0.8817500051260105,1.0188415616001438,13.711064847609059,0.07293379552313768
33.1015631262525,0.9469833384435297,0.8817457880060889,1.017047606564195,14.791956214389758,0.0676043104445638
33.45370741482965,0.9460788149795653,0.8814725148912304,1.015420343836342,15.90016156234526,0.06289244270122378
33.80585170340681,0.9451080178589804,0.8808992088614913,1.0139970117305193,16.989631161944338,0.05885942964082319
34.15799599198396,0.944072123507338,0.8799965715663521,1.0128132349393502,18.00335215364715,0.05554521132873681
34.51014028056112,0.9429723176741821,0.8787384153193846,1.0119015811737704,18.878738441014548,0.05296964111899946
34.86228456913827,0.9418097946957799,0.8771030706565204,1.0112901425837837,19.556073019315992,0.05113501054185452
35.214428857715426,0.9405857567679614,0.8750745832366805,1.0110013280953383,19.988295226385443,0.05002927906928027
35.566573146292576,0.9393014132294724,0.8726435239735392,1.0110510427871313,20.14936823867415,0.049629347588210096
35.918717434869734,0.9379579798562311,0.869807293167968,1.01144837354921,20.038531464575517,0.04990385656592742
36.270861723446885,0.93655667816686194,0.8665698897981589,1.0121958098766273,19.679129281703933,0.05081525639092779
36.62300601202404,0.9350987347398555,0.8629412130185046,1.0132899327562053,19.11272031824787,0.05232117581112983
36.97515030060119,0.9335853805426858,0.8589360346619923,1.014722432859643,18.390700938819023,0.054375306483789514
37.32729458917835,0.9320178502731938,0.854572811481767,1.0164812893142214,17.566022364085534,0.056928084188515075
37.6794388777555,0.9303973817135284,0.8498724941430359,1.0185519520457613,16.68685850387491,0.05992739734490988
38.03158316633266,0.9287252150969109,0.8448574503704804,1.020918410293444,15.792937108151731,0.06331944420166385
38.38372745490981,0.9270025924874767,0.8395505703237152,1.0235640792277225,14.91429922390116,0.06704974769430891
38.73587174348697,0.9252307571734226,0.8339745777582285,1.0264724811166568,14.071771416613666,0.07106425839318013
39.08801603206412,0.9234109530736704,0.8281515383852952,1.029627729629011,13.278371007225987,0.07531044278366734
39.440160320641276,0.9215444241582409,0.8221025383450145,1.0330148443608609,12.541031265001603,0.07973825906891016
39.79230460921843,0.9196324138825123,0.8158474983957933,1.0366199299824157,11.862262496548158,0.08430095020161572
40.144448897795584,0.9176761646355168,0.8094050895870457,1.0404302542374702,11.24156084600196,0.08895561868133713
40.496593186372735,0.9156769172024177,0.802792720401157,1.0444342548078178,10.676508505499985,0.09366357920146381
40.84873747494989,0.9136359102412829,0.7960265711354235,1.0486214992695382,10.163582009288527,0.09839050829580526
41.20088176352704,0.911554379774264,0.7891216571254863,1.0529826165365377,9.698716765896698,0.10310642367826117
41.5530260521042,0.909433558693264,0.7820919075253762,1.0575092130724535,9.277683075076895,0.10778553135602897
41.90517034068135,0.9072746762801688,0.7749502504847421,1.0621937830259363,8.896323991536855,0.11240597812661814
42.25731462925851,0.9050789577416942,0.7677086987051129,1.0670296183024557,8.550696086313845,0.1169495430437049
42.60945891783566,0.9028476237588929,0.760378431645197,1.0720107222970683,8.237144373994726,0.12140129571566985
42.96160320641282,0.9005818900513437,0.7529698722506499,1.0771317294066547,7.952334143002517,0.12574924318037217
43.31374749498997,0.8982829669560358,0.7454927571712817,1.0823878313521231,7.69325565710114,0.12998398136905348
43.665891783567126,0.8959520590209455,0.7379562001384818,1.0877747106308406,7.457212626276852,0.13409836223206473
44.01803607214428,0.8935903646132887,0.7303687486185385,1.0932884809762822,7.241801693812779,0.13808718358780464
44.370180360721434,0.8911990755424184,0.7227384341169486,1.0989256344421048,7.044887631694408,0.14194690565411958
44.722324649298585,0.8887793766973302,0.7150728166455144,1.1046829945908698,6.864577189867675,0.14567539592620948
45.07446893787574,0.8863324456987157,0.7073790239209441,1.1105576752104303,6.699193374513655,0.1492717024417283
45.4266132264529,0.8838594525655039,0.6996637858706389,1.116547043973818,6.547251161378661,0.15273585438402962
45.77875751503005,0.8813615593958101,0.6919334649984737,1.1226486904811397,6.4074351552546,0.15606868829252551
46.13090180360721,0.8788399200622071,0.684194083124095,1.1288603981611176,6.278579396168473,0.1592716977681693
46.48304609218436,0.8762956799212221,0.6764513449622305,1.1351801195568207,6.159649324522517,0.16234690439581442
46.83519038076152,0.8737299755369492,0.6687106589591766,1.141605954569362,6.049725808893023,0.1652967475864794
47.18733466933867,0.8711439344186632,0.6609771557553404,1.1481361312815639,5.947991082861944,0.16812399112051774
47.539478957915826,0.8685386747723106,0.6532557045972918,1.1547689890289998,5.853716412076721,0.17083164431008546
47.891623246492976,0.8659153052657405,0.6455509279812102,1.1615029634273641,5.766251307172228,0.17342289586930967
48.243767535070134,0.8632749248075378,0.637867214772236,1.1683365731025461,5.685014104080245,0.17590105876470571
48.595911823647285,0.8606186223393077,0.6302087320110706,1.175268407902982,5.60948374536759,0.1782695245040718
48.94805611222444,0.8579474766412566,0.6225794355900112,1.1822971184031015,5.539192611286785,0.1805317255013623
49.30020040080159,0.8552625561509054,0.6149830799551514,1.1894214065322324,5.473720265175263,0.18269110432299027
49.65234468937875,0.8525649187947693,0.6074232269693659,1.1966400171855618,5.412687993505618,0.18475108877508628
50.0044889779559,0.8498556118328274,0.5999032540515554,1.203951730693028,5.355754035609454,0.1867150719303348
50.35663326653306,0.8471356717156047,0.5924263616911171,1.21135535603869,5.302609411543598,0.1885863963170726
50.70877755511021,0.8444061239536799,0.5849955804223747,1.2188497247375207,5.252974268619543,0.1903683416029364
51.06092184368737,0.8416679829994324,0.5776137773314685,1.2264336852890003,5.2065946777782655,0.19206411520143826
51.41306613226452,0.8389222521408354,0.570283662157698,1.2341060981375884,5.163239820335451,0.193676845313575
51.765210420841676,0.836169923407097,0.5630077930422737,1.2418658310794148,5.122699513754793,0.1952095759891699
52.11735470941883,0.8334119774859522,0.5557885819697023,1.249711755062483,5.084782032152315,0.19666526385531502
52.469498997995984,0.8306493836524013,0.5486282999403762,1.2576427403345756,5.049312183317239,0.19804677621319733
52.821643286573135,0.82788309970869145,0.541529081907246,1.2656576528989922,5.016129609273573,0.19935689025085185
53.17378757515029,0.8251140719353319,0.534492931504562,1.273755351243393,4.985087281912239,0.2005982931589531
53.52593186372744,0.8223432350529378,0.527521725592492,1.28193468331147,4.9560501690943495,0.20177358297055664
53.8780761523046,0.8195715121946877,0.5206172186378238,1.2901944836910297,4.928894049951297,0.20288526997448467
54.23022044088175,0.816799814889188,0.5137810469478925,1.2985335709954187,4.903504460962283,0.2039357785765644
54.58236472945891,0.8140290430535282,0.5070147327722321,1.3069507454181304,4.879775756843314,0.20492744950372302
54.93450901803606,0.8112600849963183,0.5003196882842084,1.3154447864429695,4.857610272390095,0.2058625422635993
55.28665330661322,0.8084938174304914,0.4936972194529494,1.324014450694358,4.836917573231105,0.20674323778728174
55.63879759519037,0.8057311054956635,0.4871485298142561,1.3326584699142934,4.817613785008758,0.20757164119543095
55.990941883767526,0.802972802789835,0.4806747241477635,1.34137554905416,4.799620991852696,0.2083497846387223
56.34308617234468,0.8002197514102245,0.4742768120664347,1.350164364471067,4.782866696170586,0.20907963017255998
56.695230460921834,0.7974727820030241,0.46795571152344395,1.359023562219695,4.767283332785206,0.20976307263360544
57.047374749498985,0.7947327138218676,0.4617122522406588,1.3679517564317545,4.752807831314693,0.2104019424920418
57.39951903807614,0.7920003547948045,0.45554717906218695,1.3769475277761911,4.739381221444582,0.2109980086588595
57.75166332665329,0.7892765015995725,0.44946115523585567,1.386009421994125,4.726948276392667,0.21155298123192962
58.10380761523045,0.7865618397399854,0.44345458381720915,1.3951361657142518,4.71545778630474,0.2120684873702683
58.4559519038076,0.7838565146578886,0.4375268471648659,1.4043276191005647,4.704864915504096,0.212545953594686
58.80809619238476,0.7811604943544246,0.4316770021251489,1.4135840337473908,4.695128961339782,0.21298669498412331
59.16024048096191,0.7784737468264505,0.42590410962192765,1.4229056747913842,4.686212068813982,0.21339196462209759
59.51238476953907,0.7757962401808959,0.4202072355224612,1.4322928198285232,4.678078990768114,0.21376295739628068
59.86452905811622,0.7731279426343844,0.414585451213847,1.441745758159186,4.67069687218943,0.2141008135112055
60.216673346693376,0.7704688225128564,0.40903783410952455,1.4512647901059397,4.6640350553623096,0.21440662176204817
60.56881763527053,0.767818848251193,0.403563468093596,1.4608502263962575,4.658064903580852,0.21468142258628847
60.920961923847685,0.7651779883928411,0.39816144390978575,1.470502387603294,4.652759641417445,0.21492621090896366
61.273106212424835,0.7625462115894409,0.3928308595010495,1.4802216036386897,4.648094209782534,0.2151419387961988
61.62525050100199,0.7599234866004524,0.387570820305133,1.4900082132920567,4.644045134220241,0.21532951793068764
61.977394789579144,0.7573097822927858,0.382380439510769,1.4998625638124319,4.640590405066312,0.2154898219218532
62.3295390781563,0.7547050676404309,0.37725883827866075,1.5097850105275188,4.637709368253812,0.2156236884625048
62.68168336673345,0.7521093117240897,0.37220514593093473,1.5197759164969946,4.635382625690373,0.21573192134296884
63.03382765531061,0.749522483730809,0.3672185001123296,1.5298356521965941,4.633591944252168,0.2158152923328672
63.38597194388776,0.7469445529536145,0.36229804692603307,1.5399645952300194,4.632320172546095,0.2158745429399719
63.73811623246492,0.7443754887911463,0.3574429410467568,1.5501631300660585,4.631551164684764,0.21591038605487647
64.09026052104207,0.7418152607472961,0.3526523458133645,1.5604316477985682,4.631269710401016,0.21592350748957165
64.44240480961922,0.7392638384308445,0.3479254333031186,1.5707705459272245,4.631461470900907,0.2159145674174163
64.79454909819638,0.7367211915551007,0.343261384389396,1.5811802281571588,4.632112919917761,0.2158842017214369
65.14669338677353,0.734187289937543,0.33865938878453156,1.5916611042157955,4.6332112894861215,0.21583302325737705
65.49883767535069,0.7316621034994606,0.33411864506927325,1.6022135896853789,4.6347445200043405,0.2157616230374363
65.85098196392784,0.7291456022655955,0.329638360710188,1.6128381058498162,4.636701214198576,0.21567057134019874
66.203126252505,0.7266377563637885,0.3252177520662174,1.6235350795546184,4.639070594640009,0.21556041875185128
66.55527054108215,0.7241385360246232,0.3208560443854656,1.6343049430788223,4.641842464502125,0.215431697143401
66.9074148296593,0.7216479115810728,0.316552471793193,1.645148134017895,4.645007171275613,0.2152849205882668
67.25955911823645,0.7191658534681489,0.3123062772718976,1.656065095176716,4.648555573186058,0.21512058622429533
67.61170340681362,0.716692332222549,0.3081167126342747,1.667056274471814,4.652479008084403,0.21493917506394872
67.96384769539077,0.7142273184823082,0.30398303848977865,1.6781221248421114,4.656769264601819,0.21474115275614922
68.31599198396792,0.7117707829864499,0.2999045242054292,1.689263104167512,4.661418555380503,0.21452697030300721
68.66813627254508,0.7093226965746383,0.2958804478614585,1.7004796751947036,4.666419492209561,0.21429706473442175
69.02028056112223,0.7068830301868331,0.29191009620232744,1.711772305469629,4.671765062910704,0.21405185974334043
69.37242484969939,0.7044517548629435,0.28799276458359535,1.723141467276113,4.677448609832925,0.213791766284252
69.72456913827654,0.7020288417424853,0.2841277569150875,1.7345876375801732,4.683463809827932,0.21351718313731124
70.0767134268537,0.6996142620642375,0.28031438560075256,1.7461112979796123,4.689804655589564,0.21322849744032424
70.42885771543085,0.6972079871659018,0.27655197147557875,1.7577129346584814,4.6964654382508435,0.21292608519066225
70.781002004008,0.6948099884837617,0.272839843739897,1.769393038346077,4.703440731141642,0.21261031171902856
71.13314629258515,0.6924202375523437,0.2691773398913689,1.781152104280147,4.71072537461818,0.21228153213687462
71.48529058116232,0.6900387060040791,0.26556380565494025,1.792990632173997,4.718314461883543,0.21194009175912398
71.83743486973947,0.6876653655689678,0.2619985949110021,1.8049091261872428,4.726203325724829,0.21158632650376633
72.18957915831662,0.6853001880742422,0.2584810696219905,1.8169080948999488,4.734387526099216,0.21122056326975958
72.54172344689377,0.682943145444033,0.2550105997576343,1.8289880512899215,4.742862838506628,0.21084312029459135
72.89386773547093,0.6805942096990361,0.2515865632190353,1.8411495127129616,4.751625243091868,0.21045430749275654
73.24601202404808,0.67825335295617994,0.24820834576175865,1.8533930008858575,4.760670914423854,0.21005442677631964
73.59815631262524,0.6759205474282952,0.24487534091808735,1.8657190418719716,4.769996211903644,0.2096437723586604
73.95030060120239,0.6735957654237845,0.24158694991858706,1.878128166069227,4.779597670757048,0.20922263104241753
74.30244488977955,0.6712789793462935,0.23834258161311245,1.8906209082003624,4.789471993570922,0.20879128249258697
74.6545891783567,0.6689701616943845,0.23514165239137505,1.9031978073053035,4.799616042335538,0.20834999949566602
75.00673346693385,0.6666692850612078,0.23198358610318123,1.9158594067355321,4.810026830958453,0.20789904820567054
75.358877755511,0.6643763221341786,0.22886781397844277,1.928606254150325,4.82070151821771,0.20743868837781018
75.71102204408817,0.6620912456946516,0.22579377454705046,1.9414389015147535,4.8316374011250165,0.20696917359054226
76.06316633266532,0.6598140286175983,0.22276091355869337,1.9543579050993474,4.842831908671427,0.20649075145669013
76.41531062124247,0.6575446438712843,0.21976868390270107,1.9673638254813253,4.854282595930382,0.2060036638242603
76.76745490981962,0.6552830645169497,0.21681654552797971,1.9804572275472965,4.865987138494653,0.20550814696755673
77.11959919839678,0.6530292637084881,0.21390396536310213,1.9936386804973705,4.87794332722558,0.20500443176915065
77.47174348697393,0.6507832146921289,0.2110304172366141,2.0069087578505735,4.890149063294537,0.2044927438932283
77.82388777555109,0.6485448908061187,0.20819538179760486,2.0202680374515354,4.902602353497989,0.20397330395080965
78.17603206412824,0.6463142654804054,0.20539834643659463,2.033717101478344,4.915301305828883,0.20344632765729645
78.5281763527054,0.6440913122363234,0.20263880520677907,2.0472565364515414,4.928244125288284,0.20291202598278424
78.88032064128255,0.641876004686278,0.1999162587456725,2.060886933244179,4.941429109922467,0.20237060529553777
79.2324649298597,0.6396683165334331,0.19723021419718542,2.074608887092896,4.954854647071432,0.20182226749901738
79.58460921843685,0.6374682215713987,0.19458018513416797,2.088422997609969,4.96851920981608,0.20126721016280766
79.93675350701402,0.6352756936839195,0.1919656914814507,2.1023298687962786,4.982421353611968,0.200705626647786
80.28889779559117,0.633090706844566,0.18938625943940832,2.1163301090551623,4.996559713098444,0.20013770622584723
80.64104208416832,0.6309132351164243,0.1868414214080695,2.130424331207111,5.010932999072832,0.19956363419447615
80.99318637274547,0.6287432526517887,0.18433071591179653,2.144613152505268,5.025539995619748,0.19898359198645288
81.34533066132263,0.626580733691855,0.18185368752455233,2.158897194651702,5.040379557386665,0.1983977572749461
81.69747494989979,0.6244256525664148,0.1794098867957735,2.173277083814415,5.055450606997131,0.19780630407424482
82.04961923847694,0.6222779836935503,0.1769988701768629,2.187753450645069,5.070752132593725,0.19720940283635852
82.40176352705409,0.6201377015793312,0.17462019994831815,2.2023269302973882,5.086283185503375,0.19660722054370489
82.75390781563125,0.6180047808175115,0.17227344414750564,2.216998162446214,5.102042878018125,0.19599992079808773
83.1060521042084,0.6158791960892287,0.16995817649709188,2.231767791307203,5.1180303812847745,0.19538766390616286
83.45819639278555,0.6137609221627024,0.16767397633414105,2.246636465657123,5.134244923297459,0.19477060696156892
83.8103406813627,0.6116499338929352,0.16542042853988603,2.2616048388547463,5.150685786987345,0.19414890392389936
84.16248496993987,0.6095462062214142,0.1631971234701812,2.276673568862299,5.167352308404227,0.19352270569467295
84.51462925851702,0.6074497141758137,0.16100365688664114,2.291843318267476,5.184243874984919,0.19289216019045963
84.86677354709417,0.6053604328696985,0.1588396298884698,2.3071147543059736,5.201359923903843,0.19225741241330158
85.21891783567132,0.6032783375022285,0.1567046488449854,2.322488548884548,5.218699940501371,0.19161860451856674
85.57106212424848,0.6012034033578642,0.1545983253288422,2.337965378604568,5.2362634567857596,0.19097587588036344
85.92320641282564,0.599135605806074,0.15252027604995266,2.3535459247860615,5.254050050004847,0.19032936315463486
86.27535070140279,0.5970749203010407,0.15047012279010963,2.3692308734922274,5.272059341283827,0.18967920034004868
86.62749498997994,0.5950213223813713,0.14844749233831114,2.385020915554415,5.290290994325672,0.1890255188367885
86.9796392785571,0.5929747876698057,0.1464520164267865,2.4009167465975496,5.308744714170966,0.18836844750334994
87.33178356713425,0.590935291872928,0.14448333166772395,2.4169190670659986,5.327420246014129,0.18770811271143484
87.6839278557114,0.5889028107808774,0.1425410794906979,2.433028582249864,5.346317374073166,0.18704463839903615
88.03607214428855,0.5868773202670616,0.14062490608079606,2.449246002311695,5.3654359205101825,0.18637814612179976
88.38821643286572,0.5848587962878701,0.13873446231744208,2.4655720423136107,5.384775744400233,0.18570875510274049
88.74036072144287,0.5828472148823882,0.13686940371391365,2.4820074222448234,5.404336740746025,0.1850365822803925
89.09250501002002,0.5808425521721139,0.13502939035755174,2.498552867049558,5.424118839536189,0.18436174235546599
89.44464929859717,0.578844784360673,0.1332140868506587,2.515209106655354,5.444122004845126,0.1836843478360746
89.79679358717434,0.5768538877335373,0.13142316225208117,2.5319768760017562,5.464346233972231,0.18300450908160407
90.14893787575149,0.5748698386577438,0.12965629001947598,2.548856915069364,5.48479155661871,0.18232233434527906
90.50108216432864,0.5728926135816127,0.12791314795225156,2.5658499689092658,5.505458034100193,0.18163792981548701
90.8532264529058,0.5709221890344686,0.12619341813518456,2.582956787672822,5.526345758593383,0.18095139965591467
91.20537074148295,0.5689585416263626,0.12449678688270535,2.6001781266418096,5.547454852415133,0.1802628460445498
91.5575150300601,0.5670016480477932,0.12282294468384686,2.6175147462589266,5.568785467332565,0.17957236921159359
91.90965931863725,0.5650514850694303,0.12117158614785437,2.634967412158632,5.590337783902586,0.17888006747633506
92.26180360721442,0.5631080295418398,0.1195424099504501,2.652536895198336,5.612112010839616,0.1781860372830285
92.61394789579157,0.5611712583952084,0.11793511878074667,2.6702239714899276,5.634108384410146,0.1774903732358165
92.96609218436872,0.55924114863907,0.11634941928880595,2.688029422431646,5.65632716785293,0.17679316813273857
93.31823647294587,0.5573176773620322,0.11478502203383613,2.7059540347402744,5.678768650823685,0.17609451299886175
93.67038076152303,0.555400821731505,0.11324164143302373,2.7239986004836765,5.701433148863133,0.175394497118571
94.02252505010019,0.5534905589934294,0.11171899571099297,2.7421639171136443,5.72432100288743,0.17469320806705033
94.37466933867734,0.5515868664720076,0.1102168068498882,2.7604507874990842,5.74743257869992,0.17399073174098928
94.72681362725449,0.5496897215694337,0.1087348005400727,2.778860019959527,5.770768266523346,0.17328715238854314
95.07895791583165,0.547799101765625,0.10727270613143917,2.797392428298944,5.79432848055158,0.1725825526385772
95.4311022044088,0.5459149846179555,0.10583025658532565,2.816048831839895,5.818113658520044,0.17187701352922186
95.78324649298595,0.5440373477609888,0.10440718842703026,2.834830055457991,5.842124261294064,0.1711706145357638
96.1353907815631,0.5421661689062126,0.10300324169892014,2.8537369296166673,5.8663607724743,0.1704634335979003
96.48753507014027,0.540301425841775,0.10161815991412837,2.8727702904022725,5.8908236980186395,0.16975554714637733
96.83967935871742,0.5384430964322202,0.10025169001083174,2.8919309795594725,5.915513565879789,0.16904703012903569
97.19182364729457,0.5365911586182253,0.0989035823071048,2.9112198445269635,5.940430925657976,0.16833795603628496
97.54396793587172,0.5347455904163391,0.09757359045634399,2.930637738473497,5.965576348268058,0.16762839692602755
97.89611222444888,0.5329063699187208,0.09626147140325476,2.9501855203342164,5.99095042562053,0.1669184234480495
98.24825651302604,0.5310734752928808,0.09496698534039809,2.969864054847293,6.016553770315791,0.16620810486789897
98.60040080160319,0.52924688478142,0.09368989566528657,2.9896742125908844,6.042387015351253,0.16549750909026612
98.95254509018034,0.527426576701773,0.09242996893802849,3.0096168700203907,6.068450813840605,0.16478670268188583
99.3046893787575,0.5256125294459495,0.09118697483951038,3.0296929095060268,6.094745838744944,0.164075750893974
99.65683366733465,0.5238047214802789,0.08996068613011471,3.049903219370685,6.121272782615138,0.16336471768421643
100.0089779559118,0.522003131345154,0.08875087860896398,3.0702486939281344,6.148032357345093,0.16265366573832257
100.36112224448895,0.5202077376547761,0.08755733107368864,3.0907302335214935,6.175025293935476,0.16194265649115722
100.71326653306612,0.5184185190969022,0.08637982528070995,3.111348744562037,6.202252342267447,0.16123175014746588
101.06541082164327,0.5166354544325904,0.08521814590603381,3.1321051395682944,6.229714270886108,0.16052100570220232
101.41755511022042,0.5148585224959495,0.08407208050654848,3.1530003372054636,6.257411866793174,0.15981048096047487
101.76969939879757,0.5130877021938866,0.0829414194818216,3.1740352623251313,6.2853459352486984,0.15910023255711733
102.12184368737474,0.5113229725058567,0.0818259560363897,3.1952108460052973,6.313517299581312,0.1583903159759008
102.47398797595189,0.509564312483614,0.08072548614253491,3.2165280255907125,6.341926801006856,0.15768078556839196
102.82613226452904,0.5078117012509625,0.07963980850354294,3.2379877447335264,6.370575298454951,0.15697169457247118
103.17827655310619,0.5060651180035085,0.07856872451743727,3.259590953434234,6.399463668403309,0.156263095130518
103.53042084168335,0.5043245420084135,0.07751203824118284,3.281338608082959,6.428592804719454,0.1555550383072739
103.8825651302605,0.5025899526041482,0.07646955635535495,3.3032316715010115,6.45796361850966,0.15484757410738953
104.23470941883765,0.5008613292002474,0.0754410881292665,3.3252711129827874,6.4875770379747495,0.15414075149266723
104.5868537074148,0.499138651277065,0.07442644538654893,3.3474579083379736,6.517434008272618,0.15343461839900396
104.93899799599197,0.4974218983855311,0.07342544247118145,3.369793039934055,6.547535491387166,0.15272922175304454
105.29114228456912,0.49571105014690897,0.07243789621396256,3.392277496739152,6.577882466003479,0.15202460748855087
105.64328657314627,0.49400608625255293,0.07146362589941868,3.414912274365161,6.608475927389022,0.1513208205624947
105.99543086172342,0.4923069864636675,0.07050245323314505,3.437698375111224,6.63931688728064,0.15061790497088087
106.34757515030059,0.4906137306110673,0.06955420230957295,3.4606368080075076,6.670406373777159,0.1499159037643075
106.69971943887774,0.4889262985949375,0.06861869958015863,3.4837285888592957,6.7017454312374625,0.14921485906326826
107.05186372745489,0.48724467038459507,0.06769577382198778,3.5069747402914246,6.733335120183794,0.1485148120732039
107.40400801603204,0.4855688260182512,0.06678525610679192,3.5303762917930115,6.765176517210143,0.1478158030993085
107.7561523046092,0.4838987456027738,0.06588697977037,3.5539342797625255,6.797270714895589,0.14711787156109474
108.10829659318635,0.48223440931345274,0.06500078038241176,3.5776497475531728,6.829618821722353,0.1464210560067262
108.4604408817635,0.4805757973937632,0.06412649571671619,3.6015237455186178,6.862221961998526,0.145725394127118
108.81258517034065,0.47892289015513095,0.06326396572180143,3.625557331059019,6.895081275785279,0.14503092276981322
109.16472945891782,0.47727566797670024,0.06241303249190113,3.6497515686673974,6.9281979188283165,0.1443376779526411
109.51687374749497,0.47563411130509936,0.061573540238341495,3.674107529976339,6.961573062493673,0.14364569487715678
109.86901803607212,0.4739982006542089,0.060745335261295046,3.6986262938050296,6.995207893707483,0.14295500794187216
110.22116232464927,0.47236791660493144,0.059928265921906594,3.723308946206608,7.029103614899747,0.1422656507552795
110.57330661322644,0.47074323980495897,0.059122182614785294,3.748156580515881,7.06326144395199,0.14157765614867096
110.92545090180359,0.46912415096854554,0.05832693774086052,3.773170297397339,7.097682614148539,0.14089105618876185
111.27759519038074,0.4675106308762764,0.05754238568059424,3.7983512048935424,7.1323683741315564,0.14020588219011626
111.62973947895789,0.46590266037484135,0.056768382767547705,3.82370041847383,7.167319987859489,0.1395221647273835
111.98188376753505,0.4643002203768059,0.05600478726229636,3.8492190610833736,7.202538734569022,0.13883993364734568
112.3340280561122,0.4627032918603859,0.055251459326689574,3.8749082631925673,7.238025908740313,0.13815921808078155
112.68617234468935,0.46111185586922165,0.05450826099844996,3.900769162846789,7.2737828200654455,0.1374800464541506
113.03831663326652,0.45952589351215184,0.05377505616610871,3.9268029057164595,7.309810793420159,0.13680244650109663
113.39046092184367,0.4579453859629902,0.05305171054427224,3.953010645147502,7.346111168838471,0.13612644527378082
113.74260521042082,0.4563703144603025,0.05233809164921568,3.979393542212128,7.3826853014904055,0.13545206915404095
114.09474949899797,0.45480066030718214,0.0516340687747996,4.005952765759967,7.419534561662623,0.1347793438643829
114.44689378757514,0.45323640487102973,0.05093951296870558,4.032689492469561,7.456660334741864,0.1341082944788068
114.79903807615229,0.4516775295833318,0.05025429700898616,4.059604906900225,7.494064021201095,0.13343894543347218
115.15118236472944,0.45012401593943924,0.04957829538092543,4.086700201544254,7.531747036588527,0.13277132053719978
115.50332665330659,0.44857584549834884,0.048911384254206824,4.113976576879476,7.569710811519076,0.13210544298182006
115.85547094188375,0.4470329998824839,0.04825344146038283,4.141435241422205,7.607956791668489,0.1314413353523649
116.2076152304609,0.44549546077747615,0.04760434647064399,4.169077411780526,7.646486437769969,0.13077901963710817
116.55975951903805,0.44396320993194827,0.0469639803738825,4.196904312707954,7.685301225613245,0.13011851723745615
116.9119038076152,0.44243622915729724,0.046332225855047225,4.224917177157469,7.724402646046001,0.12945984897769203
117.26404809619237,0.4409145003274786,0.04570896717378554,4.253117246335929,7.763792204977708,0.12880303511457405
117.61619238476952,0.4393980053787909,0.04509409014336928,4.281505769758823,7.803471423385671,0.12814809534679283
117.96833667334667,0.437886726309662,0.044487482109900306,4.310084005305432,7.843441837323363,0.1274950488242873
118.32048096192382,0.43638064518043457,0.04388903193179228,4.338853219274365,7.883704997930935,0.12684391415742324
118.67262525050099,0.43487974411315367,0.043298629959525374,4.367814686439449,7.924262471447841,0.12619470942603572
119.02476953907814,0.4333840052913542,0.042716168015669756,4.39696969010603,7.965115839227613,0.12554745218833768
119.37691382765529,0.4318934109598495,0.04214153937517493,4.426319522167649,8.00626669775464,0.12490215948969705
119.72905811623244,0.43040794342452104,0.0415746387459214,4.455865483163085,8.047716658662962,0.12425884787128413
120.0812024048096,0.4289275850521074,0.041015362249530354,4.485608882333826,8.089467348757113,0.12361753337859045
120.43334669338675,0.42745231826999625,0.04046360740242972,4.51555103768189,8.131520410034767,0.12297823156982329
120.7854909819639,0.42598212556601445,0.03991927309717125,4.545693276028073,8.173877499711427,0.12234095752417434
121.13763527054105,0.424516989488221,0.03938225958399684,4.576036933070578,8.21654029024686,0.1217057258499679
121.48977955911822,0.42305689264469964,0.03885246845265051,4.606583353444025,8.259510469373424,0.12107255069268787
121.84192384769537,0.42160181770335237,0.038329802614431835,4.637333890778907,8.302789740126203,0.12044144574288591
122.19406813627252,0.42015174739169375,0.03781416628448941,4.66828990776141,8.346379820874835,0.11981242424397406
122.54621242484967,0.41870666449664606,0.03730546496434944,4.69945277619365,8.390282445357157,0.11918549899990073
122.89835671342684,0.41726655186433437,0.03680360542467767,4.730823877054324,8.434499362714508,0.1185606823827142
123.25050100200399,0.41583139239988365,0.036308495688270874,4.762404600559777,8.479032337528729,0.11793798634001398
123.60264529058114,0.41440116906721525,0.03582004501327508,4.794196346225457,8.523883149860811,0.117317422402292
123.95478957915829,0.4129758648888454,0.035338163876627735,4.826200522927825,8.569053595291143,0.1166990016901655
124.30693386773545,0.41155546294568246,0.03486276395772048,4.858418548966646,8.614545484961429,0.11608273492150206
124.6590781563126,0.41013994637682755,0.0343937581222802,4.890851852127721,8.66036064561808,0.11546863241844024
125.01122244488975,0.4087292983793735,0.03393106040646461,4.923501869746058,8.706500919657252,0.1148567041143053
125.3633667334669,0.4073235022082053,0.033474586001170495,4.956370048769426,8.752968165171382,0.11424695956042245
125.71551102204407,0.4059225411758016,0.03302425123655127,4.989457845822384,8.799764255997223,0.11363940793282946
126.06765531062122,0.40452639865203727,0.03257997356674112,5.022766727270724,8.846891081765342,0.11303405803888979
126.41979959919837,0.40313505806398453,0.03214167155478303,5.056298169286338,8.894350547951186,0.11243091832380611
126.77194388777552,0.4017485028957175,0.03170926485775835,5.090053657912537,8.942144575927484,0.1118299968770388
127.12408817635269,0.40036671668811563,0.031282674212114545,5.1240346891298225,8.990275103018158,0.11123130143862744
127.47623246492984,0.39898968303866855,0.03086182141918932,5.158242768922057,9.038744082553604,0.11063483940541907
127.82837675350699,0.3976173856012805,0.030446629330927597,5.192679413343147,9.087553483927444,0.11004061783720272
128.18052104208414,0.3962498080860778,0.030037021835789983,5.227346148584105,9.136705292654534,0.1094486434627536
128.5326653306613,0.39488693425921406,0.029632923844848873,5.262244511040626,9.186201510430488,0.10885892268578568
128.88480961923844,0.39352874794267867,0.029234261278070866,5.2973760473810625,9.236044155192399,0.1082714615908166
129.2369539078156,0.3921752330141036,0.028840961050782085,5.332742314614921,9.286235261181071,0.10768626594894333
129.58909819639277,0.390826373406573,0.028452951060314865,5.368344880161746,9.33677687900443,0.10710334122353246
129.9412424849699,0.38948215310843204,0.02807016017283257,5.404185321920534,9.38767107570229,0.10652269257582507
130.29338677354707,0.3881425561630963,0.027692518210330672,5.440265228339573,9.4389199348125,0.10594432487045613
130.64553106212423,0.3868075666688635,0.027319955937811873,5.476586198486774,9.490525556438227,0.105368242680893
130.99767535070137,0.38547716877872434,0.02695240505063248,5.513149842120457,9.542490057316629,0.10479445029479051
131.34981963927854,0.38415134670017365,0.026589798162018,5.549957779760641,9.594815570888773,0.10422295171926577
131.70196392785567,0.3828300846950238,0.02623206879074592,5.5870116427607766,9.64750424737078,0.10365375068609362
132.05410821643284,0.38151336707921735,0.02587915134899317,5.624313073379987,9.700558253826237,0.10308685065682331
132.40625250501,0.3802011782226416,0.025530981130346162,5.661863724855801,9.753979774239808,0.10252225482781839
132.75839679358714,0.37889350254894194,0.02518749429797123,5.6996652614773335,9.80777100959213,0.10195996613521938
133.1105410821643,0.37759032453533775,0.024848627872943486,5.73771935865901,9.861934177935886,0.10139998725983193
133.46268537074147,0.3762916287124381,0.024514319722731714,5.776027703014753,9.916471514473088,0.10084232063194054
133.8148296593186,0.3749973996640581,0.024184508549837575,5.814591992432681,9.971385271633526,0.10028696843604946
134.16697394789577,0.37370762202703506,0.023859133880586622,5.85341393615029,10.026677719154572,0.09973393261555014
134.5191182364729,0.37242228049104764,0.023538136054069687,5.892495254830168,10.082351144161903,0.0991832148773197
134.87126252505007,0.3711413597984327,0.02322145621123202,5.931837680636203,10.138407851251651,0.0986348166962472
135.22340681362724,0.36986484474400533,0.022909036284108782,5.971442957310287,10.194850162573553,0.09808873931969231
135.57555110220437,0.3685927201748774,0.02260081898520443,6.01131284024956,10.251680417915422,0.09754498377187416
135.92769539078154,0.3673249709902778,0.022296747797014408,6.051449096584194,10.308900974788628,0.09700355085819455
136.2798396793587,0.3660615821413744,0.02199676696168742,6.091853505255605,10.3665142085148,0.09646444116949403
136.63198396793584,0.36480253863109385,0.021700821470825755,6.1325278570953,10.424522512313741,0.09592765508624224
136.984128256513,0.363547825513944,0.021408857055422368,6.173473954904201,10.482928297392391,0.09539319278266438
137.33627254509017,0.36229742789583713,0.021120820175933093,6.214693613532479,10.541733993034963,0.09486105423080404
137.6884168336673,0.36105133093391256,0.020836658012481295,6.256188659959976,10.600942046694234,0.09433123920452305
138.04056112224447,0.3598095198363605,0.020556318455194154,6.297960933377139,10.660554924083955,0.0938037472834397
138.3927054108216,0.3585719798622469,0.020279750094668376,6.340012285266481,10.720575109272394,0.09327857785680586
138.74484969939877,0.357338696321338,0.02000690221256348,6.382344579484622,10.781005104776995,0.09275573012732424
139.09699398797594,0.35610965457392546,0.019737724772321264,6.424959692344848,10.841847431660218,0.09223520311490581
139.44913827655307,0.3548848400306544,0.01947216841000982,6.467859512700243,10.903104629626352,0.09171699566036998
139.80128256513024,0.3536642381523481,0.019210184425289763,6.511045942027395,10.964779257119647,0.09120110642908569
140.1534268537074,0.3524478344498362,0.018951724772502107,6.554520894510596,11.026873891423433,0.09068753391455649
140.50557114228454,0.35123561448378376,0.01869674205187529,6.598286297126695,11.089391128760294,0.09017627644195034
140.8577154308617,0.350027563864518,0.01844518950084999,6.642344089730458,11.152333584393562,0.0896673321715724
141.20985971943884,0.348823668251859,0.018197020985520566,6.68669622514051,11.2157038927297,0.08916069910228507
141.562004008016,0.34762391335494885,0.01795219099219091,6.731344669225869,11.279504707421914,0.08865637507487363
141.91414829659317,0.34642828493208166,0.017710654619043656,6.7762914009930615,11.343738701474892,0.08815435777535864
142.2662925851703,0.34523676879053533,0.017472367567921115,6.821538412673785,11.408408567350516,0.08765464473825726
142.61843687374747,0.34404935078640253,0.017237286136216345,6.867087709813218,11.473517017074824,0.087157233349792
142.97058116232463,0.3428660168244227,0.017005367208873017,6.912941311358846,11.539066782346017,0.08666212085104938
143.32272545090177,0.3416867528578154,0.016776568250492476,6.959101249749965,11.605060614643506,0.08616930434108885
143.67486973947894,0.3405115448881127,0.01655084729754683,7.005569571007706,11.671501285338222,0.08567878078000157
144.02701402805607,0.3393403789649937,0.01632816295069621,7.0523483348257265,11.738391585803829,0.08519054699192176
144.37915831663324,0.33817324118611825,0.016108474367209275,7.099439614661478,11.80573432752925,0.08470459966798898
144.7313026052104,0.33701011769696304,0.015891741253485425,7.146845497828067,11.87353234223207,0.08422093536926459
145.08344689378754,0.3358509946906557,0.015677923857677065,7.19456808558677,11.941788481973262,0.08373955052960039
145.4355911823647,0.334695858407812,0.01546698296241108,7.242609493240153,12.010505619272879,0.08326044145846213
145.78773547094187,0.3335446951363727,0.015258879877607863,7.290971850225799,12.079686647226824,0.08278360434370817
146.139879759519,0.332397491211439,0.01505357643339661,7.3396573002106695,12.14933447962496,0.082309035254321955
146.49202404809617,0.3312542330151124,0.014851034973125742,7.388668001186136,12.219452051069988,0.08183673014310291
146.8441683366733,0.3301149069763324,0.014651218346467217,7.438006125563575,12.290042317097665,0.08136668484931249
147.19631262525047,0.3289794995707146,0.01445408990261304,7.487673860270666,12.361108254298117,0.0808988951012776
147.54845691382764,0.32784799732039116,0.014259613483563378,7.537673406848305,12.43265286043814,0.08043335651895286
147.90060120240477,0.3267203867938505,0.014067753417504658,7.588006981548153,12.504679154584743,0.07997006461644063
148.25274549098194,0.32559665460577747,0.013878474512276348,7.638676815430894,12.577190177229758,0.07950901480447035
148.6048897795591,0.32447678741689495,0.01369174204892565,7.689685154465081,12.650188990415526,0.07905020239283814
148.95703406813624,0.32336077193380564,0.013507521775348589,7.741034259626671,12.723678677861734,0.07859362259280615
149.3091783567134,0.32224859490883334,0.013325779900016328,7.792726406999271,12.797662345093466,0.07813927051946272
149.66132264529054,0.321140243139867,0.01314648308578599,7.844763887874957,12.872143119570152,0.07768714119404489
150.0134669338677,0.32003570347020255,0.012969598443794137,7.8971490088558625,12.94712415081593,0.07723722954622164
150.36561122244487,0.31893496278838834,0.012795093527432596,7.9498840919563944,13.02260861055084,0.07678953041634116
150.717755511022,0.3178380080280683,0.012622936326404911,8.002971474706142,13.098599692823415,0.07634403855763983
151.06989979959917,0.3167448261678265,0.01245309526086252,8.056413510253496,13.175100614144258,0.07590074863841573
151.42204408817634,0.31565540423103455,0.01228553917562008,8.1102125674699,13.252114613620734,0.07545965524416641
151.77418837675347,0.3145697292856953,0.012120237334447776,8.164371031054914,13.329644953092911,0.07502075287969073
152.12633266533064,0.3134877884442906,0.011957159414440808,8.218891301641833,13.407694917270604,0.07458403597115629
152.47847695390777,0.3124095688636286,0.011796275500464306,8.273775795904116,13.486267813871448,0.07414949886813305
152.83062124248494,0.3113350577446893,0.01163755607967254,8.329026946662538,13.565366973760417,0.07371713584559171
153.1827655310621,0.3102642423324757,0.01148097203610227,8.384647202992952,13.644995751090061,0.0732869411058712
153.53490981963924,0.3091971099158594,0.011326494645338143,8.440639030334872,13.725157523442396,0.07285890878061053
153.8870541082164,0.3081336478274318,0.011174095569250028,8.497004910600769,13.805855691971518,0.07243303293265099
154.23919839679357,0.3070738434433531,0.011023746850800976,8.553747342286036,13.887093681547602,0.07200930755790497
154.5913426853707,0.3060176841832018,0.010875420908924788,8.610868840579743,13.968874940902179,0.07158772658719322
154.94348697394787,0.3049651575098257,0.010729090533472376,8.668371937476138,14.051202942774308,0.07116828388805245
155.295631262525,0.30391625092919416,0.010584728880226197,8.726259181886864,14.134081184058076,0.07075097326651178
155.64777555110217,0.3028709519902483,0.010442309465981348,8.784533139753929,14.217513185951322,0.0703357884688389
155.99991983967934,0.3018292482847536,0.010301806163692848,8.843196394163455,14.301502494105506,0.06992272318325708
156.35206412825647,0.3007911274471536,0.010163193197688207,8.902251545460139,14.38605267877669,0.06951177104163325
156.70420841683364,0.29975657715442144,0.010026445138943983,8.961701211362572,14.471167334977858,0.06910292562113685
157.0563527054108,0.2987255851259148,0.0098915369004261,9.0215480270792,14.556850082632385,0.06869618044587056
157.40849699398794,0.2976981391232301,0.009758443732492574,9.08179464542519,14.643104566728542,0.06829152898847411
157.7606412825651,0.2966742269500565,0.009627141218357975,9.142443736939983,14.729934457475576,0.06788896467169893
158.11278557114227,0.29565383645203147,0.009497605269618875,9.203497990005669,14.81734345046068,0.06748848086995712
158.4649298597194,0.29463695551659713,0.009369812121839407,9.264960110966154,14.905335266807246,0.06709007091084386
158.81707414829657,0.2936235720728552,0.009243738330195967,9.326832824247147,14.993913653334548,0.06669372807663239
159.1692184368737,0.2926136740914249,0.009119360765180641,9.389118872476867,15.08308238271838,0.06629944560574447
159.52136272545087,0.29160724958429934,0.008996656608362163,9.451821016607676,15.17284525365315,0.06590721669419458
159.87350701402804,0.29060428660470394,0.008875603348203932,9.514942036038418,15.263206091015011,0.06551703449700975
160.22565130260517,0.28960477324695405,0.008756178775938104,9.578484728737628,15.354168746026494,0.06512889212962376
160.57779559118234,0.2886086976463135,0.00863836098149516,9.642451911367589,15.445737096422164,0.06474278266924788
160.9299398797595,0.28761604797885426,0.008522128349488208,9.70684641940912,15.537915046615693,0.06435869915621721
161.28208416833664,0.28662681246131644,0.008407459555251176,9.771671107287327,15.630706527868043,0.0639766345953138
161.6342284569138,0.2856409793509671,0.008294333560930109,9.836928848498124,15.724115498457124,0.06359658195706598
161.98637274549094,0.2846585369454616,0.008182729611627266,9.902622535735553,15.818145943848616,0.06321853417902504
162.3385170340681,0.2836794735827054,0.00807262723159673,9.968755081020062,15.91280187686795,0.06284248416701999
162.69066132264527,0.2827037776407145,0.007964006220491322,10.0353294158276,16.008087337873857,0.062468424796389
163.0428056112224,0.28173143753747765,0.007856846649659827,10.10234849121947,16.10400639493307,0.062096348913189575
163.39494989979957,0.2807624417308195,0.00775112885849399,10.169815277973287,16.2005631439962,0.06172624933538759
163.74709418837674,0.2797967787182632,0.007646833450824704,10.237732766714524,16.297761709075168,0.06135811885402428
164.09923847695387,0.27883443703689376,0.007543941291366417,10.306103968049172,16.395606242421813,0.06099195023436284
164.45138276553104,0.2778754052632221,0.007442433502209512,10.374931912697154,16.494100924707855,0.06062773621701433
164.80352705410817,0.2769196720130495,0.007342291459359658,10.444219651626684,16.593249965206137,0.06026546951904349
165.15567134268534,0.27596722594133244,0.007243496789323768,10.51397025618952,16.693057601973294,0.05990514283505435
165.5078156312625,0.27501805574204774,0.007146031365741802,10.584186818257086,16.793528102033747,0.05954674883825614
165.85995991983964,0.2740721501480585,0.007049877306063788,10.654872450357548,16.894665761565015,0.059190280181510166
166.2121042084168,0.27312949793098074,0.006955016968271569,10.726030285813785,16.99647490608428,0.05883572949835774
166.56424849699397,0.272190087901049,0.0068614329476445095,10.797663478882287,17.098959890636703,0.058483089404028285
166.9163927855711,0.2712539089069851,0.006769108073568793,10.869775204892976,17.202125099984467,0.05813235249643098
167.26853707414827,0.2703209498358644,0.006678025406389456,10.94236866038996,17.305974948797967,0.05778351135712569
167.6206813627254,0.2693911996129843,0.00658816823430478,11.015447063273257,17.410513881847763,0.05743655855227812
167.97282565130257,0.26846464720173313,0.006499520070302496,11.089013652941407,17.515746374198255,0.05709148663359616
168.32496993987974,0.26754128160345914,0.006412064649137062,11.163071690435077,17.621676931402558,0.0567482881392496
168.67711422845687,0.26662109185733907,0.00632578592434757,11.23762445858163,17.7283100896991,0.056406955594771685
169.02925851703404,0.2657040670402487,0.006240668065315756,11.312675262140688,17.835650416209383,0.056067481513944716
169.3814028056112,0.2647901962666338,0.0061566954543636416,11.388227427950543,17.943702509137037,0.05572985839966942
169.73354709418834,0.2638794686883798,0.006073852683889952,11.464284305075727,18.05247099796876,0.055394078744816624
170.0856913827655,0.2629718734946832,0.005992124553545243,11.540849264955375,18.16196054367635,0.055060135033063985
170.43783567134264,0.2620673999119244,0.005911496067444915,11.617925701552789,18.27217583892021,0.05472801973971672
170.7899799599198,0.2611660372035376,0.0058319524314195915,11.695517031505815,18.38312160825458,0.054397725332512054
171.14212424849697,0.260267774669886,0.005753479050302666,11.773626694278324,18.49480260833377,0.05406924427240977
171.4942685370741,0.2593726016481326,0.005676061525254071,11.852258152312674,18.607223628120416,0.05374256901436583
171.84641282565127,0.2584805075121147,0.005599685651120199,11.931414891183188,18.720389489094813,0.05341769200809256
172.19855711422844,0.2575914816722179,0.005524337413829191,12.011100419750758,18.834305045465797,0.05309460569880394
172.55070140280557,0.2567055135752497,0.0054500029878213,12.091318270318245,18.948975184383418,0.052773302527945605
172.90284569138274,0.25582259270431434,0.005376668733513763,12.172071998787205,19.064404826152796,0.05245377493391177
173.25498997995987,0.2549427085786889,0.005304321194799796,12.253365184815406,19.18059892444954,0.05213601535274784
173.60713426853704,0.25406585075369753,0.005232947096581126,12.335201431975612,19.297562466536974,0.051820016218838756
173.9592785571142,0.25319200882058834,0.005162533342333745,12.417584367915262,19.41530047348451,0.051505769965584654
174.31142284569134,0.25232117240640983,0.005093067011706413,12.500517644517341,19.53381800038786,0.0511932690260626
174.6635671342685,0.2514533311738873,0.0050245353581513386,12.58400493806221,19.653120136590637,0.050882505833675575
175.01571142284567,0.2505884748213005,0.004956925806586848,12.668049949390623,19.773212005907716,0.05057347282278804
175.3678557114228,0.24972659308236123,0.004890225951091339,12.752656404067746,19.894098766849833,0.05026616242934973
175.71999999999997,0.24886767572609125,0.0048244235526283255,12.837828052548353,20.0157856128502,0.049960567091505856
