cluster,lag,bootstrap_low,bootstrap_median,bootstrap_high,lowess_neglog10_fdr,n_core_cities,mean_beta,stouffer_z,stouffer_p,stouffer_p_fdr,neglog10_fdr
1,1.0,22.356420197464924,175.44288646862776,309.7068309195228,166.17177195464393,15.0,0.22429333903912685,21.036692654563772,3.02773135731435e-98,1.21109254292574e-97,96.91682266994827
1,1.05,21.471791777300655,172.24928266739988,303.13485152711837,163.24661129148544,,,,,,
1,1.1,21.09813567799488,167.92136678198702,296.61670020344656,160.34920712766373,,,,,,
1,1.15,20.7526831556514,164.65063333503915,292.07521743362264,157.4806595432472,,,,,,
1,1.2,20.370888618690113,160.61857571950458,287.11584780346277,154.642029863947,,,,,,
1,1.25,20.011790774341055,156.62177834752384,282.4751445637276,151.83433976936013,,,,,,
1,1.3,19.30666617987368,153.2017111936726,278.08969043771424,149.05857053902764,,,,,,
1,1.35,18.605805494070534,150.65175855173004,273.20770684053224,146.31566244011273,,,,,,
1,1.4,17.831978217607524,148.212993763472,267.76184026734114,143.60651426012492,,,,,,
1,1.45,16.982588250193547,143.95774726224394,262.1847775465144,140.93198298777796,,,,,,
1,1.5,16.17218318233968,141.6977737971103,258.28936965857525,138.2928836446291,,,,,,
1,1.55,15.563206465897181,138.51500102398808,255.0311514936906,135.68998926974385,,,,,,
1,1.6,15.028470029287385,135.6591687105529,252.40973123389008,133.12403105905975,,,,,,
1,1.65,14.516595441875047,132.40933208715518,249.5213642593622,130.59569866054878,,,,,,
1,1.7000000000000002,14.026716296643041,129.59487798485137,246.6210387141651,128.1056406254773,,,,,,
1,1.75,13.5579894739184,126.83269762096407,243.7264254616825,125.654465015124,,,,,,
1,1.8,13.090795478427967,124.9661462662315,240.33973405936834,123.24274016103617,,,,,,
1,1.85,12.682362028023856,123.01811500833949,236.2329499614226,120.8709955753005,,,,,,
1,1.9,12.45860594802603,120.62307989935418,231.77674976519992,118.53972300510465,,,,,,
1,1.9500000000000002,12.24759174168389,118.74026581060167,227.3905774994769,116.24937762300705,,,,,,
1,2.0,12.040686917884384,116.24984055423701,223.0749143596346,114.00037934045164,15.0,0.24673149473612227,30.667250258742683,1.5563802846086075e-206,1.867656341530329e-205,204.7287030331956
1,2.05,11.837771442176061,113.52681794627813,218.53888140706204,111.79299230469267,,,,,,
1,2.1,11.63874125608019,111.18381661647771,215.08494907841927,109.62696569157268,,,,,,
1,2.1500000000000004,11.443498197468855,108.52303595555509,211.14210116957796,107.50190963890715,,,,,,
1,2.2,11.251946555664325,106.68841315304073,206.87865174383177,105.41741951663583,,,,,,
1,2.25,11.063992960772184,104.93813941715993,204.00996370663267,103.37307702010396,,,,,,
1,2.3,10.879546263436799,103.10420368864385,200.66094850144066,101.3684513043186,,,,,,
1,2.35,10.698517404083098,100.79734890612662,198.01996815084075,99.40310016201298,,,,,,
1,2.4000000000000004,10.347548344434063,98.98719062337976,194.8981060574858,97.4765712456219,,,,,,
1,2.45,10.185673696890037,97.31940457178362,192.35929365980294,95.58840332870058,,,,,,
1,2.5,10.005368613116515,95.57121836224896,189.8515209954256,93.7381275950254,,,,,,
1,2.55,9.764284893098257,93.77277200540044,187.43906522831392,91.92526893229963,,,,,,
1,2.6,9.530130302666002,91.8679098332867,185.8353149564499,90.14934719005983,,,,,,
1,2.6500000000000004,9.437265462574901,89.51261618160292,184.44462176922133,88.40987833527547,,,,,,
1,2.7,9.344463284874664,87.6465976656691,182.5275780681471,86.7063754001266,,,,,,
1,2.75,9.246399122455994,86.01603105097442,180.62958191844368,85.038349058438,,,,,,
1,2.8,9.147995595426776,84.50076014160086,178.86345379337448,83.40530758157695,,,,,,
1,2.85,9.024750934790486,83.14726625790263,177.19251785578166,81.80675579830135,,,,,,
1,2.9000000000000004,8.810543722678876,81.56904381542509,176.6295914255417,80.24219249753565,,,,,,
1,2.95,8.601822793154502,79.85087358215335,176.06631156776882,78.71110544120116,,,,,,
1,3.0,8.307834515431994,78.46337958571421,174.877887335471,77.21296275713792,15.0,0.23457946819961,21.899530433758322,2.624715061720327e-106,1.5748290370321963e-105,104.80276658619411
1,3.0500000000000003,7.988264229043944,77.27841972029813,173.59362591524382,75.74713557371297,,,,,,
1,3.1,7.6834094466694065,76.01108450378966,171.95148699685902,74.31268221721993,,,,,,
1,3.15,7.392439722100085,74.34958799825989,169.83043501343536,72.90850076165212,,,,,,
1,3.2,7.11455162692234,72.8573100740419,167.75230740479577,71.53334827783081,,,,,,
1,3.25,6.952045650073819,71.01651734306844,165.70770909637886,70.1857768732773,,,,,,
1,3.3000000000000003,6.802624557118018,69.33818887411431,163.61770132237945,68.86403930418639,,,,,,
1,3.35,6.651455546741627,68.65110234771313,161.5136015850744,67.56595125303753,,,,,,
1,3.4000000000000004,6.46718836064165,67.50360496920041,159.44093771975642,66.28869327478559,,,,,,
1,3.45,6.2409457669647574,65.73646895101925,157.39516013676493,65.02853176086064,,,,,,
1,3.5,6.022061311658255,64.32888935329076,156.1160626423763,63.780437779946126,,,,,,
1,3.5500000000000003,5.809512520924086,62.90576888720243,154.21566030023098,62.53759160316252,,,,,,
1,3.6,5.602176528628995,61.617217160632194,152.30730989447054,61.29079184445907,,,,,,
1,3.6500000000000004,5.398822743811086,60.27804750145145,151.8186877588838,60.02786394267573,,,,,,
1,3.7,5.198134333810889,58.77798606538701,151.36508722018925,58.73331500955923,,,,,,
1,3.75,5.050695205736525,57.48548530311014,150.76997581950914,57.3887355170633,,,,,,
1,3.8000000000000003,4.921653665847446,56.09041684604617,149.2530137585836,55.97476414420305,,,,,,
1,3.85,4.794005623651983,54.52641045962736,147.40409837746827,54.475598157380574,,,,,,
1,3.9000000000000004,4.666256194745361,53.0198973720522,145.24791783208155,52.886586578833175,,,,,,
1,3.95,4.464635664501716,51.11727271614722,142.8016662082083,51.22397526112582,,,,,,
1,4.0,4.16470331786485,49.4081792130638,140.23114745407278,49.534137635704695,15.0,0.190969629279203,13.600801828360982,3.960672617562695e-42,9.505614282150468e-42,41.02201981244104
1,4.050000000000001,3.8748930290050936,48.50637336836667,137.24641015529517,48.23312100312449,,,,,,
1,4.1,3.759483137602843,47.24590769357963,134.44355249756745,47.058067001122886,,,,,,
1,4.15,3.6891160348457697,46.23570152269687,131.89714215015817,46.04000601260736,,,,,,
1,4.2,3.6234453080146607,45.646490644650314,129.5945620461277,45.17066824335463,,,,,,
1,4.25,3.5137527317442045,44.89776078739679,127.50896431862353,44.424150631138446,,,,,,
1,4.300000000000001,3.4207641927448758,44.219514828112565,125.58728173729435,43.77064566146767,,,,,,
1,4.35,3.356845000927743,43.56187603033493,123.78132483357756,43.183570275434505,,,,,,
1,4.4,3.35337249438001,43.20749346502859,121.96095896200289,42.64211279047481,,,,,,
1,4.45,3.3942763012846893,42.77534399220944,119.42824107399423,42.13125993994218,,,,,,
1,4.5,3.45154114451435,41.98181379718526,117.00097070874347,41.64078660863218,,,,,,
1,4.550000000000001,3.295691220844435,40.81258348348723,114.54001842670112,40.51400443642631,,,,,,
1,4.6,3.144619038916202,39.68504440491714,112.18516619435628,39.418382035253266,,,,,,
1,4.65,2.997424630125945,38.58399449725047,109.98047269389511,38.35573043844637,,,,,,
1,4.7,2.856409921547313,37.37841462764955,107.78730094336424,37.329483711627105,,,,,,
1,4.75,2.7218001400698166,36.50051376863052,105.59678519229327,36.34502153063252,,,,,,
1,4.800000000000001,2.6767612034411803,35.39714688479389,103.40158490212045,35.40959734817678,,,,,,
1,4.85,2.6431281451612834,34.598720504126405,101.19793171643501,34.53133983498657,,,,,,
1,4.9,2.546176671929896,33.824777202981394,98.98778111951452,33.71661394756949,,,,,,
1,4.95,2.4639029619532002,33.28063213249504,96.77957114362849,32.96508676757925,,,,,,
1,5.0,2.3935958833205224,32.58002202981466,94.5850930307526,32.26208291716987,15.0,0.14527382937487093,10.154175872220437,3.1748107038264663e-24,4.233080938435288e-24,23.37334342753833
1,5.05,2.4831525609640814,32.500754864353766,94.0457204928381,32.15017676038416,,,,,,
1,5.1000000000000005,2.563704967317093,32.53251092916604,93.6219438451202,32.067119420641106,,,,,,
1,5.15,2.6274038983359427,32.5971840898216,92.64650207642656,32.021051604815554,,,,,,
1,5.2,2.6945050756715716,32.71097154369245,91.73044867416243,32.00712643806992,,,,,,
1,5.25,2.7639868458846126,32.7587335806204,90.90889428401171,32.01587330847097,,,,,,
1,5.3,2.8350229433574823,32.85207861781701,90.17273819383256,32.037838151325545,,,,,,
1,5.3500000000000005,2.907087970809612,32.873852478299725,89.49366113191374,32.065578709806,,,,,,
1,5.4,2.979930559517534,32.8719402765262,88.74768871236058,32.09406233910985,,,,,,
1,5.45,3.019577645876549,32.83514884024643,87.79418493364273,32.120322012598,,,,,,
1,5.5,3.050718968570483,33.02783259255281,86.8824423152246,32.14290049559233,,,,,,
1,5.55,3.0467836258955066,32.7056200686744,85.0622477689907,31.696740496309715,,,,,,
1,5.6000000000000005,3.04370446924538,32.51350079368166,83.27742812195693,31.26298585020144,,,,,,
1,5.65,3.038597230319714,32.25074405581178,81.53148268958203,30.846695518590042,,,,,,
1,5.7,2.9745918894067382,31.95521344306944,79.97239677674975,30.455253405151698,,,,,,
1,5.75,2.9198714843055766,31.625269656319098,78.94937754301563,30.098703019375872,,,,,,
1,5.800000000000001,2.8743312299927135,31.18580294925333,78.23083928589976,29.78944466504157,,,,,,
1,5.8500000000000005,2.839523767798679,30.979227709422442,77.87931920287551,29.540555775938948,,,,,,
1,5.9,2.8197623761221253,30.7144745149488,77.5638549447396,29.361802395948345,,,,,,
1,5.95,2.8151631042119605,30.684978374632266,77.18101031862415,29.252591980927196,,,,,,
1,6.0,2.795529268473318,30.651000964542177,76.63100712495614,29.191589324502647,15.0,0.13282133017384948,9.518341240856476,1.7596528182410077e-21,2.111583381889209e-21,20.67539176454483
1,6.050000000000001,2.710527716190235,30.81285638757337,76.90656939030995,29.374732494928818,,,,,,
1,6.1000000000000005,2.6294738136745344,30.763657242856027,77.11595945588681,29.5530594977105,,,,,,
1,6.15,2.5541855889254808,30.821120594080483,77.29201162776452,29.7256608781313,,,,,,
1,6.2,2.4843713765808526,30.94327247060892,77.42661959174241,29.892285923362937,,,,,,
1,6.25,2.4506737794253657,30.960320238858024,77.51861875921033,30.053468856911387,,,,,,
1,6.300000000000001,2.4315411123151205,31.03384902391271,77.57170191065003,30.210284515459946,,,,,,
1,6.3500000000000005,2.41102808071467,31.185155406705874,77.59197182480025,30.364035946400207,,,,,,
1,6.4,2.3908069207216607,31.384771600250566,77.60656080806592,30.516019060750555,,,,,,
1,6.45,2.3698028334274754,31.541989941047817,77.60770397525529,30.667392793211395,,,,,,
1,6.5,2.3457182129893153,31.41825196684175,77.59560726625323,30.819130570797917,,,,,,
1,6.550000000000001,2.3327307827039987,31.410996231261407,77.23701168375278,30.83593976471916,,,,,,
1,6.6000000000000005,2.308171850468434,31.620490417431032,76.89880194542285,30.859379115948673,,,,,,
1,6.65,2.3075256739568353,31.59787754085805,76.35497914122274,30.89364945183801,,,,,,
1,6.7,2.3113486034070445,31.56563070943087,76.14668933052548,30.944533758288813,,,,,,
1,6.75,2.321494967743324,31.702407397211434,75.99814361207767,31.019568005419256,,,,,,
1,6.800000000000001,2.340332246036324,31.734730831858936,76.1701811193963,31.127764157913333,,,,,,
1,6.8500000000000005,2.37067689653196,31.918777439735905,76.40926517229013,31.278420450008653,,,,,,
1,6.9,2.408447494952688,32.003354758458286,76.84385899483375,31.47849379473239,,,,,,
1,6.95,2.4597218504028744,32.13838565678412,77.47194731353963,31.728260408259125,,,,,,
1,7.0,2.5013305347919443,32.43875841321923,78.53980102548098,32.01550654298357,15.0,0.1715332489660389,13.833352099067097,1.6036958430900737e-43,4.8110875292702206e-43,42.31775674180181
1,7.050000000000001,2.4907477140701744,32.63311307517232,78.32268929688736,32.23481352652429,,,,,,
1,7.1000000000000005,2.4926962699003474,32.91071402964174,78.14173766492154,32.44157185207452,,,,,,
1,7.15,2.5096368217969376,32.92708459672512,78.88645445423897,32.62814000555021,,,,,,
1,7.2,2.541155159160829,33.15925317007832,79.54269979010675,32.79428121619835,,,,,,
1,7.25,2.644588337429476,33.20951591586359,80.05894628800766,32.94345718822591,,,,,,
1,7.300000000000001,2.7285788816986125,33.105187835339926,80.46480178780412,33.08025870925518,,,,,,
1,7.3500000000000005,2.6913624462340033,33.20412304017121,80.39581440447053,33.20895429561391,,,,,,
1,7.4,2.6576055704169317,33.42435029949766,80.53165708565254,33.33290370888525,,,,,,
1,7.45,2.6275539986567167,33.62919013539509,80.7933541991847,33.45448287957193,,,,,,
1,7.5,2.6012759672010484,33.89331742368941,80.17889550250699,33.57523568720036,,,,,,
1,7.550000000000001,2.6484780717224155,34.115824904743384,81.09831998720168,33.84982806592445,,,,,,
1,7.6000000000000005,2.705638669734187,34.317715360768744,81.38406551155224,34.132242434881235,,,,,,
1,7.65,2.766182843429616,34.5717963521753,81.78246846564491,34.423008262588084,,,,,,
1,7.7,2.8261808085772993,35.102480945961,82.27277416960517,34.7222620819122,,,,,,
1,7.75,2.8670605294978158,35.421041903363175,82.79077298111856,35.02943736093509,,,,,,
1,7.800000000000001,2.855376127074426,35.812920850173896,83.16692749572798,35.34290242826908,,,,,,
1,7.8500000000000005,2.850195308451672,35.99035933039428,83.85492656340318,35.65970752981696,,,,,,
1,7.9,2.846792506339624,36.5860919224762,84.49435567889843,35.975798577994674,,,,,,
1,7.95,2.8380816337970622,37.1083491295292,84.89879915765752,36.28727541096369,,,,,,
1,8.0,2.8267673476825985,37.3606088540022,85.4168596164398,36.59343886404706,15.0,0.13080937124174113,13.083206666884426,4.1074002489877445e-39,7.041257569693277e-39,38.15234976886872
1,8.05,2.8229502472148655,37.19055299460319,85.5955805721377,36.61664118282025,,,,,,
1,8.100000000000001,2.8956692488475837,37.27739550605892,84.80615590847782,36.5701323757758,,,,,,
1,8.15,2.9548313507183233,37.101411001950254,84.50905323210357,36.42393960142322,,,,,,
1,8.2,3.0044606144242594,36.75742561286425,84.14237346415422,36.177141566398745,,,,,,
1,8.25,3.067642478017058,36.6024614355818,83.86016122377062,35.84465833013056,,,,,,
1,8.3,3.124641272987296,36.16525971318612,83.64254997282264,35.44700856693033,,,,,,
1,8.350000000000001,3.125873192864641,35.66946600322737,83.39496070256202,35.00400664810573,,,,,,
1,8.4,3.1293501513622877,34.900847136583295,83.12318232445604,34.5319430514171,,,,,,
1,8.45,3.1902637997017464,34.50734565362443,82.66283030410203,34.04299768974272,,,,,,
1,8.5,3.1622828516962307,33.805027582560726,82.3904978221883,33.545725232567904,,,,,,
1,8.55,3.169040705857666,33.82606056229044,82.70846232880093,33.57922914079817,,,,,,
1,8.600000000000001,3.135920277667578,33.70103286008986,83.02287741840314,33.60264450987129,,,,,,
1,8.65,3.1394908908903845,33.61830758413453,83.32741895870566,33.6109509880633,,,,,,
1,8.7,3.1338566894293045,33.426685704601006,83.61184645777992,33.596934749270766,,,,,,
1,8.75,3.075906448038873,33.23126197434387,83.86101270204884,33.5508905779693,,,,,,
1,8.8,3.0140432202644587,33.08175071361108,84.09493489165972,33.46098765686385,,,,,,
1,8.850000000000001,2.947199665139203,33.11345182374879,84.4721241752165,33.31503117298881,,,,,,
1,8.9,2.975751817929789,32.7899303521848,84.89013739252869,33.10444102069787,,,,,,
1,8.95,2.998371892473806,32.561188252355535,84.5654637279139,32.830843514182575,,,,,,
1,9.0,2.9893332764828915,32.28399027542082,84.26447400433868,32.514888116558396,15.0,0.11869060926399663,13.16041692488878,1.4826545907998407e-39,2.9653091815996814e-39,38.5279300176919
1,9.05,2.9784670602208556,31.480398055388974,83.78101135125561,31.773872511107996,,,,,,
1,9.1,2.9771302928564705,30.453526709478147,82.37098590771389,31.00132169985019,,,,,,
1,9.15,2.9185471645404277,29.44782053710456,80.436584301464,30.18400268811868,,,,,,
1,9.200000000000001,2.836597119483258,28.44236837056768,77.90370941863677,29.329807313413472,,,,,,
1,9.25,2.835859694198077,27.306978451094825,75.4200165370572,28.454743495030705,,,,,,
1,9.3,2.756761796903592,26.431372906737153,72.95992805095634,27.575142354798178,,,,,,
1,9.35,2.6864895037312433,25.51003284340196,69.59421595749907,26.70408981081092,,,,,,
1,9.4,2.628527496344693,24.308526930678973,66.10524264478599,25.850606782179067,,,,,,
1,9.450000000000001,2.579780569561991,23.433211233962645,62.137437910988794,25.020164146600017,,,,,,
1,9.5,2.5379391777465123,22.526965106575517,59.56096664630971,24.215602255570424,,,,,,
1,9.55,2.50131503436588,21.641420742937537,57.12559945226261,23.43800212136806,,,,,,
1,9.6,2.468684244995542,20.823494214133113,54.38215497346044,22.687357276084654,,,,,,
1,9.65,2.439158985898402,19.999575083765723,51.966180491223355,21.96303873303595,,,,,,
1,9.700000000000001,2.4120903358921164,19.11291796502421,49.754504120083155,21.26409498670724,,,,,,
1,9.75,2.4011732624241113,18.413466421707056,47.633298520929145,20.58943540680546,,,,,,
1,9.8,2.4019633803863156,17.80599554650646,45.59025514082656,19.937936784639387,,,,,,
1,9.85,2.3421905236145086,17.136008601698578,43.59750402069573,19.30850158840352,,,,,,
1,9.9,2.307105017569552,16.3902063585983,41.66378313676659,18.700087000385107,,,,,,
1,9.950000000000001,2.319121139532354,15.66432918896135,39.87339944854445,18.111716908041984,,,,,,
1,10.0,2.2994223460369594,15.103717901452645,37.97024151858978,17.54248436855079,15.0,0.07313419276778309,12.453406686536237,1.3400091418800202e-35,2.0100137128200302e-35,34.69680097970301
1,10.05,2.359830738687996,14.48625781986102,36.28498276646866,16.991519370930902,,,,,,
1,10.1,2.4380202517207428,13.798154623467335,34.901123915207535,16.45791083954708,,,,,,
1,10.15,2.466517782989775,13.202073088848657,33.6840974649021,15.94081433383404,,,,,,
1,10.200000000000001,2.455472432792352,12.621941660422669,32.61395901861293,15.439472834728072,,,,,,
1,10.25,2.441975702922331,12.044613702055202,31.628007939814626,14.95320475998256,,,,,,
1,10.3,2.358258557557374,11.573628238558818,30.349715696906603,14.481393443327525,,,,,,
1,10.35,2.311128310929412,11.20434927905377,29.127408169182843,14.023478031585599,,,,,,
1,10.4,2.26470437018852,10.761025309246332,28.022578547599306,13.578945682617496,,,,,,
1,10.450000000000001,2.2529311528021103,10.35176664151317,27.10792827168254,13.147324918708847,,,,,,
1,10.5,2.225743461596067,9.81237934045166,26.13708934816538,12.72817998543,,,,,,
1,10.55,2.183833907166392,9.42863862698347,25.149987036590375,12.321106073733345,,,,,,
1,10.600000000000001,2.139269687655509,9.168758834539938,24.254303973670588,11.925725276501657,,,,,,
1,10.65,2.0616030954058493,8.930164033088525,23.3635952625897,11.541683166199334,,,,,,
1,10.700000000000001,2.056669146627085,8.628901091133965,22.63665848147933,11.168645895685115,,,,,,
1,10.75,2.023220191316416,8.320255603433804,21.816129727535245,10.806297738602805,,,,,,
1,10.8,2.008629252663564,8.075049909753655,21.009537503184294,10.454338998617398,,,,,,
1,10.850000000000001,1.9317041937395607,7.829392588407984,20.23700763901524,10.112484227998502,,,,,,
1,10.9,1.884129928115951,7.600076745779056,19.52302701066393,9.78046070570205,,,,,,
1,10.950000000000001,1.8467611443681633,7.321780586793654,18.880943758364364,9.458007133306086,,,,,,
1,11.0,1.7819652939017334,7.1195048074848515,18.38225384157168,9.144872514074587,15.0,0.06871481906378281,5.985689426747262,2.1547518095955242e-09,2.350638337740572e-09,8.628814184999248
1,11.05,1.6767596332707004,6.859817862935563,17.901307170017816,8.840816094749078,,,,,,
1,11.100000000000001,1.5558943814187618,6.658169704806551,17.442197291810896,8.545608762488229,,,,,,
1,11.15,1.488674634895553,6.417545292638792,16.762006518226997,8.259028861516116,,,,,,
1,11.200000000000001,1.454723339221258,6.2331489142413865,16.162914970508382,7.980860770301659,,,,,,
1,11.25,1.3874739805577534,6.06194839509277,15.69092133260424,7.710894554211459,,,,,,
1,11.3,1.300030216892608,5.861520896691843,15.274856727338475,7.44892564564963,,,,,,
1,11.350000000000001,1.2524318595160415,5.706725513828996,14.910309053929039,7.194754551177984,,,,,,
1,11.4,1.1709259110749675,5.543510922391195,14.63861649167024,6.948186584535878,,,,,,
1,11.450000000000001,1.092319229273133,5.382154584874158,14.36515056401266,6.709031624130902,,,,,,
1,11.5,1.0453883182713593,5.179299367524445,14.073072777279872,6.477103893381228,,,,,,
1,11.55,0.9879777140979142,4.9713094864019105,14.04443105325301,6.252221762205827,,,,,,
1,11.600000000000001,0.9217804947702558,4.840861422502397,13.845443693549894,6.034207567950837,,,,,,
1,11.65,0.8472637883066829,4.7077732786635345,13.72254250923095,5.822887454076941,,,,,,
1,11.700000000000001,0.7697832512560256,4.538599381652483,13.323757701559721,5.618091225002546,,,,,,
1,11.75,0.6989321502085949,4.399824333721174,13.073406296130063,5.419652215584146,,,,,,
1,11.8,0.634175248355722,4.275400790049611,13.17343602194802,5.227407173811765,,,,,,
1,11.850000000000001,0.5785946889351894,4.114531085181332,13.163941175289619,5.041196155397228,,,,,,
1,11.9,0.5305009203065556,3.950117830200381,13.203040321935665,4.860862429033138,,,,,,
1,11.950000000000001,0.4855793279730237,3.785009197083189,13.33907327698126,4.686252391197709,,,,,,
1,12.0,0.43899701919366485,3.6842361298559343,13.335238592545307,4.517215489473128,15.0,-0.06663444877416198,-3.50358558809403,0.00045903911481943847,0.00045903911481943847,3.338150306561923
2,1.0,7.908026298481785,50.22607158871757,138.24804847057135,52.08462012463827,13.0,0.3321049226212364,14.138282159390732,2.2060394608880258e-45,1.3236236765328154e-44,43.878235472929845
2,1.05,7.797435700118031,48.788515637052654,133.5701285201957,51.01516890196179,,,,,,
2,1.1,7.672513546725856,47.669008790807204,129.84008905221447,49.967799565270795,,,,,,
2,1.15,7.549892213796439,46.82423775737693,126.75189478295806,48.94221755840063,,,,,,
2,1.2,7.531644782156268,45.60879119304481,121.11668299659658,47.93812860640686,,,,,,
2,1.25,7.5898459650580365,44.51858939782183,115.49200970131612,46.955238799420975,,,,,,
2,1.3,7.578227607891523,43.64333050393199,110.52033566855602,45.993254685737135,,,,,,
2,1.35,7.377488670343414,42.69783987386798,106.74865072588489,45.051883374318784,,,,,,
2,1.4,7.167430251516302,41.595791118432516,104.38501529948552,44.1308326469528,,,,,,
2,1.45,7.126254681247416,40.74492550144606,102.57422031676847,43.2298110803319,,,,,,
2,1.5,7.112187202442768,39.72444392073777,99.80121202465544,42.348528178404976,,,,,,
2,1.55,7.0258947944739845,38.90251199020565,97.09686952795487,41.48669451539793,,,,,,
2,1.6,6.917299873930399,37.91358031316926,94.45029236738097,40.64402188996648,,,,,,
2,1.65,6.778850581925179,36.92845464856522,91.47835431732095,39.82022349102096,,,,,,
2,1.7000000000000002,6.607358491400118,36.11690592814116,88.3667999237662,39.015014075828866,,,,,,
2,1.75,6.465386455854095,35.34056792844336,85.64732886095558,38.22811016107265,,,,,,
2,1.8,6.425855784559273,34.70547978322338,83.0190071719022,37.45923022760469,,,,,,
2,1.85,6.385559305649998,33.963410362745336,80.49775831651,36.708094939699095,,,,,,
2,1.9,6.328999164293005,33.09118327926685,78.06072705072363,35.97442737963155,,,,,,
2,1.9500000000000002,6.311557434002385,32.63434958136074,76.23057777014881,35.257953298429335,,,,,,
2,2.0,6.293243197392887,31.871177845938004,74.8398740147154,34.5584013835941,13.0,0.207073337020743,16.386574004000558,2.3851404785600247e-60,2.8621685742720297e-59,58.54330479100946
2,2.05,6.194146759823488,31.321344868545058,73.64013190453493,33.87547022127293,,,,,,
2,2.1,6.084902366123622,30.580722957246245,72.48297030178749,33.20872956070724,,,,,,
2,2.1500000000000004,6.00285613902389,30.15295742445749,71.47588259875617,32.5577219290183,,,,,,
2,2.2,5.887003415979221,29.531400005142665,70.48696407127227,31.921995844591873,,,,,,
2,2.25,5.773258530111744,28.992522457558742,69.51578369156343,31.3011053857868,,,,,,
2,2.3,5.66153201088897,28.335265419764553,68.5619090020269,30.694609695250143,,,,,,
2,2.35,5.551737937336765,28.019197050571208,67.62490526586731,30.10207241109659,,,,,,
2,2.4000000000000004,5.4437937503645815,27.647209257000732,66.43207455681221,29.523061014328622,,,,,,
2,2.45,5.337620055365096,27.104270140155833,64.59843527603512,28.957146079526556,,,,,,
2,2.5,5.1928776853728085,26.518173051188107,62.99033969756933,28.403900412883594,,,,,,
2,2.55,5.051503924082098,26.012801089914092,61.84218865819463,27.862898057949003,,,,,,
2,2.6,4.914198139378565,25.476381779341445,60.984665592110815,27.333713144731576,,,,,,
2,2.6500000000000004,4.780708640529553,24.948852832072618,60.44604424085316,26.815918551858474,,,,,,
2,2.7,4.650789105087661,24.641598858613193,59.92536160326121,26.309084343929346,,,,,,
2,2.75,4.52334509687897,24.232390038889413,59.413157638939246,25.81277593664549,,,,,,
2,2.8,4.403190734574585,23.730136916907064,58.44833763083934,25.3265519302635,,,,,,
2,2.85,4.3122660457416915,23.183861874083984,57.460317059210844,24.84996153690446,,,,,,
2,2.9000000000000004,4.24042449681836,22.76266200175371,56.52738114506941,24.382541508798738,,,,,,
2,2.95,4.172278565007365,22.305243458909757,55.90967926902451,23.923812452420936,,,,,,
2,3.0,4.11034540451911,21.69053573581599,55.298778495660144,23.47327438805571,13.0,0.06632118741516907,7.5569248756242775,4.127101703065663e-14,5.502802270754217e-14,13.259416092179421
2,3.0500000000000003,4.049515842473738,21.341922894312674,54.6934959892941,23.03043795495928,,,,,,
2,3.1,3.9899098195445286,20.965666761369967,54.092886002805244,22.594935148821055,,,,,,
2,3.15,3.9316599447087404,20.43207355047447,53.49992531971499,22.166416424097566,,,,,,
2,3.2,3.8749203493007234,19.958124345277263,52.91107197643952,21.74450999584677,,,,,,
2,3.25,3.8198732667125026,19.597708518317862,52.223910081025785,21.32881472217052,,,,,,
2,3.3000000000000003,3.722448197454094,19.10967408570904,51.52292024418198,20.91889165021978,,,,,,
2,3.35,3.6074114169119773,18.71386091265999,50.89004731272562,20.51425437973217,,,,,,
2,3.4000000000000004,3.4972059511663636,18.244722987168053,50.22916418887919,20.114358904430034,,,,,,
2,3.45,3.391842137173412,17.773643397593887,49.63056226039133,19.718594589273916,,,,,,
2,3.5,3.2896885143504346,17.346154361840576,49.110083360878754,19.326279773376786,,,,,,
2,3.5500000000000003,3.1773803934653557,16.83224567108554,48.58491037420551,18.936668623745064,,,,,,
2,3.6,3.030986367595973,16.478905346684257,47.899421579970785,18.548980765813084,,,,,,
2,3.6500000000000004,2.904134737959608,16.029556509629828,46.987373906906065,18.16247181551139,,,,,,
2,3.7,2.7829464054614617,15.63721493738296,46.003702702835135,17.776569253215335,,,,,,
2,3.75,2.6666715851718217,15.374134035082534,45.30916859180769,17.39109742884088,,,,,,
2,3.8000000000000003,2.572451458074114,15.088696380032747,44.27446505080286,17.006592775884265,,,,,,
2,3.85,2.509532510499929,14.909393535373479,43.484340955680466,16.624641936845176,,,,,,
2,3.9000000000000004,2.4424345895895474,14.38478062497454,42.67470589578896,16.248044411092323,,,,,,
2,3.95,2.3505550803711523,13.976789089837247,41.89828856878509,15.880434694989685,,,,,,
2,4.0,2.286560252039322,13.774275248041953,41.31375227960526,15.52487987774498,13.0,0.31320028970631303,9.76979564931084,1.517578566603444e-22,3.6421885598482653e-22,21.438637574087007
2,4.050000000000001,2.27780538641401,13.771867960082272,41.32672515781983,15.454732231575083,,,,,,
2,4.1,2.251544072294253,13.734817239549201,41.3563107567886,15.399800863862206,,,,,,
2,4.15,2.2367167307143734,13.709302389717305,41.4842007556013,15.361333875808226,,,,,,
2,4.2,2.2261280960708585,13.670139600628236,41.762598680229026,15.335849200802901,,,,,,
2,4.25,2.1683183933727146,13.632410613745122,42.00079790894424,15.318559183920684,,,,,,
2,4.300000000000001,2.1696071634818423,13.633849433494737,42.19963097776356,15.305140969536176,,,,,,
2,4.35,2.1894531656754967,13.584334023492506,42.34470077611177,15.292391137207167,,,,,,
2,4.4,2.154017903342712,13.536906686306757,42.417065787410955,15.278252887366559,,,,,,
2,4.45,2.1376029147559175,13.511807866514982,42.48405746996593,15.261584493574338,,,,,,
2,4.5,2.128209677422115,13.50677340060672,42.518322837341984,15.241880687552031,,,,,,
2,4.550000000000001,2.0552800330221817,13.330007383408184,41.97993656558852,15.029870528511688,,,,,,
2,4.6,2.004673629655644,13.021410638977642,41.547202088410195,14.82806524792032,,,,,,
2,4.65,1.962288194675052,12.801945495643764,41.33054642706781,14.639102837080962,,,,,,
2,4.7,1.9506052973849217,12.640372039236194,41.171138782441574,14.46662483703654,,,,,,
2,4.75,1.9263815563220683,12.550990487291465,41.062320880454976,14.31531971053095,,,,,,
2,4.800000000000001,1.8940058768667714,12.426788561974124,41.01767014669879,14.190614104594252,,,,,,
2,4.85,1.8645199411372952,12.452393739361774,41.230356435105996,14.097685609277374,,,,,,
2,4.9,1.829734396790491,12.56008471856567,41.49867321561924,14.039441484587194,,,,,,
2,4.95,1.7919492199100424,12.661495877362341,41.79730318099992,14.013291520049009,,,,,,
2,5.0,1.7518599081093325,12.735400681824915,42.107691761884254,14.006878100744737,13.0,0.14338322101700876,5.200757242822008,1.984782017489914e-07,1.984782017489914e-07,6.702287183510273
2,5.05,1.7585523745463891,12.707434004283616,41.94707840943487,14.031882931907253,,,,,,
2,5.1000000000000005,1.7872251824427998,12.628360921732655,41.78615358413647,14.053040728152245,,,,,,
2,5.15,1.8210391077332675,12.506431930467311,41.727782947397486,14.071454069663522,,,,,,
2,5.2,1.8600244659281109,12.527743005998282,41.57621824869662,14.087760944047082,,,,,,
2,5.25,1.903322090178313,12.4960341208967,41.34848254216988,14.10241277679765,,,,,,
2,5.3,1.949864098445099,12.58131388759125,41.08491927059293,14.115796382680978,,,,,,
2,5.3500000000000005,1.9987199484122933,12.607584480086715,40.79239674510127,14.128275151699098,,,,,,
2,5.4,2.031024730264155,12.590732393554438,40.479195941481976,14.140194176455946,,,,,,
2,5.45,2.0433085113589193,12.630795787100707,40.21016190882315,14.151874095726496,,,,,,
2,5.5,2.0573652191274934,12.655784124926035,40.039622893170154,14.163604662779852,,,,,,
2,5.55,2.030210080095487,12.639700909048967,40.033977507687446,14.145643096941841,,,,,,
2,5.6000000000000005,2.0015599105113813,12.655340870384844,40.03308176686377,14.123614518250463,,,,,,
2,5.65,1.9724956352325895,12.659387208532678,40.03904973238583,14.097378853532225,,,,,,
2,5.7,1.9433800672073431,12.703595189039977,40.05434795443425,14.067007880570113,,,,,,
2,5.75,1.9211978488906518,12.719616349938619,40.081668811681425,14.032937238111753,,,,,,
2,5.800000000000001,1.902134017953119,12.61014723559265,40.12363024496015,13.996149481946231,,,,,,
2,5.8500000000000005,1.890736830124749,12.545526108229279,40.18989598256139,13.958321798204178,,,,,,
2,5.9,1.8952360459969948,12.501395716976624,40.28294967725916,13.921788686620435,,,,,,
2,5.95,1.9099030951605178,12.457663498491023,40.39628955798821,13.889079731625317,,,,,,
2,6.0,1.9328502273741412,12.477667922558508,40.526153823858124,13.86173843116977,13.0,0.22663756824953374,9.653569375048706,4.74739103675024e-22,9.49478207350048e-22,21.022514998842954
2,6.050000000000001,1.9894163102974658,12.492629385375801,40.54096903116831,13.906826464034255,,,,,,
2,6.1000000000000005,2.043341451852517,12.499689943854317,40.64519384658585,13.961241717629747,,,,,,
2,6.15,2.083682964423755,12.541366389055613,40.594506355086175,14.02776903940747,,,,,,
2,6.2,2.126015657752267,12.665919647412998,40.52832405113007,14.10680050889637,,,,,,
2,6.25,2.147451575769198,12.807938322951921,40.453229090413764,14.197287955449815,,,,,,
2,6.300000000000001,2.1614806332226513,12.95514972206902,40.42223433901566,14.297550768701534,,,,,,
2,6.3500000000000005,2.1604289789673095,13.135471066248396,40.44908187152396,14.405820692941928,,,,,,
2,6.4,2.140654451836642,13.249459139385774,40.47757975823291,14.520524887225516,,,,,,
2,6.45,2.1450045440000043,13.280414006745325,40.33386975969498,14.64038400367373,,,,,,
2,6.5,2.1759883897405707,13.396016269634664,40.198350249647305,14.764408944222128,,,,,,
2,6.550000000000001,2.1889548976932134,13.336467162780014,40.13413731702117,14.806533003315735,,,,,,
2,6.6000000000000005,2.18133881745359,13.288283835599715,40.080713154807235,14.857446383997782,,,,,,
2,6.65,2.2047627267860683,13.242342091037068,40.06132097293628,14.919800734523465,,,,,,
2,6.7,2.205803974422853,13.293467006749207,40.17116284180413,14.996983260552298,,,,,,
2,6.75,2.223499666200264,13.339614660632668,40.58853228535053,15.093075686773211,,,,,,
2,6.800000000000001,2.25045881456069,13.47308665996227,41.0461121332137,15.212515845521072,,,,,,
2,6.8500000000000005,2.2549486350761887,13.55356933233011,41.54250646625072,15.359242432507884,,,,,,
2,6.9,2.2979599431583804,13.73436082402312,42.07853799343253,15.535146061205161,,,,,,
2,6.95,2.3723265754060594,13.888582692771724,42.649735946421785,15.737899162997651,,,,,,
2,7.0,2.4779605522581276,14.168498335494345,42.79829069863067,15.958640887999865,13.0,0.23822221924753828,7.95255804875021,1.8269917756989945e-15,2.7404876635484917e-15,14.562172148587175
2,7.050000000000001,2.5614577367757163,14.245404639531523,42.99196212519134,16.124187286001753,,,,,,
2,7.1000000000000005,2.6137707933927916,14.327329523274862,43.428532897472664,16.288976987272534,,,,,,
2,7.15,2.6708544324063066,14.570984099104084,43.86660864069649,16.451553046352743,,,,,,
2,7.2,2.7328785027796885,14.630603021881239,44.29327246677726,16.611005696933546,,,,,,
2,7.25,2.7803760891218254,14.749712624410108,44.628385996494266,16.76698231772142,,,,,,
2,7.300000000000001,2.813838109157829,14.8577541003772,44.827727255903696,16.91954739509183,,,,,,
2,7.3500000000000005,2.8477427858752495,15.034151143821038,44.85699765189922,17.069008237538753,,,,,,
2,7.4,2.8816104290619635,15.211610662467269,44.61734462587407,17.215774591869412,,,,,,
2,7.45,2.9135723215581684,15.49945757745725,44.388192689676615,17.36027030945388,,,,,,
2,7.5,2.971911548187719,15.673168475794553,44.65644360731126,17.502888490612182,,,,,,
2,7.550000000000001,2.983483995980394,15.810680017147906,44.826261932659165,17.703965010481344,,,,,,
2,7.6000000000000005,3.047067343721094,16.021604672637473,44.96060617694235,17.899691740235017,,,,,,
2,7.65,3.1069210125172346,16.361340180846184,44.88821662383267,18.087203108628604,,,,,,
2,7.7,3.152327649373301,16.53754210345222,44.79450496327657,18.262818036025664,,,,,,
2,7.75,3.1785058124288614,16.67697489764192,44.63146264559026,18.422088251814888,,,,,,
2,7.800000000000001,3.1896318859470356,16.924371264505417,44.3817408228695,18.56017417287959,,,,,,
2,7.8500000000000005,3.1843834158622744,17.116722802368187,44.262979314840806,18.67277206051772,,,,,,
2,7.9,3.1614005721003418,17.0124351412292,44.342689905167425,18.757735629568927,,,,,,
2,7.95,3.132317153083408,17.1105368617145,44.611994064267606,18.817221509491382,,,,,,
2,8.0,3.080501435170341,17.26596619600574,44.92479716414919,18.85975089708096,13.0,0.20210688886340097,8.201548417818811,2.3731027269944253e-16,4.068176103419015e-16,15.39060025558023
2,8.05,3.0797438830649733,17.46382656883328,45.37700041284083,18.982198941981803,,,,,,
2,8.100000000000001,3.077211196822606,17.498804234534255,45.91700819702676,19.08354056715931,,,,,,
2,8.15,3.072431740178217,17.589303932782514,46.446979275992774,19.154366201629244,,,,,,
2,8.2,3.0636189501105138,17.663389197577708,46.85031311022513,19.193505574896573,,,,,,
2,8.25,3.0340869799202896,17.6569039606254,46.8041056917098,19.204668696928138,,,,,,
2,8.3,2.998661647963906,17.685283256994424,46.7211998849839,19.19359028443107,,,,,,
2,8.350000000000001,2.9590917793237046,17.721808880036896,46.61361949002272,19.166129621932622,,,,,,
2,8.4,2.9168693972311113,17.72922727019966,46.49111599845165,19.12732211397212,,,,,,
2,8.45,2.8731494018085546,17.730306214246454,46.360873380949435,19.08109231296218,,,,,,
2,8.5,2.8287714157181223,17.718827639035577,46.227837503955904,19.030316089355708,,,,,,
2,8.55,2.7956424267701716,17.78315605649659,46.319234981724875,19.050173925574246,,,,,,
2,8.600000000000001,2.7631141210675594,17.811041590043615,46.54684318092978,19.07284730146765,,,,,,
2,8.65,2.7481688936786446,17.755584198394708,47.057636467379325,19.099803965316283,,,,,,
2,8.7,2.7334822617118135,17.820522148592627,47.15170268620978,19.13287944848256,,,,,,
2,8.75,2.720357175065819,17.90589703714061,47.1878880856533,19.174231475750332,,,,,,
2,8.8,2.7093930917380207,18.041898937726813,47.342876508455156,19.22614180814989,,,,,,
2,8.850000000000001,2.7011845296841557,18.195521356650705,47.561385326337266,19.29057810763582,,,,,,
2,8.9,2.696126573659202,18.367324125840796,47.609162428360165,19.368481037845815,,,,,,
2,8.95,2.702740377411826,18.478878016390382,47.74217412338828,19.458908499807652,,,,,,
2,9.0,2.7178824861916437,18.59116512886285,48.17237553192281,19.558414994069675,13.0,0.3075549507292566,10.988977792262943,4.317885486471158e-28,1.7271541945884632e-27,26.76266888833319
2,9.05,2.667783591557724,18.56553243298832,48.06328937825821,19.455504493920333,,,,,,
2,9.1,2.6141896497511152,18.53800859078337,47.88331971698659,19.33523280051552,,,,,,
2,9.15,2.5677391205599234,18.442818004913814,47.60634294130053,19.19135090430701,,,,,,
2,9.200000000000001,2.4968960812277388,18.341464851784192,47.19243483049756,19.026045532979317,,,,,,
2,9.25,2.4270351740975338,18.04433364868961,46.69769760073628,18.844972042886596,,,,,,
2,9.3,2.3547503495193203,17.869719937476304,46.309043775541994,18.654213039190864,,,,,,
2,9.35,2.283214031004003,17.62466041020501,45.85830165935193,18.458818123240945,,,,,,
2,9.4,2.235003102943589,17.46513272776597,45.34126370463488,18.26239946599685,,,,,,
2,9.450000000000001,2.185520654190532,17.246219180682754,45.269359132888866,18.067262699174425,,,,,,
2,9.5,2.1375051822922875,17.0801472954253,44.90400329261616,17.87471938071994,,,,,,
2,9.55,2.091936021986837,16.891054287134722,44.24385715227969,17.685401186118977,,,,,,
2,9.6,2.048824550000166,16.74446917199092,43.83107722750313,17.499510185015943,,,,,,
2,9.65,2.0080875581583166,16.62591259295019,43.42681699684566,17.316996284476637,,,,,,
2,9.700000000000001,1.9695941899125786,16.34859027424271,43.131438551196595,17.13767415760587,,,,,,
2,9.75,1.9331941306533071,16.209769501012914,42.758568119075484,16.961296182683608,,,,,,
2,9.8,1.8987336597838314,16.070180488606255,42.484643782769055,16.7875957139341,,,,,,
2,9.85,1.866064203308064,15.767586846263622,42.293604337826196,16.616311306674117,,,,,,
2,9.9,1.835046426147771,15.474395006613747,41.94180892501517,16.447199171456468,,,,,,
2,9.950000000000001,1.8110920432346829,15.236676946789279,41.638752553944066,16.280038603757422,,,,,,
2,10.0,1.7739002769622796,15.010572207368082,41.63544302965532,16.11463338502914,13.0,0.18091222075300248,10.369599509174176,3.40950675919406e-25,1.022852027758218e-24,23.99018718952952
2,10.05,1.7593515480809514,14.70769724210416,41.56467449298437,15.950794733049529,,,,,,
2,10.1,1.746422704091861,14.59095131895428,41.310571829561376,15.788296765707798,,,,,,
2,10.15,1.7350630626904402,14.46530242828048,40.965597205727214,15.626932764745648,,,,,,
2,10.200000000000001,1.7252352144405874,14.17839550535288,40.620696110246364,15.466528674700081,,,,,,
2,10.25,1.716913076129659,13.96730881575591,40.40817441170079,15.306938962056897,,,,,,
2,10.3,1.6774382497729865,13.762219666546669,40.31850744657284,15.148042851034342,,,,,,
2,10.35,1.5556378839854619,13.688586020719,40.22812875334346,14.98974097427929,,,,,,
2,10.4,1.4216586786494907,13.650719243721305,40.1433602689545,14.83195243409275,,,,,,
2,10.450000000000001,1.3576280854566374,13.542721214957211,40.21731210916677,14.674612247629845,,,,,,
2,10.5,1.2950077183059638,13.52337360892794,40.28961340920536,14.51766913943851,,,,,,
2,10.55,1.2205283750061864,13.462264338705989,40.2899872620556,14.36108364156973,,,,,,
2,10.600000000000001,1.1753989059924264,13.395744452137553,40.26670695523494,14.204826462204574,,,,,,
2,10.65,1.1317000145606968,13.358858477121117,40.268193061356904,14.048877086425515,,,,,,
2,10.700000000000001,1.1166037314420145,13.291425595512607,40.35242273768458,13.89322257632277,,,,,,
2,10.75,1.079007543880036,13.082398880010427,40.40641750944725,13.73785654144288,,,,,,
2,10.8,1.0516228302431962,12.913649101514881,40.44149562259399,13.582778254304545,,,,,,
2,10.850000000000001,1.0261056821141767,12.798516595056402,40.43554664220059,13.427991889160875,,,,,,
2,10.9,0.9905812182187053,12.645434570790146,40.30701262146313,13.273505865293671,,,,,,
2,10.950000000000001,0.9520861495312487,12.490594013432519,40.17533234256756,13.119332278868223,,,,,,
2,11.0,0.913656585720222,12.321381301931442,40.05920329945931,12.965486409768651,13.0,0.15222905390302885,7.058690648020354,1.6807878126178023e-12,2.016945375141363e-12,11.695305863609706
2,11.05,0.8768189145637071,12.18208181922459,40.05771077411064,12.811988659164088,,,,,,
2,11.100000000000001,0.8384422686033135,12.134394045597183,40.05497366136932,12.6588706097362,,,,,,
2,11.15,0.8045122316074793,12.057094153559786,39.79025147842009,12.506166533205286,,,,,,
2,11.200000000000001,0.7773133456127812,11.879877848988599,39.72626567355443,12.353910764277101,,,,,,
2,11.25,0.7510217751943571,11.723196787896688,39.65988179418272,12.202137619018517,,,,,,
2,11.3,0.7244296141199146,11.543705254464722,39.59606099158341,12.050881313206709,,,,,,
2,11.350000000000001,0.6987709577915051,11.407916955033569,39.529252653995925,11.90017588234425,,,,,,
2,11.4,0.6740105734682369,11.33169130025863,39.45223018518592,11.750055104510936,,,,,,
2,11.450000000000001,0.6432700028848003,11.16656810406361,39.11739763935469,11.600552426836371,,,,,,
2,11.5,0.6128263110548344,11.0434331647038,38.794460833807904,11.4517008960978,,,,,,
2,11.55,0.5836195921623584,11.044279606867217,38.6832963191149,11.303533093736092,,,,,,
2,11.600000000000001,0.5538892119935075,11.015786042247537,38.67300287439022,11.15608107543774,,,,,,
2,11.65,0.5221028399773768,10.947895033269692,38.67016339807496,11.009376315318894,,,,,,
2,11.700000000000001,0.4919689652109619,10.89106805252349,38.62548853797895,10.863449654673328,,,,,,
2,11.75,0.46340974211320535,10.72550834165338,38.32771643841384,10.718331255191487,,,,,,
2,11.8,0.43635090348389377,10.596648851307014,38.027896503960015,10.574050556521827,,,,,,
2,11.850000000000001,0.4107215565690821,10.57170763850139,37.82562611096847,10.430636238020902,,,,,,
2,11.9,0.38645399617746035,10.393895807520575,37.81891426797951,10.28811618452413,,,,,,
2,11.950000000000001,0.3634835331464252,10.257966153255843,37.84622951542755,10.146517455960588,,,,,,
2,12.0,0.34174833663042764,10.172837243406104,38.0064690724261,10.005866260630613,13.0,0.17151340311688548,5.941892892509423,2.8174949804325594e-09,3.07363088774461e-09,8.512348288118234
3,1.0,1.6993192637458077,39.75484117033423,195.87488500009744,39.121641338401524,10.0,-0.5636571988778443,-20.695921412050634,3.769540320888026e-95,4.523448385065631e-94,93.34453036084835
3,1.05,1.7281535810208566,38.46646232850462,190.68162640314824,37.841133682005946,,,,,,
3,1.1,1.7128331390143678,37.44300626227,187.03474788888616,36.61000540013486,,,,,,
3,1.15,1.713590597950943,36.61809321476932,183.86119980257402,35.42585889169267,,,,,,
3,1.2,1.6992748047133894,35.209527455500236,180.72427412174716,34.28642037565589,,,,,,
3,1.25,1.6420814865956301,33.86119334332846,175.6054843646205,33.18953321465696,,,,,,
3,1.3,1.6149248525915876,32.820027477984645,169.66628872930295,32.13315162346584,,,,,,
3,1.35,1.573691555957481,32.13110374425465,166.20927856364062,31.115334739063996,,,,,,
3,1.4,1.5037495747474119,30.82836456696493,162.96691556429664,30.13424103035206,,,,,,
3,1.45,1.4287017459376445,30.041245299882195,159.69527202607736,29.18812302681072,,,,,,
3,1.5,1.3582351035747582,29.34126492278952,155.98767814543436,28.275322346649133,,,,,,
3,1.55,1.3570794477612405,28.363821737610124,152.11011532252596,27.39426500614421,,,,,,
3,1.6,1.4098866497021876,27.514314499171633,148.23866100097632,26.543456992997218,,,,,,
3,1.65,1.449929468341773,26.573981715451275,143.4652439452879,25.72148008764563,,,,,,
3,1.7000000000000002,1.459780190937291,25.694468408114204,138.00740779203772,24.926987917557927,,,,,,
3,1.75,1.4659006695045023,24.46319327040735,135.44086209439857,24.158702230657966,,,,,,
3,1.8,1.4283345888496866,23.72334079970137,133.28004818340912,23.415409375163236,,,,,,
3,1.85,1.3920494848410379,23.011234619620716,131.1393182057656,22.69595697434314,,,,,,
3,1.9,1.356693497841693,22.509216487153353,129.01837069294595,21.999250786008545,,,,,,
3,1.9500000000000002,1.3231812846349797,21.778041535272067,126.45403012606705,21.324251738012638,,,,,,
3,2.0,1.27670484715123,21.20356717535099,123.79358973309564,20.669973132704488,10.0,-0.37954218827614156,-5.263273118384952,1.4151311316524707e-07,3.3963147159659296e-07,6.468992073117558
3,2.05,1.2318434610947884,20.564258809294202,121.17327912071023,20.035521378377,,,,,,
3,2.1,1.2066840122059208,19.768812637217337,119.11658637968091,19.420217892710586,,,,,,
3,2.1500000000000004,1.1816654874777555,19.335637537776158,117.20749498134913,18.823457068791306,,,,,,
3,2.2,1.1779748615903984,18.642656137880582,114.9099024596294,18.24466005870443,,,,,,
3,2.25,1.1751833589128164,17.849205518756108,112.19082389339454,17.683273456255822,,,,,,
3,2.3,1.1723870282313573,17.319488882758876,110.23229088636252,17.138768039399825,,,,,,
3,2.35,1.1695746345309335,17.038079913999766,107.84663584046199,16.610637569631713,,,,,,
3,2.4000000000000004,1.1667355899642766,16.697857846552246,106.02651483645298,16.098397646645925,,,,,,
3,2.45,1.1638599529640818,16.255604147199634,105.27661703969842,15.60158461801002,,,,,,
3,2.5,1.1468162688871222,15.684814941578992,103.99718605488339,15.119754545641817,,,,,,
3,2.55,1.1260525320906454,15.076859768997608,102.24687611261217,14.652482233780765,,,,,,
3,2.6,1.0817187659695686,14.715922713860227,100.51451814379024,14.199360327295043,,,,,,
3,2.6500000000000004,1.0406915230300038,14.37240046684542,98.80050320683591,13.759998495130704,,,,,,
3,2.7,1.0192127163988318,13.960834290335544,97.17712194360794,13.334022722291474,,,,,,
3,2.75,1.0320082677782136,13.562495899604773,96.01998898333804,12.921074746095634,,,,,,
3,2.8,1.0253015739010451,13.257615194106837,94.86657772601986,12.52081169027251,,,,,,
3,2.85,1.0009862598604404,13.076053790092226,93.7179811421732,12.132905976134449,,,,,,
3,2.9000000000000004,0.9725777136671295,12.814334074973068,92.5753919350408,11.757045627063297,,,,,,
3,2.95,0.9451750732391446,12.547589597858394,91.23047073776114,11.392935135830347,,,,,,
3,3.0,0.919049140822657,12.182062188921261,89.59111433203768,11.040297140860302,10.0,-0.2891649355879932,-6.315317651250343,2.6960711679600824e-10,8.088213503880248e-10,9.092147393231443
3,3.0500000000000003,0.8928433410334236,11.818419374431244,88.0364386117046,10.698880822730018,,,,,,
3,3.1,0.8678445115572991,11.408267680886102,86.46595899204048,10.36848166131414,,,,,,
3,3.15,0.8435537177155293,11.054510481147755,84.9168444244163,10.048928254033349,,,,,,
3,3.2,0.811376420077433,10.859746073995467,83.39051113164876,9.74008438236643,,,,,,
3,3.25,0.7734103838093526,10.604111164932641,81.47042932889065,9.441860919331074,,,,,,
3,3.3000000000000003,0.7373002876950082,10.277357179846716,79.21933762586133,9.154233488482307,,,,,,
3,3.35,0.7029932485043293,9.98684525016791,76.97750267947187,8.877268268378478,,,,,,
3,3.4000000000000004,0.6741219365153613,9.599436762341837,74.94729687481778,8.611159117354935,,,,,,
3,3.45,0.6397132492638016,9.456098573473994,73.65265992858824,8.356279957865313,,,,,,
3,3.5,0.610675118134528,9.290996357047417,72.40029178792416,8.113256700599226,,,,,,
3,3.5500000000000003,0.5835491549336758,9.018990667029971,71.13323730753481,7.883061945104212,,,,,,
3,3.6,0.5648562191104628,8.877816791687131,69.84247181014821,7.6671312614622655,,,,,,
3,3.6500000000000004,0.5488646516358804,8.591322459808802,68.58161599174382,7.467488326073131,,,,,,
3,3.7,0.5366682314973862,8.390868875013355,67.34561573034827,7.286841719234381,,,,,,
3,3.75,0.5295114391754469,8.183165945611094,66.12617205043124,7.128572151910973,,,,,,
3,3.8000000000000003,0.5289106738126895,8.033980816360055,64.95985649222439,6.996464284574359,,,,,,
3,3.85,0.5299892549316925,7.868794488454526,63.823185831980844,6.893972550572796,,,,,,
3,3.9000000000000004,0.5345149549326469,7.692581403960267,62.6641786807514,6.822807272965636,,,,,,
3,3.95,0.5416827298900158,7.530211351736633,61.475075155490494,6.780772205981459,,,,,,
3,4.0,0.5535266434128633,7.608943158233741,60.27116635909553,6.759036624044307,10.0,-0.32160594414618604,-7.832133214323354,4.796609008466845e-15,1.918643603386738e-14,13.717005689911353
3,4.050000000000001,0.5840196893339203,7.565027922082805,58.39097113422672,6.809541068404134,,,,,,
3,4.1,0.6242443349051059,7.505926140819872,56.23898874314476,6.840426674700389,,,,,,
3,4.15,0.6658431494628194,7.476389557718079,54.63526873989203,6.838121203255801,,,,,,
3,4.2,0.7074925344876947,7.489727406279636,53.53989827726884,6.79845643395103,,,,,,
3,4.25,0.734848920682755,7.405399574942209,52.58527918672522,6.723866253060227,,,,,,
3,4.300000000000001,0.7801974200286313,7.3605579156443275,51.762731582178084,6.620241290397805,,,,,,
3,4.35,0.8260889105232218,7.265634047677516,51.1039735030096,6.494436408362862,,,,,,
3,4.4,0.8726487852724966,7.213201244771684,50.46838453246387,6.352802340649905,,,,,,
3,4.45,0.9178156949331843,7.076020419144626,49.85074925909637,6.200575379778817,,,,,,
3,4.5,0.9413165840846331,7.090158772215453,49.24699060479983,6.041788800665654,,,,,,
3,4.550000000000001,0.9792222196620776,7.1587220590434075,48.69370594341411,5.996756969563978,,,,,,
3,4.6,0.9915537185392257,7.10710856408885,48.345182754904044,5.950275783484819,,,,,,
3,4.65,0.9809876352879124,7.105884224492716,47.89066442033651,5.901441093205211,,,,,,
3,4.7,1.0134990416500405,7.075603025921573,47.427470594455286,5.849009900392334,,,,,,
3,4.75,1.0526828293855726,6.9674139455504465,46.95000459115626,5.791355550739384,,,,,,
3,4.800000000000001,1.0919844531429488,6.887419732951345,46.442401867149385,5.72651840553987,,,,,,
3,4.85,1.0895600236438936,6.932343609199929,45.81986986612094,5.652456486818498,,,,,,
3,4.9,1.0954227456100065,6.926843844027252,45.05713228909809,5.567611859413937,,,,,,
3,4.95,1.130470928994787,6.896477438079113,44.26712037110536,5.471843589619113,,,,,,
3,5.0,1.1200298943609688,6.820272597077643,43.46577553051748,5.367654967809906,10.0,-0.1926439381080444,-2.2423580491938595,0.024938240797754675,0.03325098773033957,1.478195449324343
3,5.05,1.1277799264433719,6.750792759837495,42.905858861893634,5.149370952741407,,,,,,
3,5.1000000000000005,1.1592063137732052,6.668484615806527,42.39716510094257,4.941822526521402,,,,,,
3,5.15,1.1878209239709503,6.429852750357123,41.96047665408101,4.749536917470696,,,,,,
3,5.2,1.1784185478858273,6.321415612755844,41.52258863236461,4.574356254095501,,,,,,
3,5.25,1.1616474941557358,6.379925028931238,41.085541117459414,4.415972510768166,,,,,,
3,5.3,1.15257722608577,6.2807556633750234,40.819206065529116,4.2728191468466665,,,,,,
3,5.3500000000000005,1.1548606145800808,6.213150557094197,40.47079930664484,4.142841741410461,,,,,,
3,5.4,1.1560889513428705,6.177303200105516,40.143995110430744,4.023985728920344,,,,,,
3,5.45,1.1507886527559765,6.109986018863838,39.85546975606444,3.914431793565179,,,,,,
3,5.5,1.146734933173418,6.083834350308612,39.71252003315504,3.8126684586359016,,,,,,
3,5.55,1.1235667497668789,6.0452957923353114,39.098512098139686,3.7154788570689883,,,,,,
3,5.6000000000000005,1.1001216907642155,5.990831123101298,38.47932904432971,3.6194837827324715,,,,,,
3,5.65,1.0794823148408543,6.059237910815655,37.853636490320525,3.5245100539620546,,,,,,
3,5.7,1.076019488341962,6.046192246895895,37.22102446069963,3.4303467531637755,,,,,,
3,5.75,1.0808967155759293,6.230797223937461,36.58264015723511,3.336775803591442,,,,,,
3,5.800000000000001,1.0792792905594855,6.21441504031308,35.97554744722499,3.243643135092836,,,,,,
3,5.8500000000000005,1.0696142521975456,6.168545068058018,35.91576172167982,3.150985915381667,,,,,,
3,5.9,1.0415172657390581,6.129251848829821,35.814295051543255,3.059213896564078,,,,,,
3,5.95,1.014893613679541,6.124785167408637,35.77662165927718,2.96930562461858,,,,,,
3,6.0,0.9819188004052559,6.000633662276748,35.92904948437617,2.882949203763824,10.0,-0.17893125043835917,9.831439399155839,8.243204144590326e-23,4.945922486754195e-22,21.30575269425024
3,6.050000000000001,0.966309959818995,5.94281543656267,35.97446988868854,2.830065502824843,,,,,,
3,6.1000000000000005,0.9414883371909295,5.84743033184855,36.22549738980118,2.778568892548314,,,,,,
3,6.15,0.9325836647310308,5.856124335571897,36.47677271351871,2.726277528799357,,,,,,
3,6.2,0.9343300206264733,5.848742977275469,36.49326791295967,2.672102549892217,,,,,,
3,6.25,0.9410384908618723,5.786778503451811,36.42584499186471,2.6157884532337796,,,,,,
3,6.300000000000001,0.9331912271454998,5.722883448204482,36.40694112205555,2.557582719473018,,,,,,
3,6.3500000000000005,0.9169819275449537,5.706187564511334,36.410298137307294,2.4979548364135398,,,,,,
3,6.4,0.9014622682604281,5.730400776604945,36.43096041917319,2.4374144960051107,,,,,,
3,6.45,0.8855771181175197,5.799472941222602,36.46459129650864,2.376420033978721,,,,,,
3,6.5,0.8524736513420271,5.806167158663497,36.507581956817646,2.315346613970737,,,,,,
3,6.550000000000001,0.8299901942170281,5.757834441136595,36.635300134407025,2.2620758630564155,,,,,,
3,6.6000000000000005,0.8095326530845033,5.6604148580044615,36.783278638133716,2.2119444151594205,,,,,,
3,6.65,0.7920515111610269,5.705151779003689,36.952730434312606,2.1650427035380364,,,,,,
3,6.7,0.7805790601887808,5.728967258172293,37.21734484480776,2.121452550150616,,,,,,
3,6.75,0.7701354758674179,5.75343030348375,37.78054989274612,2.0811989562790725,,,,,,
3,6.800000000000001,0.7603936432512866,5.7670603640416065,38.340626890528725,2.0441688813351626,,,,,,
3,6.8500000000000005,0.7508823001487707,5.869666905925496,38.801636062297575,2.0099984944833755,,,,,,
3,6.9,0.7410272252520442,5.922786236465255,39.142720196675874,1.9779583666783103,,,,,,
3,6.95,0.7302201009312504,5.896338711835523,39.392148758279845,1.946912104370883,,,,,,
3,7.0,0.7198135307231815,5.867278651630876,39.60752305653243,1.9154649205915437,10.0,-0.1477767464700877,-0.814596596232408,0.41530325944534585,0.4585227818612875,0.33863908138797044
3,7.050000000000001,0.7136553677755594,5.867009193809359,39.483656614953524,1.852095040676078,,,,,,
3,7.1000000000000005,0.7169545657767464,5.770060960037577,39.28918360087322,1.7958894751190555,,,,,,
3,7.15,0.7282931594436979,5.74382885840841,39.10400769895464,1.7497687246603588,,,,,,
3,7.2,0.7276731132194061,5.675793674768203,39.211786458317185,1.7138274644453966,,,,,,
3,7.25,0.7282564485755341,5.621022318543867,39.41726288234157,1.6867269243200786,,,,,,
3,7.300000000000001,0.7021291918920464,5.68271697434905,39.77301559915594,1.666649509296803,,,,,,
3,7.3500000000000005,0.6969885088651855,5.822048076086849,39.924150742107926,1.6518400985715225,,,,,,
3,7.4,0.6964496798588852,5.850380516330965,39.899074539122765,1.640838714463539,,,,,,
3,7.45,0.709238291587766,5.824927665666744,39.96950894903598,1.6325301385448796,,,,,,
3,7.5,0.7249985390601493,5.775883671049286,40.533509031626636,1.6261075716112716,,,,,,
3,7.550000000000001,0.7210518829394047,5.930947350085776,40.94429168896765,1.595302800917101,,,,,,
3,7.6000000000000005,0.7169147560009094,6.008582713176811,41.36702767297581,1.562849815785928,,,,,,
3,7.65,0.7147715584440224,6.05559332958629,41.813644271078765,1.5283788749422735,,,,,,
3,7.7,0.7084199454336906,6.031723467961645,42.2800631283282,1.4915153815783717,,,,,,
3,7.75,0.701458782187474,5.984009738149471,42.77231476262756,1.451950048474147,,,,,,
3,7.800000000000001,0.6978923315648351,5.91499576548451,43.29770570483896,1.4095579260667923,,,,,,
3,7.8500000000000005,0.6855607677507327,5.773082658896311,43.603911535726844,1.3645610548800011,,,,,,
3,7.9,0.6706757712134591,5.650415866465071,44.17525578256508,1.3176879727445716,,,,,,
3,7.95,0.6413066633021931,5.55035650220495,44.83986972114038,1.2702243416082515,,,,,,
3,8.0,0.6129410202350416,5.421155358700788,45.56226644561528,1.2238124174656095,10.0,-0.10855218875794459,-3.148345718131234,0.0016419737331283182,0.0024629605996924772,2.608542535571781
3,8.05,0.6039447284608997,5.417358204682545,46.18811010279581,1.2382304259073258,,,,,,
3,8.100000000000001,0.592116095123765,5.48154680824372,46.8558440992965,1.2549185219057657,,,,,,
3,8.15,0.5758711262706191,5.533636184114895,47.85361464417686,1.2738996551009902,,,,,,
3,8.2,0.5623661284238064,5.454780046447949,48.86121257338879,1.2945869506010261,,,,,,
3,8.25,0.551440594995036,5.396663197949215,49.433872521670516,1.3162669266313896,,,,,,
3,8.3,0.5501033227444252,5.301328943867903,48.79595909540506,1.3383346711022113,,,,,,
3,8.350000000000001,0.5498142616730234,5.301091685510341,48.310879590446795,1.3603689630308704,,,,,,
3,8.4,0.5486987540896181,5.2452606103128705,47.865851308052214,1.3821221552390688,,,,,,
3,8.45,0.5477953334330504,5.190467452152664,47.958459936220514,1.4034783079806945,,,,,,
3,8.5,0.5416562198052853,5.147302150730825,48.4411861337736,1.4244087719843563,,,,,,
3,8.55,0.5196254706283671,5.03911303342058,49.0927127936192,1.4026505546354513,,,,,,
3,8.600000000000001,0.4986104624267483,4.95329488144516,50.53003575494116,1.3834287790037767,,,,,,
3,8.65,0.49182917958618405,4.875363369789709,52.30208271271298,1.3675257957234803,,,,,,
3,8.7,0.48476575045691717,4.790933657136636,52.8705997942689,1.3560104869181422,,,,,,
3,8.75,0.47228537745057814,4.743674551590255,53.412985055216495,1.35026381446863,,,,,,
3,8.8,0.4606963967601391,4.73868493548626,53.921757911861356,1.3519211210197477,,,,,,
3,8.850000000000001,0.44608111813343987,4.743586107323219,55.08905589075623,1.3626411951134596,,,,,,
3,8.9,0.4395549876343,4.695269622805382,56.44804614836651,1.3835833488210802,,,,,,
3,8.95,0.4397757359257826,4.691663543984593,57.56331877613486,1.4144847661020532,,,,,,
3,9.0,0.44145650233578615,4.77120179618568,58.38092158594206,1.452290205872443,10.0,-0.07986330330700818,0.8058791228867631,0.4203125500395135,0.4585227818612875,0.33863908138797044
3,9.05,0.43068654558328784,4.885167782180716,58.99795025097292,1.4822333606167968,,,,,,
3,9.1,0.43597128780151617,4.982622233008682,59.53529119677608,1.5044835385698794,,,,,,
3,9.15,0.42620688718615285,5.017410059733734,59.89919260036454,1.5156226602320744,,,,,,
3,9.200000000000001,0.4277701104442917,4.926240682543419,60.08502790629068,1.515277222095253,,,,,,
3,9.25,0.43525190697190097,4.91437743148423,60.115426714884336,1.5049418022728633,,,,,,
3,9.3,0.43269348686137565,4.904791659634244,60.023674241412486,1.4868832286072713,,,,,,
3,9.35,0.4222989067264349,4.862242907550083,59.842967814978316,1.4633846061610354,,,,,,
3,9.4,0.4116715035636059,4.812195237075212,59.60128107999037,1.4363704122335552,,,,,,
3,9.450000000000001,0.4086300277823175,4.746495479122121,59.32000947665197,1.4073036488504778,,,,,,
3,9.5,0.41176661149555305,4.7311662023200665,59.01453393601414,1.3772242640316565,,,,,,
3,9.55,0.41675505637127863,4.676011087669522,58.69545573822642,1.3468373415559949,,,,,,
3,9.6,0.422104612111301,4.64036924305213,58.414985768954004,1.3166036443469147,,,,,,
3,9.65,0.42773330969888657,4.609435948188144,58.23337956747077,1.2868143529279756,,,,,,
3,9.700000000000001,0.4335762408654697,4.557447117149967,58.053921706669335,1.2576466690076915,,,,,,
3,9.75,0.425062486518909,4.5549542146458695,57.82171263597461,1.2292028187030903,,,,,,
3,9.8,0.4228070609971416,4.506541842896455,57.43367181292539,1.201536441359646,,,,,,
3,9.85,0.42703169330972574,4.490091681944465,57.014018162228815,1.1746700355759792,,,,,,
3,9.9,0.4203182931229673,4.494892744611148,56.60124993860538,1.1486063191045526,,,,,,
3,9.950000000000001,0.40792579151090247,4.489426990064118,56.195430538931994,1.1233355515461043,,,,,,
3,10.0,0.3995840468546921,4.467331102756726,55.844818709074815,1.098840223585773,10.0,-0.08802242379922466,-4.936628787375303,7.94845558310972e-07,1.589691116621944e-06,5.798687252647086
3,10.05,0.3968860381240891,4.462661019333998,55.550568999676216,1.0750934522482143,,,,,,
3,10.1,0.3941802554401745,4.3989660588236,55.26082994707195,1.0520491297434358,,,,,,
3,10.15,0.39146187128213983,4.308891659579089,54.97500456064727,1.0296601026023249,,,,,,
3,10.200000000000001,0.38847136630563767,4.255262897587203,54.6925427210169,1.0078832972461527,,,,,,
3,10.25,0.38537254335428395,4.260134183497725,54.41294047748739,0.9866795026219265,,,,,,
3,10.3,0.38225570269739045,4.265311073367615,54.13573724284892,0.9660130617702458,,,,,,
3,10.35,0.38175248134190576,4.216160960765366,53.86051200463977,0.9458515334388881,,,,,,
3,10.4,0.3817286167709386,4.179091508784939,53.58687922521094,0.9261653581034833,,,,,,
3,10.450000000000001,0.3750551362201034,4.188393688845031,53.31448481885381,0.9069275463762881,,,,,,
3,10.5,0.3586373510921272,4.252886206097973,53.0430024157758,0.8881133979434743,,,,,,
3,10.55,0.3431047231989399,4.3033722977917,52.772130012358275,0.8697002534224078,,,,,,
3,10.600000000000001,0.34533459772579306,4.297246250365255,52.50158704050541,0.8516672783167061,,,,,,
3,10.65,0.344237899775235,4.3087978776727835,52.231111850084616,0.8339952765833626,,,,,,
3,10.700000000000001,0.3460347771149081,4.340597051682657,51.960459577186946,0.8166665305927799,,,,,,
3,10.75,0.3482015918004834,4.3101242043089965,51.68940036056892,0.7996646640714632,,,,,,
3,10.8,0.3503307449212613,4.236908718201599,51.41771786487026,0.7829745247278668,,,,,,
3,10.850000000000001,0.352421063837674,4.252837305804554,51.145208069343916,0.7665820835278608,,,,,,
3,10.9,0.34676052456505674,4.234082849242938,50.871678283138465,0.7504743479189425,,,,,,
3,10.950000000000001,0.33511196029262974,4.208084377518034,50.596946351569436,0.7346392866507878,,,,,,
3,11.0,0.3238570847526614,4.16423310390452,50.41786078217995,0.719065764175244,10.0,-0.09354635586600481,-3.1630867246731476,0.001561058203124587,0.0024629605996924772,2.608542535571781
3,11.05,0.31298231876061294,4.112067934069476,50.254070202883334,0.7037418402341121,,,,,,
3,11.100000000000001,0.30247360412623436,4.115824381781771,50.08767911991746,0.6886502461019021,,,,,,
3,11.15,0.2923172430297967,4.112985687863988,49.918305179631076,0.6737740158647109,,,,,,
3,11.200000000000001,0.2766954373960101,4.069029299263699,49.74558879224494,0.659098103867492,,,,,,
3,11.25,0.2691441249673392,4.0255083216923175,49.569192504692744,0.6446092507601361,,,,,,
3,11.3,0.2638340438237318,3.9672726601163033,49.38880042013342,0.6302958592872544,,,,,,
3,11.350000000000001,0.25496160593651385,3.9257915619899117,49.204117663579645,0.6161478788066101,,,,,,
3,11.4,0.24815438358300654,3.863520480120629,49.01486989098459,0.6021566975633684,,,,,,
3,11.450000000000001,0.2411108014989359,3.7951576510137075,48.82080283780549,0.5883150418144945,,,,,,
3,11.5,0.2331751162986239,3.780410271153827,48.62168190231464,0.5746168809785099,,,,,,
3,11.55,0.2228381651304856,3.8031122967321616,48.417291758559266,0.5610573380727427,,,,,,
3,11.600000000000001,0.21244324368405662,3.8126723334525616,48.21611071311994,0.5476326047885928,,,,,,
3,11.65,0.20248128867591986,3.801060660559636,48.01075068247873,0.5343398606413723,,,,,,
3,11.700000000000001,0.19511223389660667,3.796471613567973,47.722078789426405,0.5211771957132548,,,,,,
3,11.75,0.1902060979834998,3.7662385158861897,47.26590999427693,0.5081435365844824,,,,,,
3,11.8,0.1822836999610568,3.7535212922087444,46.80939241425182,0.4952385751183237,,,,,,
3,11.850000000000001,0.17579350247419961,3.726221081201584,46.35766922375914,0.4824626998293631,,,,,,
3,11.9,0.17408558462611967,3.735545433723529,45.901847227868004,0.46981692962224014,,,,,,
3,11.950000000000001,0.16649502266777266,3.7255133608386153,45.39100545125007,0.45730284973916446,,,,,,
3,12.0,0.1589266174197436,3.7411454394601593,44.85243341691686,0.44492254979963,10.0,-0.11765982440689884,0.260914455534623,0.7941584769600802,0.7941584769600802,0.10009282401922687
4,1.0,4.0436989232426,53.36953330281529,255.1771404098517,97.91731193430499,20.0,-0.5517332562226178,-13.42011286867275,4.610105628247919e-41,9.220211256495839e-41,40.035259128135166
4,1.05,4.161800704699914,52.11233331838062,254.21018790478465,91.83871846478544,,,,,,
4,1.1,4.2785639676668,51.547937232578,253.30886395517106,86.12997601691215,,,,,,
4,1.15,4.348554448520424,51.63815582478844,251.72697443642414,80.77038765091687,,,,,,
4,1.2,4.4179025345167915,51.787314266808494,248.76225130918613,75.74025030659605,,,,,,
4,1.25,4.425052701736376,50.46452805215824,244.56946262393987,71.02081988555128,,,,,,
4,1.3,4.551092889163736,49.77333774980866,241.5067318033826,66.59427671860175,,,,,,
4,1.35,4.63231944503161,49.32615608161986,238.8688864692952,62.443691465220894,,,,,,
4,1.4,4.625736057986455,49.06853741641336,235.07693884938413,58.552991490053095,,,,,,
4,1.45,4.6007408963323355,48.933378559550334,232.74993616964858,54.90692775954567,,,,,,
4,1.5,4.612608402288229,48.671846097695614,229.3000901179377,51.49104229941411,,,,,,
4,1.55,4.604338065696084,49.19169487176481,222.9730927307346,48.29163625117325,,,,,,
4,1.6,4.593803806834905,48.698413987984495,217.61154298873424,45.29573856325738,,,,,,
4,1.65,4.583659210884339,47.5350739159995,215.66560352136057,42.49107534942378,,,,,,
4,1.7000000000000002,4.574013786717531,47.06171141458255,211.16110283694385,39.866039944151446,,,,,,
4,1.75,4.615265397826693,46.68794260617892,206.40150178456727,37.409663681687405,,,,,,
4,1.8,4.718710718164021,46.35938992420382,204.17994372344901,35.11158742223097,,,,,,
4,1.85,4.950736803913081,46.048916933198,200.9770054298874,32.962033845554245,,,,,,
4,1.9,5.13009366130315,45.74185391208063,197.96570019079397,30.95178052909362,,,,,,
4,1.9500000000000002,5.1392048585409,45.359535549817,195.14190230754608,29.072133824269553,,,,,,
4,2.0,5.149659110200494,45.0777139099671,193.29800413847818,27.31490354147123,20.0,-0.6185998083683506,-20.809020348203923,3.5859767161253483e-96,2.151586029675209e-95,94.66724128427059
4,2.05,5.104297549898135,44.669974160221955,191.7346678153917,25.672318865165156,,,,,,
4,2.1,5.0475816866014735,44.57677589826691,190.0825589966921,24.13684676301563,,,,,,
4,2.1500000000000004,5.048803787773726,44.2710026142231,190.49339608381248,22.70138047604874,,,,,,
4,2.2,5.139096471078307,44.05211739724823,190.28487299925027,21.359274540737907,,,,,,
4,2.25,5.2237245780162755,44.08591356941117,190.55063175214283,20.10431621004187,,,,,,
4,2.3,5.241242015355885,43.52512742643448,191.49772219824183,18.930698457541133,,,,,,
4,2.35,5.307727449954185,43.10115238252331,192.90091378216397,17.832994489973768,,,,,,
4,2.4000000000000004,5.376370420363997,42.888308565674976,194.38003959122415,16.806133694913562,,,,,,
4,2.45,5.422041534127684,42.714344988280686,194.5180080463918,15.845378951700315,,,,,,
4,2.5,5.487625109763788,42.443842298864375,195.0278020703182,14.946305234938537,,,,,,
4,2.55,5.554486461909488,42.243485738221395,196.55788983200318,14.104779440832491,,,,,,
4,2.6,5.622651995905281,42.1548685984895,198.0162008926055,13.31694136716535,,,,,,
4,2.6500000000000004,5.6921438208004185,41.53090722527518,197.78473380451746,12.579185777699035,,,,,,
4,2.7,5.762978861323501,41.258709222165606,198.39917113844658,11.888145480908037,,,,,,
4,2.75,5.773996814932161,40.957039374555166,199.176001067054,11.240675350940762,,,,,,
4,2.8,5.716330440357423,40.750076440660585,199.7846449342882,10.633837215085938,,,,,,
4,2.85,5.581913977675157,40.407867642889514,200.41007478973916,10.064885526197948,,,,,,
4,2.9000000000000004,5.531157247890599,40.13574519617467,201.5763883966606,9.5312537297177,,,,,,
4,2.95,5.523021365809814,39.81948871234374,202.36847286681206,9.030541222066997,,,,,,
4,3.0,5.372110595416732,39.58326808627142,203.70973562229386,8.560500778980852,20.0,-0.4434963545697824,15.943755140279974,3.1485179025551416e-57,7.556442966132339e-57,56.12168259123351
4,3.0500000000000003,5.1148394909951875,39.13296554991208,205.34689478749988,8.118984073073314,,,,,,
4,3.1,4.939545453277877,39.530612363509874,206.28513831125125,7.703807265287161,,,,,,
4,3.15,4.87115607295752,39.36816246512585,207.23187739493977,7.312871778958697,,,,,,
4,3.2,4.835955976676583,39.252895645417155,208.1880782132683,6.9441920767570275,,,,,,
4,3.25,4.797320044772773,39.23807398261856,209.15473382846807,6.595879304371501,,,,,,
4,3.3000000000000003,4.754165453977374,39.11342312560504,210.13279554328443,6.266123927197694,,,,,,
4,3.35,4.596597237637919,39.105407604785704,211.1230436653687,5.9531770104718245,,,,,,
4,3.4000000000000004,4.331453764891145,38.92087293301992,213.62323687325556,5.655329947316058,,,,,,
4,3.45,4.059901812956486,38.766964985206144,216.19627290180807,5.370892880427026,,,,,,
4,3.5,3.8035690312509347,39.22811727728063,222.1419905128987,5.098173068602916,,,,,,
4,3.5500000000000003,3.5607475596722167,38.759321054781,228.86647749947252,4.835456475665573,,,,,,
4,3.6,3.3307510408299055,38.42121497924943,232.26408827864168,4.580999551958889,,,,,,
4,3.6500000000000004,3.1438373017364296,38.36870788463119,234.96149117768084,4.333044165287353,,,,,,
4,3.7,2.9564411608443617,38.460932277820916,237.46436217713327,4.089876715637277,,,,,,
4,3.75,2.8580496744429587,38.72887296152028,239.25491377190738,3.8499595490294096,,,,,,
4,3.8000000000000003,2.730379938713172,39.14138118430248,239.1930644508443,3.6121593790104107,,,,,,
4,3.85,2.6140585567017807,39.29023151136818,238.86685743984646,3.3760653079587604,,,,,,
4,3.9000000000000004,2.483168043771334,39.17178702875024,238.59322280913864,3.1423098193787493,,,,,,
4,3.95,2.342364104151364,38.46048304134044,239.98962644024854,2.9126938258791775,,,,,,
4,4.0,2.2488350815637115,38.26757524066342,239.84547974471803,2.689857829708031,20.0,-0.42313670089022637,0.029879672835555576,0.97616301733799,0.9761630173379899,0.010477649937315262
4,4.050000000000001,2.2297101064326346,37.42088184653831,238.19364707646747,2.503979251164931,,,,,,
4,4.1,2.220858911784301,36.946512612854335,236.79101438538274,2.3450593631391037,,,,,,
4,4.15,2.2116958485264586,37.00610047498891,235.520327186951,2.220390821373784,,,,,,
4,4.2,2.2034555082309053,36.92005044576739,234.39746567426457,2.1284058845960496,,,,,,
4,4.25,2.1964701985561574,37.18277220528652,233.4171944818405,2.063903956093998,,,,,,
4,4.300000000000001,2.190780271708382,37.21417877227074,232.56241026363972,2.0209831402254266,,,,,,
4,4.35,2.1864185378224614,36.98861939044851,231.81179002002676,1.9943962615684752,,,,,,
4,4.4,2.183386061576102,36.70911379269937,231.16504075670596,1.9799858872665097,,,,,,
4,4.45,2.1816504532968635,36.43727053240152,231.16287681478101,1.974671221766734,,,,,,
4,4.5,2.1811534316939283,36.289542223014365,231.27196247266446,1.9762655383092882,,,,,,
4,4.550000000000001,2.127391121963172,36.369440279158155,232.9018729125643,1.8487097140188802,,,,,,
4,4.6,2.0508744536192105,35.67654641625555,234.84656763804276,1.7283182449967396,,,,,,
4,4.65,1.9839281040943864,36.50410312064791,240.48319183914683,1.6155310765695259,,,,,,
4,4.7,1.9276507772134455,36.99780172216087,244.3866110106536,1.5110578333512477,,,,,,
4,4.75,1.883391049014023,37.181093975505405,245.10684120491538,1.4159036684133468,,,,,,
4,4.800000000000001,1.8525849958158234,36.35831822693855,247.7885543933031,1.3313270288822874,,,,,,
4,4.85,1.836375960923013,36.001074321301765,249.12000960438507,1.2586591026410934,,,,,,
4,4.9,1.8349287148012825,35.31957059237128,248.54626634059835,1.198891750043108,,,,,,
4,4.95,1.8452247510560202,34.44962784795249,247.73539963699645,1.1519312856378803,,,,,,
4,5.0,1.8160092294462407,34.47914580056327,247.33326078071127,1.1153929243970535,20.0,-0.5765078894019758,19.939623710440554,1.8444692010859328e-88,5.533407603257799e-88,87.25700733749854
4,5.05,1.8059908203827413,34.708727634765395,247.84374982979935,1.1759969558198593,,,,,,
4,5.1000000000000005,1.7663193970920845,35.44924491104658,247.63232903885145,1.2428279604189973,,,,,,
4,5.15,1.726346362036854,35.73934521311909,244.62180138813147,1.3148207339912252,,,,,,
4,5.2,1.695441737844917,36.24877112668999,240.61481002291802,1.390580221299196,,,,,,
4,5.25,1.6669168026005117,36.05807495818922,236.62527657135567,1.4688717778238085,,,,,,
4,5.3,1.6360532269345054,35.705816926543534,235.07624796390922,1.5488187931270694,,,,,,
4,5.3500000000000005,1.630079254975527,35.98992839288272,234.5862495886373,1.6299102586418037,,,,,,
4,5.4,1.6399432369852804,36.55506328380778,234.84743585864956,1.711920443547406,,,,,,
4,5.45,1.6916270458938256,36.818625656829084,233.47129246336755,1.7948114477240948,,,,,,
4,5.5,1.746095019403542,37.1418734302214,232.05209276306067,1.878652316581771,,,,,,
4,5.55,1.7599930446229348,36.722516817149284,231.59008201625832,1.8970117070408672,,,,,,
4,5.6000000000000005,1.73685420450083,36.58881687465759,231.2066767154205,1.9230889148844719,,,,,,
4,5.65,1.7068056438817165,36.36707781448611,230.83895263605433,1.9594679869327256,,,,,,
4,5.7,1.6604924676734443,36.476719557066815,230.66288545433827,2.0097046502001965,,,,,,
4,5.75,1.609830403593563,36.84908499116865,231.49496121711314,2.0785188184141266,,,,,,
4,5.800000000000001,1.5587113088705398,36.61285695001875,232.3539139242244,2.171804491714223,,,,,,
4,5.8500000000000005,1.4978807545708377,36.76461033950196,233.2388820824131,2.2961621676067683,,,,,,
4,5.9,1.438298636809302,36.60496731130934,232.98472336435034,2.457471003342685,,,,,,
4,5.95,1.4209244257794675,36.57530462224078,231.16617646808893,2.657897078781595,,,,,,
4,6.0,1.3527168738955435,36.75799051995415,229.269596854293,2.890861299223331,20.0,-0.5317286169326474,0.19472629881652123,0.8456072225193376,0.9224806063847321,0.03504275538963842
4,6.050000000000001,1.3762408637660841,36.36948225483773,225.5250942843636,3.0123180742742797,,,,,,
4,6.1000000000000005,1.403135049103069,36.19467015278846,221.68832188371672,3.130213815040051,,,,,,
4,6.15,1.4347553509895332,35.09727711735344,218.2866693561158,3.2451611506146247,,,,,,
4,6.2,1.4702608691087842,35.00798379774666,217.72579493531782,3.3585926204320415,,,,,,
4,6.25,1.5085584543886519,34.957097199847176,216.5725198240523,3.472140377141611,,,,,,
4,6.300000000000001,1.5486881797178786,35.16660201290708,215.48435380468703,3.587290411241193,,,,,,
4,6.3500000000000005,1.6081732436987912,34.57171492836301,213.53507480551602,3.7052565036269653,,,,,,
4,6.4,1.6698113324383155,34.159712325373846,211.18794282221975,3.826984781116439,,,,,,
4,6.45,1.7298960940662054,33.52769833914286,208.87404443119053,3.953211764857813,,,,,,
4,6.5,1.788556582876181,33.263806348019024,206.1827920816409,4.0845303941183735,,,,,,
4,6.550000000000001,1.815580361011937,33.137451834870646,205.7881118382796,4.3148974779638545,,,,,,
4,6.6000000000000005,1.8110446150555692,32.93556051912664,205.344952352995,4.541075562898567,,,,,,
4,6.65,1.7661850034936366,32.45469344297135,205.63451057333603,4.756540296986178,,,,,,
4,6.7,1.7464189973108175,32.10015227648307,205.93268367882305,4.952874647248767,,,,,,
4,6.75,1.752941487689802,31.9050890048212,206.03118054431724,5.120067920461037,,,,,,
4,6.800000000000001,1.7236848441315722,31.318943667692164,205.87337041445065,5.247721608578989,,,,,,
4,6.8500000000000005,1.6947810498189069,31.18681727816182,205.4084623588707,5.327597043867698,,,,,,
4,6.9,1.6681457627656329,30.94613737027295,204.61284922377732,5.357488531529394,,,,,,
4,6.95,1.644292291033825,31.044981596357793,203.52024630118623,5.345397122600285,,,,,,
4,7.0,1.6550111767959335,30.81826540927828,202.2546754395527,5.312086588270438,20.0,-0.573540202405167,20.35342225652957,4.329663492216228e-92,1.731865396886491e-91,90.76148586500983
4,7.050000000000001,1.7531552748171182,30.498865292565885,201.82858663583085,5.508167262114264,,,,,,
4,7.1000000000000005,1.846172473315085,30.086665229605202,201.60058462426062,5.726587629844631,,,,,,
4,7.15,1.8531544599147813,30.003507908307917,201.61833967201753,5.971026312560315,,,,,,
4,7.2,1.8640507634157708,30.172155202247673,202.10895106833257,6.2429803018705625,,,,,,
4,7.25,1.880410793505192,30.325637208354724,202.75590335389458,6.542662881168955,,,,,,
4,7.300000000000001,1.9582495913439366,30.98217313047448,202.78502073941522,6.869730218470939,,,,,,
4,7.3500000000000005,2.0433025249609296,31.375609937478835,202.97584417315147,7.2237686780280255,,,,,,
4,7.4,2.1256434984105828,31.90713126082172,203.29426180860875,7.604553364569277,,,,,,
4,7.45,2.180088528284083,32.3885613890955,203.86081249999424,8.012144841423995,,,,,,
4,7.5,2.208003462963512,32.52155947550128,204.50185484533222,8.446895536080834,,,,,,
4,7.550000000000001,2.1531147402825184,32.47655709365051,205.11615647429903,8.643063911962713,,,,,,
4,7.6000000000000005,2.152596022647969,32.22228918563073,207.02116199081044,8.878298701347042,,,,,,
4,7.65,2.1492512583413124,32.55528641157845,209.1957501517624,9.166141450679522,,,,,,
4,7.7,2.0747098581005066,32.28493985560783,211.7244409357673,9.525131016676216,,,,,,
4,7.75,2.0451302490253243,32.80563425114859,213.97784551705277,9.97992560717388,,,,,,
4,7.800000000000001,2.0343265052233455,32.9000512154836,216.45419470542444,10.561671305061695,,,,,,
4,7.8500000000000005,2.101547559412057,33.072144142610895,217.89825084596959,11.306264387332396,,,,,,
4,7.9,2.1742493990336924,32.98028443892436,218.9792927805789,12.248297256497645,,,,,,
4,7.95,2.1813869766791854,32.55476467324203,221.6956764321499,13.408004323034964,,,,,,
4,8.0,2.1824779458341643,32.63976330775107,222.00041171646419,14.769359422021655,20.0,-0.6099123331050748,4.899869802569985,9.59001848648239e-07,1.1508022183778867e-06,5.9389993096003195
4,8.05,2.215959071252344,33.39302299086671,223.06530262859263,15.653749405419225,,,,,,
4,8.100000000000001,2.318050214132391,34.332438935912535,224.90699225137243,16.524911617334137,,,,,,
4,8.15,2.3821646329967523,34.46618608027296,226.40807152317484,17.34809792413119,,,,,,
4,8.2,2.443415672072217,35.1468276222825,227.51089876597135,18.108567903557898,,,,,,
4,8.25,2.5101099003635725,35.91229268157245,228.26973623110197,18.806200822368744,,,,,,
4,8.3,2.633330940683237,36.68703963137472,228.76067529178147,19.449196520437567,,,,,,
4,8.350000000000001,2.7660303097892336,37.15737229497938,226.17850896911244,20.04885854030345,,,,,,
4,8.4,2.8858900483582643,37.439605243757754,222.34224206225412,20.616348740154105,,,,,,
4,8.45,3.0086184081998657,37.316974538045784,222.6027285268732,21.161187420407842,,,,,,
4,8.5,3.134952855034131,37.29776492834462,220.96400086772127,21.69086737147919,,,,,,
4,8.55,3.1688943566436985,37.246491318522246,225.25933051544237,23.23690708598259,,,,,,
4,8.600000000000001,3.151659478340231,37.484141830867316,228.81162511271063,24.819190174152013,,,,,,
4,8.65,3.1405177650911416,37.76636122191977,231.26602881285348,26.402420480794326,,,,,,
4,8.7,3.241000014429674,37.80344689240744,233.4203682233185,27.934697684847876,,,,,,
4,8.75,3.299364589130411,37.85365339448451,235.12349426670764,29.34581824753185,,,,,,
4,8.8,3.2473116151147843,38.085271020586205,236.21485056714695,30.55104105913224,,,,,,
4,8.850000000000001,3.222264319996928,38.925085519625064,238.85095754487222,31.46520237436501,,,,,,
4,8.9,3.2617848565534544,39.2766194883972,240.41158467823797,32.03064278949507,,,,,,
4,8.95,3.1849908968605214,38.83883187456435,240.11238682279875,32.25579147965558,,,,,,
4,9.0,3.083566611081642,38.647089832530504,238.47640919890446,32.25260273092293,20.0,-0.5082852977313,-11.025055953893412,2.893385110677657e-28,4.960088761161697e-28,27.304510551707825
4,9.05,3.025285497933674,39.220913526252716,235.81796163190353,32.420701263718435,,,,,,
4,9.1,2.8872206123412107,40.10035534788609,234.72548577457712,32.509254566394,,,,,,
4,9.15,2.775175242339371,39.82898470321112,229.94249467440366,32.491658064569684,,,,,,
4,9.200000000000001,2.6962829183439716,39.57153233750047,224.34157151619038,32.37420482855115,,,,,,
4,9.25,2.6322086302836936,39.62742459253222,218.3252955985814,32.178952280604626,,,,,,
4,9.3,2.579654450766252,39.81166270015434,216.81280790727467,31.931605300983257,,,,,,
4,9.35,2.533373168858979,39.95648683379185,215.6185073058758,31.65484277972106,,,,,,
4,9.4,2.452318347393995,39.451158841328386,216.34471730273953,31.365904067450145,,,,,,
4,9.450000000000001,2.4723579174024226,39.01838242178958,217.0923361754275,31.076621034012746,,,,,,
4,9.5,2.4889494503563796,38.86617774029952,218.1076495531373,30.794448458551066,,,,,,
4,9.55,2.5013738128289615,38.864614793237266,218.5103854452156,30.523669583602782,,,,,,
4,9.6,2.5224065775040114,37.94894415008376,217.19923830284316,30.26642856634571,,,,,,
4,9.65,2.557252546159537,37.47736921244978,217.95753874565636,30.023502279744783,,,,,,
4,9.700000000000001,2.5785192727960684,36.253034301558,217.75537164312613,29.794834571531446,,,,,,
4,9.75,2.5561965085859417,35.801337900736144,219.49996238782907,29.579888018834374,,,,,,
4,9.8,2.5060387509359137,35.87258011556365,220.65391366147318,29.37786706173026,,,,,,
4,9.85,2.452443517239815,35.591264645353235,220.22810862109742,29.187855026729782,,,,,,
4,9.9,2.382754159002735,35.6104443740031,219.9864946515233,29.00889543556678,,,,,,
4,9.950000000000001,2.251695656017428,34.85443002924531,220.63149475332,28.840038175411934,,,,,,
4,10.0,2.094445872950971,34.13571075566681,222.74874084666686,28.68036399603364,20.0,-0.5281032472399497,-27.76776456458884,1.0634797875152183e-169,1.276175745018262e-168,167.89408951383118
4,10.05,1.9492380766723476,33.743149142698556,224.909090120352,28.528866901552266,,,,,,
4,10.1,1.8148925750443972,33.47069528848307,227.11245638187887,28.384115000570844,,,,,,
4,10.15,1.6903696672880588,33.7419128173272,228.13990348947303,28.244706770600953,,,,,,
4,10.200000000000001,1.5747672190256734,33.954328744215175,229.1278099996841,28.109393449299816,,,,,,
4,10.25,1.4672980475574517,33.987098542806585,230.2260768106961,27.977061659487358,,,,,,
4,10.3,1.3748075418406123,33.87046086157868,232.72071889713322,27.84671771410183,,,,,,
4,10.35,1.3041185441805736,34.41059016742645,235.248182486461,27.71747371461159,,,,,,
4,10.4,1.2746465059463838,34.28956450143389,237.80755582636675,27.58853539628473,,,,,,
4,10.450000000000001,1.2646263983159365,34.063780396599725,239.57958559460064,27.459191592580808,,,,,,
4,10.5,1.2552896536452258,34.474870623840516,241.93282727329247,27.328805155882566,,,,,,
4,10.55,1.2471721733379924,33.91089347214992,243.79734923713607,27.196805162891597,,,,,,
4,10.600000000000001,1.2289642862888046,34.38297645190485,243.78986203949822,27.062680238290845,,,,,,
4,10.65,1.1784425125188807,34.87512648445305,244.39313569000817,26.925972842632138,,,,,,
4,10.700000000000001,1.1303845763655889,33.83226307686537,244.13074206069422,26.786274385718762,,,,,,
4,10.75,1.0846459053781685,33.2925960500244,243.86101278554372,26.64322104271265,,,,,,
4,10.8,1.0406125075353827,32.84105444418445,243.5834521819862,26.496490165541584,,,,,,
4,10.850000000000001,0.9823873018371732,32.61620982359113,243.29759330899083,26.34579719633074,,,,,,
4,10.9,0.9218853258701954,32.31894799514941,243.00299538739094,26.19089300228253,,,,,,
4,10.950000000000001,0.8877570656679848,31.673595007355026,244.26367516462773,26.03156156265506,,,,,,
4,11.0,0.8643579854513546,31.36155780878797,245.19721720851717,25.867617948312798,20.0,-0.4612043845760686,-9.523770443852023,1.6700715827348077e-21,2.5051073741022115e-21,20.601173654634778
4,11.05,0.8414899904275925,31.638033246754887,245.97535135981983,25.698917046133843,,,,,,
4,11.100000000000001,0.8191432133049233,31.50906008659009,253.52841100702798,25.525381112066327,,,,,,
4,11.15,0.7961729283900608,30.854453429176875,260.7173061287182,25.346962991916257,,,,,,
4,11.200000000000001,0.7833740318498352,30.560348152105398,268.1136984505977,25.163634302445058,,,,,,
4,11.25,0.7824777313427925,30.41942991947181,275.985580087429,24.97538471969757,,,,,,
4,11.3,0.7749506420740296,29.983410438401293,282.0222437405697,24.782221246427714,,,,,,
4,11.350000000000001,0.729295572001998,29.486206704179395,290.51402871203993,24.584167465509697,,,,,,
4,11.4,0.6979151106537783,28.8197147452709,296.01645961510746,24.38126278433217,,,,,,
4,11.450000000000001,0.6815025964069866,28.58470456600837,298.94567915921283,24.173561673830076,,,,,,
4,11.5,0.6581958346238889,28.097528328848636,301.66746702452986,23.96113290487216,,,,,,
4,11.55,0.6388500427456656,27.928581944688176,305.33332320313804,23.744058784073694,,,,,,
4,11.600000000000001,0.6157728825329736,27.205477266276887,309.2811356076692,23.522434390679873,,,,,,
4,11.65,0.5733786920133211,27.030569339120202,313.83936144688903,23.296366815885143,,,,,,
4,11.700000000000001,0.5335589594323757,27.117390554644974,320.7682949547899,23.06597440578999,,,,,,
4,11.75,0.5165224318802011,27.197738072966693,325.7778765286874,22.831386009102793,,,,,,
4,11.8,0.5041250548265743,26.95492048197276,338.7501374012645,22.592740230652186,,,,,,
4,11.850000000000001,0.4914205498994102,26.43885525918087,352.19061611276743,22.350184691762884,,,,,,
4,11.9,0.4791261548416189,26.6799325398229,365.5116838967396,22.103875298555142,,,,,,
4,11.950000000000001,0.46214702113131934,26.479745143663912,379.29921425144164,21.853975519241725,,,,,,
4,12.0,0.4328092618733161,25.965561259451064,393.56514733738146,21.600655671510587,20.0,-0.3146372479131781,7.225232818733348,5.002440676570591e-13,6.669920902094121e-13,12.175879316306501
