"model_id","city","activity_type","exposure","log_rr"
"Abilene__all","Abilene","all",2,-0.169571904524669
"Abilene__all","Abilene","all",4,-0.341253769040767
"Abilene__all","Abilene","all",6,-0.517155553539724
"Amarillo__all","Amarillo","all",2,-0.910491895928828
"Amarillo__all","Amarillo","all",4,-1.31485287496552
"Amarillo__all","Amarillo","all",6,-0.706952020217898
"Arlington__all","Arlington","all",2,-0.019456683937056
"Arlington__all","Arlington","all",4,-0.0381401807684922
"Arlington__all","Arlington","all",6,-0.0552773033886888
"Atlanta__all","Atlanta","all",2,-0.780370220030795
"Atlanta__all","Atlanta","all",4,-1.16508511281147
"Atlanta__all","Atlanta","all",6,-0.780929921362578
"Austin__all","Austin","all",2,-0.013381947037818
"Austin__all","Austin","all",4,-0.025179069858127
"Austin__all","Austin","all",6,-0.0338065442434179
"Bakersfield__all","Bakersfield","all",2,0.0465261800361051
"Bakersfield__all","Bakersfield","all",4,0.0752345236186427
"Bakersfield__all","Bakersfield","all",6,0.0683071942940456
"Baltimore__all","Baltimore","all",2,0.087964107757611
"Baltimore__all","Baltimore","all",4,0.120644335787049
"Baltimore__all","Baltimore","all",6,0.0427568043601396
"Boston__all","Boston","all",2,-0.479233715376918
"Boston__all","Boston","all",4,-0.75589555835822
"Boston__all","Boston","all",6,-0.627413656548292
"Cape_Coral__all","Cape_Coral","all",2,-1.1870825162796
"Cape_Coral__all","Cape_Coral","all",4,-0.456270760001558
"Cape_Coral__all","Cape_Coral","all",6,1.49952481017666
"Chandler__all","Chandler","all",2,-0.0208889806090853
"Chandler__all","Chandler","all",4,0.0146711187988799
"Chandler__all","Chandler","all",6,0.159690508035635
"Charleston__all","Charleston","all",2,-0.141236778433502
"Charleston__all","Charleston","all",4,-0.196739311268747
"Charleston__all","Charleston","all",6,-0.112408948279536
"Charlotte__all","Charlotte","all",2,0.190304836864353
"Charlotte__all","Charlotte","all",4,0.214968280989162
"Charlotte__all","Charlotte","all",6,-0.0915628085784599
"Chicago__all","Chicago","all",2,-0.157615601362818
"Chicago__all","Chicago","all",4,-0.28579420074668
"Chicago__all","Chicago","all",6,-0.355098796172631
"Cincinnati__all","Cincinnati","all",2,0.423427072811899
"Cincinnati__all","Cincinnati","all",4,0.473912194060074
"Cincinnati__all","Cincinnati","all",6,-0.2214865878192
"Clearwater__all","Clearwater","all",2,0.175452524771321
"Clearwater__all","Clearwater","all",4,0.226456064889144
"Clearwater__all","Clearwater","all",6,0.201589639019067
"Cleveland__all","Cleveland","all",2,-3074.14199417189
"Cleveland__all","Cleveland","all",4,-4725.35215080378
"Cleveland__all","Cleveland","all",6,-3530.69863235578
"Columbia__all","Columbia","all",2,0.0150051810541889
"Columbia__all","Columbia","all",4,0.102844585127137
"Columbia__all","Columbia","all",6,0.333782830673691
"Columbus__all","Columbus","all",2,-0.268404831556573
"Columbus__all","Columbus","all",4,-0.268099289577121
"Columbus__all","Columbus","all",6,0.269626999474381
"Corpus_Christi__all","Corpus_Christi","all",2,-658.094226662623
"Corpus_Christi__all","Corpus_Christi","all",4,-378.075739004202
"Corpus_Christi__all","Corpus_Christi","all",6,79.5344094429383
"Dallas__all","Dallas","all",2,-0.0267971241260481
"Dallas__all","Dallas","all",4,-0.0528494794903413
"Dallas__all","Dallas","all",6,-0.0774122973311246
"Detroit__all","Detroit","all",2,-3.30125580328084
"Detroit__all","Detroit","all",4,-4.96507828257887
"Detroit__all","Detroit","all",6,-3.35403411391155
"Fort_Worth__all","Fort_Worth","all",2,-0.0635916948757283
"Fort_Worth__all","Fort_Worth","all",4,-0.123404667663137
"Fort_Worth__all","Fort_Worth","all",6,-0.175660196273906
"Fresno__all","Fresno","all",2,-0.060086718415918
"Fresno__all","Fresno","all",4,-0.116868928418436
"Fresno__all","Fresno","all",6,-0.167042121594153
"Gilbert__all","Gilbert","all",2,0.101230394746326
"Gilbert__all","Gilbert","all",4,0.175777159993411
"Gilbert__all","Gilbert","all",6,0.19810338512152
"Henderson__all","Henderson","all",2,0.0119706925648296
"Henderson__all","Henderson","all",4,0.0198180726974706
"Henderson__all","Henderson","all",6,0.0194188279657341
"Houston__all","Houston","all",2,0.055156760634659
"Houston__all","Houston","all",4,0.100471406659048
"Houston__all","Houston","all",6,0.126185755670954
"Indianapolis__all","Indianapolis","all",2,-0.157191664401217
"Indianapolis__all","Indianapolis","all",4,-0.134191869442486
"Indianapolis__all","Indianapolis","all",6,0.249190844236141
"Jacksonville__all","Jacksonville","all",2,0.231918577102123
"Jacksonville__all","Jacksonville","all",4,0.386008382120856
"Jacksonville__all","Jacksonville","all",6,0.432227372663259
"Kansas_City__all","Kansas_City","all",2,-0.0981670217374056
"Kansas_City__all","Kansas_City","all",4,-0.187848058304163
"Kansas_City__all","Kansas_City","all",6,-0.260564327581922
"Las_Vegas__all","Las_Vegas","all",2,-0.0543639296917205
"Las_Vegas__all","Las_Vegas","all",4,-0.0907488569954131
"Las_Vegas__all","Las_Vegas","all",6,-0.0912655447087546
"Los_Angeles__all","Los_Angeles","all",2,0.278509750424358
"Los_Angeles__all","Los_Angeles","all",4,0.51913904106252
"Los_Angeles__all","Los_Angeles","all",6,0.684007412128287
"Louisville__all","Louisville","all",2,-0.917997159441573
"Louisville__all","Louisville","all",4,-1.42947862378271
"Louisville__all","Louisville","all",6,-1.12792869792298
"Lubbock__all","Lubbock","all",2,-0.580598206686817
"Lubbock__all","Lubbock","all",4,-1.1023337834728
"Lubbock__all","Lubbock","all",6,-1.50634410045713
"Mesa__all","Mesa","all",2,0.104088073278059
"Mesa__all","Mesa","all",4,0.134821262542342
"Mesa__all","Mesa","all",6,0.0231256459053286
"Miami__all","Miami","all",2,0.926628260039024
"Miami__all","Miami","all",4,-21.5449971616373
"Miami__all","Miami","all",6,-265.31533064839
"Milwaukee__all","Milwaukee","all",2,-0.155447052730796
"Milwaukee__all","Milwaukee","all",4,-0.235299772103568
"Milwaukee__all","Milwaukee","all",6,-0.163963824760295
"Minneapolis__all","Minneapolis","all",2,2.3336703800139
"Minneapolis__all","Minneapolis","all",4,4.11893473658544
"Minneapolis__all","Minneapolis","all",6,4.80738704627225
"Miramar__all","Miramar","all",2,-0.673781855833539
"Miramar__all","Miramar","all",4,-4.27102554505793
"Miramar__all","Miramar","all",6,-3.47249490402387
"Nashville__all","Nashville","all",2,-0.0742151350380576
"Nashville__all","Nashville","all",4,-0.131463997842142
"Nashville__all","Nashville","all",6,-0.155052726331938
"New_York__all","New_York","all",2,-0.0960436053921277
"New_York__all","New_York","all",4,-0.176584928825107
"New_York__all","New_York","all",6,-0.226121688339789
"Newark__all","Newark","all",2,0.121020730017817
"Newark__all","Newark","all",4,0.549712130684737
"Newark__all","Newark","all",6,1.59374487264987
"Oklahoma_City__all","Oklahoma_City","all",2,-0.0489875070722903
"Oklahoma_City__all","Oklahoma_City","all",4,-0.0939026328329469
"Oklahoma_City__all","Oklahoma_City","all",6,-0.130672995970343
"Orlando__all","Orlando","all",2,0.121405430629268
"Orlando__all","Orlando","all",4,0.226574257976
"Orlando__all","Orlando","all",6,0.293790726480086
"Overland_Park__all","Overland_Park","all",2,-0.0819340725677511
"Overland_Park__all","Overland_Park","all",4,-0.145971686636535
"Overland_Park__all","Overland_Park","all",6,-0.174226776343423
"Palm_Bay__all","Palm_Bay","all",2,1.34035908769771
"Palm_Bay__all","Palm_Bay","all",4,-2.04488793782998
"Palm_Bay__all","Palm_Bay","all",6,-7.79339423880608
"Philadelphia__all","Philadelphia","all",2,0.0300709818973147
"Philadelphia__all","Philadelphia","all",4,0.0237013557286723
"Philadelphia__all","Philadelphia","all",6,-0.055549486571884
"Phoenix__all","Phoenix","all",2,-0.111682328933669
"Phoenix__all","Phoenix","all",4,-0.186303417208943
"Phoenix__all","Phoenix","all",6,-0.191225582092107
"Raleigh__all","Raleigh","all",2,-0.0293568107682699
"Raleigh__all","Raleigh","all",4,-0.0757630195849794
"Raleigh__all","Raleigh","all",6,-0.154584591912204
"Richmond__all","Richmond","all",2,0.379907426456085
"Richmond__all","Richmond","all",4,0.578569696208772
"Richmond__all","Richmond","all",6,0.414741652554664
"Riverside__all","Riverside","all",2,0.0481808868887996
"Riverside__all","Riverside","all",4,0.118915607319363
"Riverside__all","Riverside","all",6,0.23475799483345
"Sacramento__all","Sacramento","all",2,-1.21649040245159
"Sacramento__all","Sacramento","all",4,-2.35208926286079
"Sacramento__all","Sacramento","all",6,-3.32590503918519
"San_Antonio__all","San_Antonio","all",2,-0.0433760444663278
"San_Antonio__all","San_Antonio","all",4,-0.0728645962486483
"San_Antonio__all","San_Antonio","all",6,-0.0778159738929829
"San_Bernardino__all","San_Bernardino","all",2,-1.2631058651965
"San_Bernardino__all","San_Bernardino","all",4,-2.21345383101118
"San_Bernardino__all","San_Bernardino","all",6,-2.53828599806221
"San_Jose__all","San_Jose","all",2,0.0443986857130489
"San_Jose__all","San_Jose","all",4,0.0872607697505175
"San_Jose__all","San_Jose","all",6,0.127049650436825
"Scottsdale__all","Scottsdale","all",2,-0.177376283693005
"Scottsdale__all","Scottsdale","all",4,-0.306513813731989
"Scottsdale__all","Scottsdale","all",6,-0.342704463724605
"St_Louis__all","St_Louis","all",2,-0.35326524154173
"St_Louis__all","St_Louis","all",4,-0.641741275647078
"St_Louis__all","St_Louis","all",6,-0.801632268061286
"St_Petersburg__all","St_Petersburg","all",2,0.660402155600933
"St_Petersburg__all","St_Petersburg","all",4,0.723011561986128
"St_Petersburg__all","St_Petersburg","all",6,0.35034827606294
"Tallahassee__all","Tallahassee","all",2,0.0658769270820043
"Tallahassee__all","Tallahassee","all",4,-0.393455220103831
"Tallahassee__all","Tallahassee","all",6,-1.11175660997719
"Tampa__all","Tampa","all",2,0.00617413054098404
"Tampa__all","Tampa","all",4,-0.0167503163149388
"Tampa__all","Tampa","all",6,-0.0742791459630319
"Tucson__all","Tucson","all",2,-0.0193468446008555
"Tucson__all","Tucson","all",4,-0.0396718386973299
"Tucson__all","Tucson","all",6,-0.0618538960306672
"Virginia_Beach__all","Virginia_Beach","all",2,-0.226918625789769
"Virginia_Beach__all","Virginia_Beach","all",4,-0.326207835200768
"Virginia_Beach__all","Virginia_Beach","all",6,-0.22833224293887
"Visalia__all","Visalia","all",2,-0.217495027685556
"Visalia__all","Visalia","all",4,-0.421085414281192
"Visalia__all","Visalia","all",6,-0.596866518696989
"Washington__all","Washington","all",2,0.106134997129228
"Washington__all","Washington","all",4,0.170458649534515
"Washington__all","Washington","all",6,0.151159612491924
"Abilene__ride","Abilene","ride",2,-0.00661708248541888
"Abilene__ride","Abilene","ride",4,-0.0206202220311215
"Abilene__ride","Abilene","ride",6,-0.0493954756973916
"Amarillo__ride","Amarillo","ride",2,-0.739262213826564
"Amarillo__ride","Amarillo","ride",4,-1.03580330608568
"Amarillo__ride","Amarillo","ride",6,-0.446902155209983
"Arlington__ride","Arlington","ride",2,-0.0278643272825172
"Arlington__ride","Arlington","ride",4,-0.0552031380379964
"Arlington__ride","Arlington","ride",6,-0.0814909157393998
"Atlanta__ride","Atlanta","ride",2,-0.426754298008266
"Atlanta__ride","Atlanta","ride",4,-0.556591117357449
"Atlanta__ride","Atlanta","ride",6,-0.110926490191075
"Austin__ride","Austin","ride",2,-0.0358571185943383
"Austin__ride","Austin","ride",4,-0.0692118645222619
"Austin__ride","Austin","ride",6,-0.0975618651173563
"Bakersfield__ride","Bakersfield","ride",2,0.103721813173023
"Bakersfield__ride","Bakersfield","ride",4,0.179309407581178
"Bakersfield__ride","Bakersfield","ride",6,0.198628564459596
"Baltimore__ride","Baltimore","ride",2,0.021018016900488
"Baltimore__ride","Baltimore","ride",4,0.0178369194543945
"Baltimore__ride","Baltimore","ride",6,-0.0337424066848622
"Boston__ride","Boston","ride",2,1.79158625706132
"Boston__ride","Boston","ride",4,3.24387533472301
"Boston__ride","Boston","ride",6,4.01757005358543
"Cape_Coral__ride","Cape_Coral","ride",2,-0.914164428071828
"Cape_Coral__ride","Cape_Coral","ride",4,-0.373392366195703
"Cape_Coral__ride","Cape_Coral","ride",6,1.04495960201072
"Chandler__ride","Chandler","ride",2,-0.0940569781146342
"Chandler__ride","Chandler","ride",4,-0.126285431786376
"Chandler__ride","Chandler","ride",6,-0.0383121200574832
"Charleston__ride","Charleston","ride",2,-0.213650429349817
"Charleston__ride","Charleston","ride",4,-0.305353538537534
"Charleston__ride","Charleston","ride",6,-0.202873807079177
"Charlotte__ride","Charlotte","ride",2,0.184507524398273
"Charlotte__ride","Charlotte","ride",4,0.193411257339003
"Charlotte__ride","Charlotte","ride",6,-0.148802347600689
"Chicago__ride","Chicago","ride",2,-0.295497029921805
"Chicago__ride","Chicago","ride",4,-0.53617487673693
"Chicago__ride","Chicago","ride",6,-0.667214357338693
"Cincinnati__ride","Cincinnati","ride",2,-0.0567817138503384
"Cincinnati__ride","Cincinnati","ride",4,-0.36152348440123
"Cincinnati__ride","Cincinnati","ride",6,-1.16218536835323
"Clearwater__ride","Clearwater","ride",2,-0.00931343856217803
"Clearwater__ride","Clearwater","ride",4,-1.45827157241045
"Clearwater__ride","Clearwater","ride",6,-3.16983172891874
"Cleveland__ride","Cleveland","ride",2,-47965.3999297316
"Cleveland__ride","Cleveland","ride",4,-84370.943712946
"Cleveland__ride","Cleveland","ride",6,-97656.7752031264
"Columbia__ride","Columbia","ride",2,0.135186669373041
"Columbia__ride","Columbia","ride",4,0.293283925609151
"Columbia__ride","Columbia","ride",6,0.495125437994968
"Columbus__ride","Columbus","ride",2,-0.0810666708964662
"Columbus__ride","Columbus","ride",4,0.0247477232880682
"Columbus__ride","Columbus","ride",6,0.504324247634601
"Corpus_Christi__ride","Corpus_Christi","ride",2,-1331.01400420603
"Corpus_Christi__ride","Corpus_Christi","ride",4,-1699.05310501626
"Corpus_Christi__ride","Corpus_Christi","ride",6,-1214.59234996264
"Dallas__ride","Dallas","ride",2,-0.0223673656743845
"Dallas__ride","Dallas","ride",4,-0.0440637925870945
"Dallas__ride","Dallas","ride",6,-0.0644183419764554
"Detroit__ride","Detroit","ride",2,-3.81945822280338
"Detroit__ride","Detroit","ride",4,-5.7642301280963
"Detroit__ride","Detroit","ride",6,-3.95962939836824
"Fort_Worth__ride","Fort_Worth","ride",2,-0.0638005436047909
"Fort_Worth__ride","Fort_Worth","ride",4,-0.124256970303733
"Fort_Worth__ride","Fort_Worth","ride",6,-0.178025163190979
"Fresno__ride","Fresno","ride",2,-0.051009645009783
"Fresno__ride","Fresno","ride",4,-0.0999604096803299
"Fresno__ride","Fresno","ride",6,-0.144793413672405
"Gilbert__ride","Gilbert","ride",2,0.0011167001314891
"Gilbert__ride","Gilbert","ride",4,0.0013601906202354
"Gilbert__ride","Gilbert","ride",6,-0.000232606244201905
"Henderson__ride","Henderson","ride",2,0.0615158731702132
"Henderson__ride","Henderson","ride",4,0.108439264643405
"Henderson__ride","Henderson","ride",6,0.126177692722554
"Houston__ride","Houston","ride",2,0.0117380758283194
"Houston__ride","Houston","ride",4,0.0169121099269645
"Houston__ride","Houston","ride",6,0.00901665252021677
"Indianapolis__ride","Indianapolis","ride",2,-0.172406408925329
"Indianapolis__ride","Indianapolis","ride",4,-0.169938728891441
"Indianapolis__ride","Indianapolis","ride",6,0.182277129060873
"Jacksonville__ride","Jacksonville","ride",2,0.216863434232568
"Jacksonville__ride","Jacksonville","ride",4,0.372868251351491
"Jacksonville__ride","Jacksonville","ride",6,0.439990534473857
"Kansas_City__ride","Kansas_City","ride",2,-0.102289199087933
"Kansas_City__ride","Kansas_City","ride",4,-0.200244342653529
"Kansas_City__ride","Kansas_City","ride",6,-0.289532852078567
"Las_Vegas__ride","Las_Vegas","ride",2,-0.0901895233085979
"Las_Vegas__ride","Las_Vegas","ride",4,-0.147148565988857
"Las_Vegas__ride","Las_Vegas","ride",6,-0.137809146226837
"Los_Angeles__ride","Los_Angeles","ride",2,0.0581252862600145
"Los_Angeles__ride","Los_Angeles","ride",4,0.108631777604874
"Los_Angeles__ride","Los_Angeles","ride",6,0.143900679119424
"Louisville__ride","Louisville","ride",2,-0.547486673794946
"Louisville__ride","Louisville","ride",4,-0.819679358706919
"Louisville__ride","Louisville","ride",6,-0.541284065852942
"Lubbock__ride","Lubbock","ride",2,-0.577111810509519
"Lubbock__ride","Lubbock","ride",4,-1.09861823919996
"Lubbock__ride","Lubbock","ride",6,-1.50891390425224
"Mesa__ride","Mesa","ride",2,0.00595392662714733
"Mesa__ride","Mesa","ride",4,-0.0459155008265248
"Mesa__ride","Mesa","ride",6,-0.209814645324009
"Miami__ride","Miami","ride",2,-0.468986513033826
"Miami__ride","Miami","ride",4,-45.3877599068948
"Miami__ride","Miami","ride",6,-335.087431056006
"Milwaukee__ride","Milwaukee","ride",2,-0.171221133527183
"Milwaukee__ride","Milwaukee","ride",4,-0.269137911715842
"Milwaukee__ride","Milwaukee","ride",6,-0.22044597922745
"Minneapolis__ride","Minneapolis","ride",2,4.39423478016027
"Minneapolis__ride","Minneapolis","ride",4,7.72347579082098
"Minneapolis__ride","Minneapolis","ride",6,8.92272926248254
"Miramar__ride","Miramar","ride",2,0.501936023960542
"Miramar__ride","Miramar","ride",4,-3.96639901680387
"Miramar__ride","Miramar","ride",6,-3.41230533040382
"Nashville__ride","Nashville","ride",2,-0.101748606335259
"Nashville__ride","Nashville","ride",4,-0.159793828706023
"Nashville__ride","Nashville","ride",6,-0.131183938933149
"New_York__ride","New_York","ride",2,-0.11366108700156
"New_York__ride","New_York","ride",4,-0.207450983604657
"New_York__ride","New_York","ride",6,-0.261498499410825
"Newark__ride","Newark","ride",2,-193.887860619013
"Newark__ride","Newark","ride",4,-357.410436627893
"Newark__ride","Newark","ride",6,-460.202443416506
"Oklahoma_City__ride","Oklahoma_City","ride",2,-0.123616387525061
"Oklahoma_City__ride","Oklahoma_City","ride",4,-0.232209337231296
"Oklahoma_City__ride","Oklahoma_City","ride",6,-0.310755411299894
"Orlando__ride","Orlando","ride",2,0.0835385460386404
"Orlando__ride","Orlando","ride",4,0.176292752024873
"Orlando__ride","Orlando","ride",6,0.268285352856305
"Overland_Park__ride","Overland_Park","ride",2,-0.0944366850602423
"Overland_Park__ride","Overland_Park","ride",4,-0.162297354773422
"Overland_Park__ride","Overland_Park","ride",6,-0.177025308389377
"Palm_Bay__ride","Palm_Bay","ride",2,0.501861732089688
"Palm_Bay__ride","Palm_Bay","ride",4,-0.93680453536894
"Palm_Bay__ride","Palm_Bay","ride",6,-3.29735355282639
"Philadelphia__ride","Philadelphia","ride",2,-0.167221781180878
"Philadelphia__ride","Philadelphia","ride",4,-0.295627449461464
"Philadelphia__ride","Philadelphia","ride",6,-0.346400891941463
"Phoenix__ride","Phoenix","ride",2,-0.0746742672929137
"Phoenix__ride","Phoenix","ride",4,-0.123723779253562
"Phoenix__ride","Phoenix","ride",6,-0.124608754474009
"Raleigh__ride","Raleigh","ride",2,-0.0175939772065164
"Raleigh__ride","Raleigh","ride",4,-0.0653291621211558
"Raleigh__ride","Raleigh","ride",6,-0.171179627541749
"Richmond__ride","Richmond","ride",2,0.592408005016952
"Richmond__ride","Richmond","ride",4,0.926695536760732
"Richmond__ride","Richmond","ride",6,0.744742121958172
"Riverside__ride","Riverside","ride",2,0.0169286609677606
"Riverside__ride","Riverside","ride",4,0.0591081764132904
"Riverside__ride","Riverside","ride",6,0.15178940081436
"Sacramento__ride","Sacramento","ride",2,-1.76478277983221
"Sacramento__ride","Sacramento","ride",4,-3.41111599244202
"Sacramento__ride","Sacramento","ride",6,-4.82055007060704
"San_Antonio__ride","San_Antonio","ride",2,-0.0460419719810428
"San_Antonio__ride","San_Antonio","ride",4,-0.0790301896272302
"San_Antonio__ride","San_Antonio","ride",6,-0.0889326353269464
"San_Bernardino__ride","San_Bernardino","ride",2,-1.20561216990023
"San_Bernardino__ride","San_Bernardino","ride",4,-2.07339967185618
"San_Bernardino__ride","San_Bernardino","ride",6,-2.26553783792357
"San_Jose__ride","San_Jose","ride",2,0.106655165089912
"San_Jose__ride","San_Jose","ride",4,0.208237118446888
"San_Jose__ride","San_Jose","ride",6,0.299672648337994
"Scottsdale__ride","Scottsdale","ride",2,-0.192126948384796
"Scottsdale__ride","Scottsdale","ride",4,-0.32800497278469
"Scottsdale__ride","Scottsdale","ride",6,-0.355549580535206
"St_Louis__ride","St_Louis","ride",2,-0.404746141612937
"St_Louis__ride","St_Louis","ride",4,-0.734454669833992
"St_Louis__ride","St_Louis","ride",6,-0.915239257760367
"St_Petersburg__ride","St_Petersburg","ride",2,0.456011504855432
"St_Petersburg__ride","St_Petersburg","ride",4,0.548348348597735
"St_Petersburg__ride","St_Petersburg","ride",6,0.337699140039262
"Tallahassee__ride","Tallahassee","ride",2,0.28482796723503
"Tallahassee__ride","Tallahassee","ride",4,-0.0787645692407576
"Tallahassee__ride","Tallahassee","ride",6,-0.984694033209163
"Tampa__ride","Tampa","ride",2,-0.184722263916707
"Tampa__ride","Tampa","ride",4,-0.12739750771723
"Tampa__ride","Tampa","ride",6,0.203672319812065
"Tucson__ride","Tucson","ride",2,-0.0318934665905794
"Tucson__ride","Tucson","ride",4,-0.0609213565158397
"Tucson__ride","Tucson","ride",6,-0.0844913656921966
"Virginia_Beach__ride","Virginia_Beach","ride",2,-0.146879948166213
"Virginia_Beach__ride","Virginia_Beach","ride",4,-0.283356760935552
"Virginia_Beach__ride","Virginia_Beach","ride",6,-0.402799953075385
"Visalia__ride","Visalia","ride",2,-0.217011020494953
"Visalia__ride","Visalia","ride",4,-0.421075078783925
"Visalia__ride","Visalia","ride",6,-0.599245212660934
"Washington__ride","Washington","ride",2,0.0374675648045767
"Washington__ride","Washington","ride",4,0.049827637428439
"Washington__ride","Washington","ride",6,0.0119727256908725
"Abilene__run","Abilene","run",2,-0.440123876151532
"Abilene__run","Abilene","run",4,-0.872692660654516
"Abilene__run","Abilene","run",6,-1.29015126186041
"Amarillo__run","Amarillo","run",2,-2.34099469455839
"Amarillo__run","Amarillo","run",4,-3.41913199577931
"Amarillo__run","Amarillo","run",6,-1.97155451032523
"Arlington__run","Arlington","run",2,-0.0275168839727402
"Arlington__run","Arlington","run",4,-0.0518745308458274
"Arlington__run","Arlington","run",6,-0.0699137035196086
"Atlanta__run","Atlanta","run",2,-1.55316792894973
"Atlanta__run","Atlanta","run",4,-0.0612691708811326
"Atlanta__run","Atlanta","run",6,1.23382916553055
"Austin__run","Austin","run",2,0.00839395984843305
"Austin__run","Austin","run",4,0.0176067244978028
"Austin__run","Austin","run",6,0.0284570987490458
"Bakersfield__run","Bakersfield","run",2,-0.133840107030939
"Bakersfield__run","Bakersfield","run",4,-0.236042136090664
"Bakersfield__run","Bakersfield","run",6,-0.274968009207962
"Baltimore__run","Baltimore","run",2,0.210627942264467
"Baltimore__run","Baltimore","run",4,0.310362216008333
"Baltimore__run","Baltimore","run",6,0.188309152710996
"Boston__run","Boston","run",2,-2.00104707231419
"Boston__run","Boston","run",4,-3.46187373487148
"Boston__run","Boston","run",6,-3.84225957791498
"Cape_Coral__run","Cape_Coral","run",2,-3.46157204965328
"Cape_Coral__run","Cape_Coral","run",4,-2.25916932056705
"Cape_Coral__run","Cape_Coral","run",6,2.38008734102963
"Chandler__run","Chandler","run",2,0.153915288091913
"Chandler__run","Chandler","run",4,0.331147697788937
"Chandler__run","Chandler","run",6,0.55260110581838
"Charleston__run","Charleston","run",2,-0.190962336420846
"Charleston__run","Charleston","run",4,-0.199252407617301
"Charleston__run","Charleston","run",6,0.035832478680272
"Charlotte__run","Charlotte","run",2,0.134727917184315
"Charlotte__run","Charlotte","run",4,0.122397531455785
"Charlotte__run","Charlotte","run",6,-0.183952211327917
"Chicago__run","Chicago","run",2,-23.4806053027369
"Chicago__run","Chicago","run",4,-46.6029042970658
"Chicago__run","Chicago","run",6,-69.0085906745844
"Cincinnati__run","Cincinnati","run",2,-129.234405856106
"Cincinnati__run","Cincinnati","run",4,-174.931273961101
"Cincinnati__run","Cincinnati","run",6,-53.5530665638798
"Clearwater__run","Clearwater","run",2,-0.33788039987413
"Clearwater__run","Clearwater","run",4,3.32040421765761
"Clearwater__run","Clearwater","run",6,7.99082304876049
"Cleveland__run","Cleveland","run",2,-485.293088765931
"Cleveland__run","Cleveland","run",4,-742.971096782829
"Cleveland__run","Cleveland","run",6,-545.418943302473
"Columbia__run","Columbia","run",2,-0.0783564554320826
"Columbia__run","Columbia","run",4,-0.0319978989772167
"Columbia__run","Columbia","run",6,0.258773646669599
"Columbus__run","Columbus","run",2,-6.13417789018604
"Columbus__run","Columbus","run",4,-5.59655178149478
"Columbus__run","Columbus","run",6,8.28468232493469
"Corpus_Christi__run","Corpus_Christi","run",2,-1132.85119653317
"Corpus_Christi__run","Corpus_Christi","run",4,-1406.92223051491
"Corpus_Christi__run","Corpus_Christi","run",6,-935.671774338346
"Dallas__run","Dallas","run",2,-0.0243977162629186
"Dallas__run","Dallas","run",4,-0.0482626740361529
"Dallas__run","Dallas","run",6,-0.0710621148300185
"Detroit__run","Detroit","run",2,-4.21867857598431
"Detroit__run","Detroit","run",4,-5.95091984007718
"Detroit__run","Detroit","run",6,-2.71028648038873
"Fort_Worth__run","Fort_Worth","run",2,-0.0873549237554356
"Fort_Worth__run","Fort_Worth","run",4,-0.168841469089245
"Fort_Worth__run","Fort_Worth","run",6,-0.238591257579801
"Fresno__run","Fresno","run",2,-0.10790882430024
"Fresno__run","Fresno","run",4,-0.204144212497007
"Fresno__run","Fresno","run",6,-0.277032728486829
"Gilbert__run","Gilbert","run",2,0.499814189564802
"Gilbert__run","Gilbert","run",4,0.85643159577053
"Gilbert__run","Gilbert","run",6,0.933583141714408
"Henderson__run","Henderson","run",2,-0.163471208793924
"Henderson__run","Henderson","run",4,-0.301430756331861
"Henderson__run","Henderson","run",6,-0.388366981357823
"Houston__run","Houston","run",2,0.0924778002990186
"Houston__run","Houston","run",4,0.172861007350971
"Houston__run","Houston","run",6,0.229155473684077
"Indianapolis__run","Indianapolis","run",2,-1.80850951504544
"Indianapolis__run","Indianapolis","run",4,-1.81475522806431
"Indianapolis__run","Indianapolis","run",6,1.78352666295541
"Jacksonville__run","Jacksonville","run",2,0.428770319410541
"Jacksonville__run","Jacksonville","run",4,0.747376605071564
"Jacksonville__run","Jacksonville","run",6,0.904986524708152
"Kansas_City__run","Kansas_City","run",2,-0.0866078954753355
"Kansas_City__run","Kansas_City","run",4,-0.158991164755875
"Kansas_City__run","Kansas_City","run",6,-0.2029418140878
"Las_Vegas__run","Las_Vegas","run",2,-0.0222013278077437
"Las_Vegas__run","Las_Vegas","run",4,-0.0599304346810574
"Las_Vegas__run","Las_Vegas","run",6,-0.128646873112482
"Los_Angeles__run","Los_Angeles","run",2,-1.3655806528389
"Los_Angeles__run","Los_Angeles","run",4,-2.29502250261951
"Los_Angeles__run","Los_Angeles","run",6,-2.35218674628351
"Louisville__run","Louisville","run",2,-6.23508248883672
"Louisville__run","Louisville","run",4,-9.0219391614969
"Louisville__run","Louisville","run",6,-4.91234420180308
"Lubbock__run","Lubbock","run",2,-0.427921400513378
"Lubbock__run","Lubbock","run",4,-0.814304116741829
"Lubbock__run","Lubbock","run",6,-1.11760946440043
"Mesa__run","Mesa","run",2,0.360408036249988
"Mesa__run","Mesa","run",4,0.5559831848285
"Mesa__run","Mesa","run",6,0.431120346737277
"Miami__run","Miami","run",2,-431.684882507714
"Miami__run","Miami","run",4,113.280955613031
"Miami__run","Miami","run",6,-456.777967402792
"Milwaukee__run","Milwaukee","run",2,-4.03874941662611
"Milwaukee__run","Milwaukee","run",4,-7.50465419321075
"Milwaukee__run","Milwaukee","run",6,-9.82486968971247
"Minneapolis__run","Minneapolis","run",2,-15.3073093782497
"Minneapolis__run","Minneapolis","run",4,-26.537674391269
"Minneapolis__run","Minneapolis","run",6,-29.6141506738276
"Miramar__run","Miramar","run",2,-2.31989907915824
"Miramar__run","Miramar","run",4,-6.05050884749617
"Miramar__run","Miramar","run",6,-4.7414354379765
"Nashville__run","Nashville","run",2,-0.178713175691573
"Nashville__run","Nashville","run",4,-0.271717558177464
"Nashville__run","Nashville","run",6,-0.198403993122497
"New_York__run","New_York","run",2,-0.0703344492227093
"New_York__run","New_York","run",4,-0.142408549461075
"New_York__run","New_York","run",6,-0.217961951730753
"Newark__run","Newark","run",2,-86.4977923305535
"Newark__run","Newark","run",4,-161.035322479315
"Newark__run","Newark","run",6,-211.652328264492
"Oklahoma_City__run","Oklahoma_City","run",2,-0.039359278975557
"Oklahoma_City__run","Oklahoma_City","run",4,-0.0748985223344545
"Oklahoma_City__run","Oklahoma_City","run",6,-0.102797694460035
"Orlando__run","Orlando","run",2,0.190391023284755
"Orlando__run","Orlando","run",4,0.334511402802403
"Orlando__run","Orlando","run",6,0.357675127587748
"Overland_Park__run","Overland_Park","run",2,0.0709258188337287
"Overland_Park__run","Overland_Park","run",4,0.070685882282767
"Overland_Park__run","Overland_Park","run",6,-0.0718203832913034
"Palm_Bay__run","Palm_Bay","run",2,0.505175942041205
"Palm_Bay__run","Palm_Bay","run",4,-2.47779787329728
"Palm_Bay__run","Palm_Bay","run",6,-209.114295594368
"Philadelphia__run","Philadelphia","run",2,0.4931181345444
"Philadelphia__run","Philadelphia","run",4,0.816715193019464
"Philadelphia__run","Philadelphia","run",6,0.801270099355857
"Phoenix__run","Phoenix","run",2,-0.259304907282893
"Phoenix__run","Phoenix","run",4,-0.437803159233802
"Phoenix__run","Phoenix","run",6,-0.464092669552828
"Raleigh__run","Raleigh","run",2,-0.044772489618718
"Raleigh__run","Raleigh","run",4,-0.0837040982531669
"Raleigh__run","Raleigh","run",6,-0.110560358346314
"Richmond__run","Richmond","run",2,-0.315271055322426
"Richmond__run","Richmond","run",4,-0.534867141111709
"Richmond__run","Richmond","run",6,-0.563113287834707
"Riverside__run","Riverside","run",2,-1.3989682717438
"Riverside__run","Riverside","run",4,-2.25113427446297
"Riverside__run","Riverside","run",6,-2.00969573913292
"Sacramento__run","Sacramento","run",2,-0.384110390509369
"Sacramento__run","Sacramento","run",4,-0.752359346478359
"Sacramento__run","Sacramento","run",6,-1.08888543336659
"San_Antonio__run","San_Antonio","run",2,-0.0274305017646245
"San_Antonio__run","San_Antonio","run",4,-0.0404506902311949
"San_Antonio__run","San_Antonio","run",6,-0.0280970156905178
"San_Bernardino__run","San_Bernardino","run",2,-2.39984725977275
"San_Bernardino__run","San_Bernardino","run",4,-3.88214651553977
"San_Bernardino__run","San_Bernardino","run",6,-3.52934976329534
"San_Jose__run","San_Jose","run",2,-0.0216126420793264
"San_Jose__run","San_Jose","run",4,-0.0417274067097821
"San_Jose__run","San_Jose","run",6,-0.0588464164424967
"Scottsdale__run","Scottsdale","run",2,-0.121931394423645
"Scottsdale__run","Scottsdale","run",4,-0.211950407787467
"Scottsdale__run","Scottsdale","run",6,-0.240457936827121
"St_Louis__run","St_Louis","run",2,-0.288569540434722
"St_Louis__run","St_Louis","run",4,-0.5129489636475
"St_Louis__run","St_Louis","run",6,-0.610094708382781
"St_Petersburg__run","St_Petersburg","run",2,1.49361997653729
"St_Petersburg__run","St_Petersburg","run",4,-0.226951376138797
"St_Petersburg__run","St_Petersburg","run",6,-3.46871181389771
"Tallahassee__run","Tallahassee","run",2,-0.558287073705382
"Tallahassee__run","Tallahassee","run",4,-1.37420603527039
"Tallahassee__run","Tallahassee","run",6,-1.85752523985107
"Tampa__run","Tampa","run",2,0.0152191158058825
"Tampa__run","Tampa","run",4,-0.123236591238032
"Tampa__run","Tampa","run",6,-0.411002166743506
"Tucson__run","Tucson","run",2,0.132799319738096
"Tucson__run","Tucson","run",4,0.237083082652305
"Tucson__run","Tucson","run",6,0.286976380179451
"Virginia_Beach__run","Virginia_Beach","run",2,-0.487129330498329
"Virginia_Beach__run","Virginia_Beach","run",4,-0.557631622855972
"Virginia_Beach__run","Virginia_Beach","run",6,0.00130529119601519
"Visalia__run","Visalia","run",2,-0.16196656669251
"Visalia__run","Visalia","run",4,-0.305905142806145
"Visalia__run","Visalia","run",6,-0.413787737762029
"Washington__run","Washington","run",2,0.154754741128656
"Washington__run","Washington","run",4,0.293135851422098
"Washington__run","Washington","run",6,0.398769700045106
"Abilene__walk","Abilene","walk",2,-1.13533425010973
"Abilene__walk","Abilene","walk",4,-2.07015088301927
"Abilene__walk","Abilene","walk",6,-2.60393228152839
"Amarillo__walk","Amarillo","walk",2,-3.31003111756834
"Amarillo__walk","Amarillo","walk",4,-5.20993922678298
"Amarillo__walk","Amarillo","walk",6,-4.28960131929023
"Arlington__walk","Arlington","walk",2,0.101735942625899
"Arlington__walk","Arlington","walk",4,0.200441775826738
"Arlington__walk","Arlington","walk",6,0.293087390177456
"Atlanta__walk","Atlanta","walk",2,-12.127108068218
"Atlanta__walk","Atlanta","walk",4,-19.331204250152
"Atlanta__walk","Atlanta","walk",6,-17.0372199095386
"Austin__walk","Austin","walk",2,-0.00780569680123665
"Austin__walk","Austin","walk",4,-0.0137522808532786
"Austin__walk","Austin","walk",6,-0.0159806394069313
"Bakersfield__walk","Bakersfield","walk",2,-0.295530621166206
"Bakersfield__walk","Bakersfield","walk",4,-0.529556552908932
"Bakersfield__walk","Bakersfield","walk",6,-0.640573105804698
"Baltimore__walk","Baltimore","walk",2,-0.0338821612227171
"Baltimore__walk","Baltimore","walk",4,-0.0602733052054094
"Baltimore__walk","Baltimore","walk",6,-0.071682414708053
"Boston__walk","Boston","walk",2,-32.7887604472106
"Boston__walk","Boston","walk",4,-57.8290987251276
"Boston__walk","Boston","walk",6,-67.3725926644574
"Cape_Coral__walk","Cape_Coral","walk",2,-3.94674550868635
"Cape_Coral__walk","Cape_Coral","walk",4,-1.90573197943482
"Cape_Coral__walk","Cape_Coral","walk",6,4.21873926458995
"Chandler__walk","Chandler","walk",2,0.155084233150021
"Chandler__walk","Chandler","walk",4,0.460427753651054
"Chandler__walk","Chandler","walk",6,1.05519586611484
"Charleston__walk","Charleston","walk",2,0.590878954432526
"Charleston__walk","Charleston","walk",4,1.19960437490579
"Charleston__walk","Charleston","walk",6,-5.72293832415153
"Charlotte__walk","Charlotte","walk",2,0.354284931677583
"Charlotte__walk","Charlotte","walk",4,0.801307795547757
"Charlotte__walk","Charlotte","walk",6,1.43228475542577
"Chicago__walk","Chicago","walk",2,-5.3463633993872
"Chicago__walk","Chicago","walk",4,-10.1374586323891
"Chicago__walk","Chicago","walk",6,-13.8180175326204
"Cincinnati__walk","Cincinnati","walk",2,-3308.5718721375
"Cincinnati__walk","Cincinnati","walk",4,-6114.99065609835
"Cincinnati__walk","Cincinnati","walk",6,-7917.10326370593
"Clearwater__walk","Clearwater","walk",2,1.62517500970944
"Clearwater__walk","Clearwater","walk",4,-74.2185507691865
"Clearwater__walk","Clearwater","walk",6,-636.858185006985
"Cleveland__walk","Cleveland","walk",2,-74.8486289855035
"Cleveland__walk","Cleveland","walk",4,-133.054084601653
"Cleveland__walk","Cleveland","walk",6,-157.973193479096
"Columbia__walk","Columbia","walk",2,-1.28262548824814
"Columbia__walk","Columbia","walk",4,-1.65556260139772
"Columbia__walk","Columbia","walk",6,-0.24449404513885
"Columbus__walk","Columbus","walk",2,12.1326057407532
"Columbus__walk","Columbus","walk",4,9.69249846995808
"Columbus__walk","Columbus","walk",6,-21.8930348239446
"Corpus_Christi__walk","Corpus_Christi","walk",2,-1503.71520184434
"Corpus_Christi__walk","Corpus_Christi","walk",4,-1702.83635934609
"Corpus_Christi__walk","Corpus_Christi","walk",6,-876.8690830981
"Dallas__walk","Dallas","walk",2,-0.0379422942421882
"Dallas__walk","Dallas","walk",4,-0.0743610129349381
"Dallas__walk","Dallas","walk",6,-0.10773258052881
"Detroit__walk","Detroit","walk",2,-16.9366899996094
"Detroit__walk","Detroit","walk",4,-18.545368439809
"Detroit__walk","Detroit","walk",6,10.5019762387092
"Fort_Worth__walk","Fort_Worth","walk",2,0.0622176870556807
"Fort_Worth__walk","Fort_Worth","walk",4,0.124225793045397
"Fort_Worth__walk","Fort_Worth","walk",6,0.185814736903183
"Fresno__walk","Fresno","walk",2,-0.184113795724385
"Fresno__walk","Fresno","walk",4,-0.350672828933633
"Fresno__walk","Fresno","walk",6,-0.482122337112609
"Gilbert__walk","Gilbert","walk",2,-0.311042195822282
"Gilbert__walk","Gilbert","walk",4,-0.145882343516384
"Gilbert__walk","Gilbert","walk",6,0.912093946445566
"Henderson__walk","Henderson","walk",2,-0.0196286284555305
"Henderson__walk","Henderson","walk",4,-0.0261274561979449
"Henderson__walk","Henderson","walk",6,-0.00636668251412692
"Houston__walk","Houston","walk",2,0.0307124748262863
"Houston__walk","Houston","walk",4,0.0576651570810557
"Houston__walk","Houston","walk",6,0.0771305814769918
"Indianapolis__walk","Indianapolis","walk",2,-5.69107002761166
"Indianapolis__walk","Indianapolis","walk",4,-6.23473372006629
"Indianapolis__walk","Indianapolis","walk",6,3.51641525778632
"Jacksonville__walk","Jacksonville","walk",2,-0.451234409744764
"Jacksonville__walk","Jacksonville","walk",4,-1.08212262927034
"Jacksonville__walk","Jacksonville","walk",6,-1.85847284909105
"Kansas_City__walk","Kansas_City","walk",2,-0.316859259282284
"Kansas_City__walk","Kansas_City","walk",4,-0.528738185531978
"Kansas_City__walk","Kansas_City","walk",6,-0.530791724063242
"Las_Vegas__walk","Las_Vegas","walk",2,0.194042893840469
"Las_Vegas__walk","Las_Vegas","walk",4,0.375742549268408
"Las_Vegas__walk","Las_Vegas","walk",6,0.532689732091132
"Los_Angeles__walk","Los_Angeles","walk",2,-3.12010435034719
"Los_Angeles__walk","Los_Angeles","walk",4,-5.07431079159835
"Los_Angeles__walk","Los_Angeles","walk",6,-4.69672141465725
"Louisville__walk","Louisville","walk",2,-5.78116996146741
"Louisville__walk","Louisville","walk",4,-8.80200326499607
"Louisville__walk","Louisville","walk",6,-6.30216325264837
"Lubbock__walk","Lubbock","walk",2,-1.56553617035552
"Lubbock__walk","Lubbock","walk",4,-2.91833380868528
"Lubbock__walk","Lubbock","walk",6,-3.84565438296351
"Mesa__walk","Mesa","walk",2,-0.469468027843726
"Mesa__walk","Mesa","walk",4,-0.767256911818638
"Mesa__walk","Mesa","walk",6,-0.731603134990545
"Miami__walk","Miami","walk",2,5.8266903011725
"Miami__walk","Miami","walk",4,-81.7278476090934
"Miami__walk","Miami","walk",6,-936.786839177608
"Milwaukee__walk","Milwaukee","walk",2,455.052982543528
"Milwaukee__walk","Milwaukee","walk",4,452.500551505999
"Milwaukee__walk","Milwaukee","walk",6,-465.262706693647
"Minneapolis__walk","Minneapolis","walk",2,-1.94738856636519
"Minneapolis__walk","Minneapolis","walk",4,-2.50052432163193
"Minneapolis__walk","Minneapolis","walk",6,-0.265154454701815
"Miramar__walk","Miramar","walk",2,-1.65179779511229
"Miramar__walk","Miramar","walk",4,-13.6475189084007
"Miramar__walk","Miramar","walk",6,-81.9403980833744
"Nashville__walk","Nashville","walk",2,-0.0456020863539379
"Nashville__walk","Nashville","walk",4,0.148919361022138
"Nashville__walk","Nashville","walk",6,0.798974333318881
"New_York__walk","New_York","walk",2,0.249380036746713
"New_York__walk","New_York","walk",4,0.467904769174452
"New_York__walk","New_York","walk",6,0.624718892964244
"Newark__walk","Newark","walk",2,-5.61660036802402
"Newark__walk","Newark","walk",4,-8.15120161851858
"Newark__walk","Newark","walk",6,-4.52180463395425
"Oklahoma_City__walk","Oklahoma_City","walk",2,-0.0446444302928573
"Oklahoma_City__walk","Oklahoma_City","walk",4,-0.0805545920299764
"Oklahoma_City__walk","Oklahoma_City","walk",6,-0.0989962166556246
"Orlando__walk","Orlando","walk",2,-0.720177298761786
"Orlando__walk","Orlando","walk",4,-0.848217606376457
"Orlando__walk","Orlando","walk",6,-0.161609592152084
"Overland_Park__walk","Overland_Park","walk",2,-0.178425637598349
"Overland_Park__walk","Overland_Park","walk",4,-0.307131109523768
"Overland_Park__walk","Overland_Park","walk",6,-0.336423478434563
"Palm_Bay__walk","Palm_Bay","walk",2,6.95561888713928
"Palm_Bay__walk","Palm_Bay","walk",4,-204.414291227826
"Palm_Bay__walk","Palm_Bay","walk",6,-3312.73660879353
"Philadelphia__walk","Philadelphia","walk",2,0.136933625278642
"Philadelphia__walk","Philadelphia","walk",4,0.175344308673083
"Philadelphia__walk","Philadelphia","walk",6,0.0167091082991
"Phoenix__walk","Phoenix","walk",2,-0.0326218022479195
"Phoenix__walk","Phoenix","walk",4,-0.0389590130353766
"Phoenix__walk","Phoenix","walk",6,0.00347157891347738
"Raleigh__walk","Raleigh","walk",2,-0.263197594379452
"Raleigh__walk","Raleigh","walk",4,-0.291687219041322
"Raleigh__walk","Raleigh","walk",6,0.118581992416502
"Richmond__walk","Richmond","walk",2,-0.100503449089951
"Richmond__walk","Richmond","walk",4,-0.335684664460508
"Richmond__walk","Richmond","walk",6,-0.840221412392278
"Riverside__walk","Riverside","walk",2,-1.03991075034288
"Riverside__walk","Riverside","walk",4,-1.86604617660979
"Riverside__walk","Riverside","walk",6,-2.26463095472477
"Sacramento__walk","Sacramento","walk",2,-0.161801674096433
"Sacramento__walk","Sacramento","walk",4,-0.284757661900865
"Sacramento__walk","Sacramento","walk",6,-0.330022277121296
"San_Antonio__walk","San_Antonio","walk",2,-0.041852223941278
"San_Antonio__walk","San_Antonio","walk",4,-0.0666424441881256
"San_Antonio__walk","San_Antonio","walk",6,-0.0613130423201766
"San_Bernardino__walk","San_Bernardino","walk",2,-8.3080108409597
"San_Bernardino__walk","San_Bernardino","walk",4,-12.8391176315945
"San_Bernardino__walk","San_Bernardino","walk",6,-9.81641632157971
"San_Jose__walk","San_Jose","walk",2,-1.13178597362796
"San_Jose__walk","San_Jose","walk",4,-2.17870983371317
"San_Jose__walk","San_Jose","walk",6,-3.05590946671288
"Scottsdale__walk","Scottsdale","walk",2,-0.0563002891776621
"Scottsdale__walk","Scottsdale","walk",4,-0.18579684807358
"Scottsdale__walk","Scottsdale","walk",6,-0.456323795750813
"St_Louis__walk","St_Louis","walk",2,-0.207140538240266
"St_Louis__walk","St_Louis","walk",4,-0.388055816491852
"St_Louis__walk","St_Louis","walk",6,-0.516930858911448
"St_Petersburg__walk","St_Petersburg","walk",2,2.11702179350317
"St_Petersburg__walk","St_Petersburg","walk",4,3.27817299387592
"St_Petersburg__walk","St_Petersburg","walk",6,3.28104834047455
"Tallahassee__walk","Tallahassee","walk",2,0.717449800459764
"Tallahassee__walk","Tallahassee","walk",4,-0.854224057321467
"Tallahassee__walk","Tallahassee","walk",6,-2.74198738220928
"Tampa__walk","Tampa","walk",2,0.524101363705931
"Tampa__walk","Tampa","walk",4,0.159525852807523
"Tampa__walk","Tampa","walk",6,-1.21541607413031
"Tucson__walk","Tucson","walk",2,-0.278155511130594
"Tucson__walk","Tucson","walk",4,-0.523523300628911
"Tucson__walk","Tucson","walk",6,-0.706197424709106
"Virginia_Beach__walk","Virginia_Beach","walk",2,0.700711885458146
"Virginia_Beach__walk","Virginia_Beach","walk",4,1.08678144514146
"Virginia_Beach__walk","Virginia_Beach","walk",6,0.969185204805982
"Visalia__walk","Visalia","walk",2,-0.61216035989721
"Visalia__walk","Visalia","walk",4,-1.15201613414409
"Visalia__walk","Visalia","walk",6,-1.54726273709033
"Washington__walk","Washington","walk",2,0.209707377191482
"Washington__walk","Washington","walk",4,0.353448993321755
"Washington__walk","Washington","walk",6,0.365259087329609
