"metric","activity_type","predictor","variable_only","coefficient","se","ci_low","ci_high","joint_wald","joint_df","joint_p","significant","star_label","estimand","n_grid_rows","n_cities"
"mean","all","NDVI_2023","NDVI",0.0198010661989045,0.0059192551365093,0.00819932613134624,0.0314028062664627,11.3213629177045,3,0.0101092120216038,TRUE,"*","Mean predictor-associated log-RR modification across CEHWI 2, 4 and 6 versus 0",832,63
"mean","all","total_20_55","Population (20-55)",0.00579327338697405,0.00990780759668887,-0.0136260295025361,0.0252125762764842,2.85912413515834,3,0.413859284196817,FALSE,"","Mean predictor-associated log-RR modification across CEHWI 2, 4 and 6 versus 0",832,63
"mean","all","GDP","GDP",-0.0176529052944207,0.00843279495456752,-0.0341811834053731,-0.0011246271834684,5.94585435778351,3,0.114274450576614,FALSE,"","Mean predictor-associated log-RR modification across CEHWI 2, 4 and 6 versus 0",832,63
"mean","all","Unemployment","Unemployment",0.0106132074488305,0.00632112794461838,-0.00177620332262155,0.0230026182202825,23.853577611485,3,2.68014069337137e-05,TRUE,"***","Mean predictor-associated log-RR modification across CEHWI 2, 4 and 6 versus 0",832,63
"mean","all","BD","Building Density",0.0303294612141929,0.00693786891326222,0.0167312381441989,0.0439276842841868,19.166824156987,3,0.00025252039715,TRUE,"***","Mean predictor-associated log-RR modification across CEHWI 2, 4 and 6 versus 0",832,63
"mean","all","Urbanization_Rate","Urbanization Rate",0.0344240160321069,0.00540545993070529,0.0238293145679246,0.0450187174962893,40.9957907118615,3,6.55265878524607e-09,TRUE,"***","Mean predictor-associated log-RR modification across CEHWI 2, 4 and 6 versus 0",832,63
"mean","all","Street_Intersection_Density","Street Intersection Density",-0.012239777762718,0.0081033265562834,-0.0281222978130335,0.00364274228759748,17.0969675398184,3,0.000675018569932649,TRUE,"***","Mean predictor-associated log-RR modification across CEHWI 2, 4 and 6 versus 0",832,63
"mean","all","Walkability_Index","Walkability Index",-0.0155311408324445,0.0069415109855877,-0.0291365023641964,-0.0019257793006926,35.7812805104034,3,8.32965355665032e-08,TRUE,"***","Mean predictor-associated log-RR modification across CEHWI 2, 4 and 6 versus 0",832,63
"mean","ride","NDVI_2023","NDVI",-0.0014016345818124,0.00406765101214266,-0.00937423056561201,0.00657096140198721,6.17410692877098,3,0.103440053439158,FALSE,"","Mean predictor-associated log-RR modification across CEHWI 2, 4 and 6 versus 0",832,63
"mean","ride","total_20_55","Population (20-55)",0.00687204511782175,0.00707142585625733,-0.00698794956044261,0.0207320397960861,0.957319757455685,3,0.811577724303002,FALSE,"","Mean predictor-associated log-RR modification across CEHWI 2, 4 and 6 versus 0",832,63
"mean","ride","GDP","GDP",-0.0207762049353471,0.00614755809286825,-0.0328254187973689,-0.00872699107332535,13.085497122882,3,0.00445531409531385,TRUE,"**","Mean predictor-associated log-RR modification across CEHWI 2, 4 and 6 versus 0",832,63
"mean","ride","Unemployment","Unemployment",0.00958231631168203,0.00432185172134922,0.00111148693783755,0.0180531456855265,18.789442629875,3,0.000302218817002976,TRUE,"***","Mean predictor-associated log-RR modification across CEHWI 2, 4 and 6 versus 0",832,63
"mean","ride","BD","Building Density",0.00874112639063471,0.00484115678116523,-0.000747540900449137,0.0182297936817186,3.33880813846201,3,0.342277695798318,FALSE,"","Mean predictor-associated log-RR modification across CEHWI 2, 4 and 6 versus 0",832,63
"mean","ride","Urbanization_Rate","Urbanization Rate",0.0249804294281465,0.00346352985858352,0.0181919109053228,0.0317689479509702,52.0809201200058,3,2.8784734474921e-11,TRUE,"***","Mean predictor-associated log-RR modification across CEHWI 2, 4 and 6 versus 0",832,63
"mean","ride","Street_Intersection_Density","Street Intersection Density",-0.0210182592629766,0.0055696446288847,-0.0319347627355906,-0.0101017557903626,19.9016779200576,3,0.000177895320404926,TRUE,"***","Mean predictor-associated log-RR modification across CEHWI 2, 4 and 6 versus 0",832,63
"mean","ride","Walkability_Index","Walkability Index",-0.00824681431959795,0.00436193067933338,-0.0167961984510914,0.000302569811895472,19.0684724988775,3,0.000264629262773921,TRUE,"***","Mean predictor-associated log-RR modification across CEHWI 2, 4 and 6 versus 0",832,63
"mean","run","NDVI_2023","NDVI",0.0422951319265378,0.00876429985039453,0.0251171042197645,0.0594731596333111,29.6172903832969,3,1.66105470186823e-06,TRUE,"***","Mean predictor-associated log-RR modification across CEHWI 2, 4 and 6 versus 0",832,63
"mean","run","total_20_55","Population (20-55)",0.00189637505700797,0.0150003997078928,-0.0275044083704619,0.0312971584844778,0.283263831672941,3,0.963144744254285,FALSE,"","Mean predictor-associated log-RR modification across CEHWI 2, 4 and 6 versus 0",832,63
"mean","run","GDP","GDP",-0.00876278584726065,0.0126906388280848,-0.0336364379503068,0.0161108662557855,5.10632024215335,3,0.164175359736397,FALSE,"","Mean predictor-associated log-RR modification across CEHWI 2, 4 and 6 versus 0",832,63
"mean","run","Unemployment","Unemployment",0.022731174387956,0.00954574636044718,0.00402151152147954,0.0414408372544325,8.1002029186,3,0.0439855760529736,TRUE,"*","Mean predictor-associated log-RR modification across CEHWI 2, 4 and 6 versus 0",832,63
"mean","run","BD","Building Density",0.0500142715608638,0.010833115263591,0.0287813656442254,0.0712471774775022,21.6829992138519,3,7.59266492408624e-05,TRUE,"***","Mean predictor-associated log-RR modification across CEHWI 2, 4 and 6 versus 0",832,63
"mean","run","Urbanization_Rate","Urbanization Rate",0.0303818086700311,0.00780408785031765,0.0150857964834085,0.0456778208566537,15.2958041731188,3,0.00158054283929085,TRUE,"**","Mean predictor-associated log-RR modification across CEHWI 2, 4 and 6 versus 0",832,63
"mean","run","Street_Intersection_Density","Street Intersection Density",-0.0120106344926068,0.0124913736880847,-0.0364937269212529,0.0124724579360393,36.6604816388235,3,5.42890854230426e-08,TRUE,"***","Mean predictor-associated log-RR modification across CEHWI 2, 4 and 6 versus 0",832,63
"mean","run","Walkability_Index","Walkability Index",-0.00919388520623285,0.0101847786066608,-0.0291560512752881,0.0107682808628224,36.9489580676836,3,4.71722902727965e-08,TRUE,"***","Mean predictor-associated log-RR modification across CEHWI 2, 4 and 6 versus 0",832,63
"mean","walk","NDVI_2023","NDVI",-0.00698070251180488,0.00768643170937624,-0.0220461086621823,0.00808470363857255,21.2220104451646,3,9.46703990570123e-05,TRUE,"***","Mean predictor-associated log-RR modification across CEHWI 2, 4 and 6 versus 0",832,63
"mean","walk","total_20_55","Population (20-55)",0.0380046067726772,0.0134835802397722,0.0115767895027237,0.0644324240426307,8.35338097366053,3,0.0392459794812987,TRUE,"*","Mean predictor-associated log-RR modification across CEHWI 2, 4 and 6 versus 0",832,63
"mean","walk","GDP","GDP",0.029664793981221,0.0119755446537241,0.00619272645992181,0.0531368615025202,6.64333490113535,3,0.0841779305934019,FALSE,"","Mean predictor-associated log-RR modification across CEHWI 2, 4 and 6 versus 0",832,63
"mean","walk","Unemployment","Unemployment",-0.0150020012899675,0.00717603815511974,-0.0290670360740022,-0.00093696650593284,5.60087797406371,3,0.132727963548353,FALSE,"","Mean predictor-associated log-RR modification across CEHWI 2, 4 and 6 versus 0",832,63
"mean","walk","BD","Building Density",-0.00721930969067027,0.0088734906147734,-0.0246113512956261,0.0101727319142856,5.27581429743377,3,0.152679485851331,FALSE,"","Mean predictor-associated log-RR modification across CEHWI 2, 4 and 6 versus 0",832,63
"mean","walk","Urbanization_Rate","Urbanization Rate",0.0111068306157256,0.00540298658776891,0.000516976903698479,0.0216966843277526,4.39199534239567,3,0.222128753594338,FALSE,"","Mean predictor-associated log-RR modification across CEHWI 2, 4 and 6 versus 0",832,63
"mean","walk","Street_Intersection_Density","Street Intersection Density",0.0188479614824868,0.00955360657955046,0.00012289258656787,0.0375730303784057,4.86513677357314,3,0.181943079548306,FALSE,"","Mean predictor-associated log-RR modification across CEHWI 2, 4 and 6 versus 0",832,63
"mean","walk","Walkability_Index","Walkability Index",-0.0258306099169788,0.00686217991146798,-0.039280482543456,-0.0123807372905015,14.7103540666752,3,0.00208167123766384,TRUE,"**","Mean predictor-associated log-RR modification across CEHWI 2, 4 and 6 versus 0",832,63
