group_label,indicator,model_type,lag,rr,rr_low,rr_high,log_rr,log_rr_se,n_cities,lag_profile_percentile,lag_profile_value_target,lag_profile_value_mean,lag_profile_value_median,lag_profile_source,meta_method,reliability,profile_warning,percentile,source_file,ci_source,log_rr_low_for_dots,log_rr_high_for_dots,rr_low_for_dots,rr_high_for_dots,pa_change_pct,ci_excludes_null
National,cehwi,composite_all,0,0.9917457227662309,0.9820081371050732,1.001579866257131,-0.0082885324114865,0.0050342612208181,63,0.25,2.619999999999997,18.191050396825407,15.686924999999992,scaled_from_p90_by_overall_logRR_sensitivity,reml,STAGE2_POOLED,Percentile-scaled p90 lag-profile sensitivity.,25,pooled_lag_response_p25.csv,provided_log_rr_se,-0.016569155239570296,-7.90958340270674e-06,0.9835673582023987,0.999992090447878,-0.8254277233769147,True
National,cehwi,composite_all,1,0.992086107886046,0.9853854687517688,0.9988323114884748,-0.0079453731598842,0.0034576542698728,63,0.25,2.619999999999997,18.191050396825407,15.686924999999992,scaled_from_p90_by_overall_logRR_sensitivity,reml,STAGE2_POOLED,Percentile-scaled p90 lag-profile sensitivity.,25,pooled_lag_response_p25.csv,provided_log_rr_se,-0.013632708326428718,-0.002258037993339683,0.9864597962021868,0.9977445094566763,-0.7913892113953991,True
National,cehwi,composite_all,2,0.9924658143536806,0.987198377044534,0.9977613573571344,-0.0075627109901393,0.0027150810412623,63,0.25,2.619999999999997,18.191050396825407,15.686924999999992,scaled_from_p90_by_overall_logRR_sensitivity,reml,STAGE2_POOLED,Percentile-scaled p90 lag-profile sensitivity.,25,pooled_lag_response_p25.csv,provided_log_rr_se,-0.012028621888326771,-0.0030968000919518283,0.9880434327884227,0.9969079900474758,-0.7534185646319358,True
National,cehwi,composite_all,3,0.9929241098492902,0.9868936637458586,0.9989914051914416,-0.0071010429841091,0.0031081322456865,63,0.25,2.619999999999997,18.191050396825407,15.686924999999992,scaled_from_p90_by_overall_logRR_sensitivity,reml,STAGE2_POOLED,Percentile-scaled p90 lag-profile sensitivity.,25,pooled_lag_response_p25.csv,provided_log_rr_se,-0.01221346558147136,-0.0019886203867468385,0.9878608160696131,0.9980133556087225,-0.7075890150709752,True
National,cehwi,composite_all,4,0.9935003484866924,0.9858614863530096,1.001198399680406,-0.0065208662236511,0.0039380348960935,63,0.25,2.619999999999997,18.191050396825407,15.686924999999992,scaled_from_p90_by_overall_logRR_sensitivity,reml,STAGE2_POOLED,Percentile-scaled p90 lag-profile sensitivity.,25,pooled_lag_response_p25.csv,provided_log_rr_se,-0.012998357205551956,-4.33752417502457e-05,0.9870857565979563,0.999956625698942,-0.6499651513307558,True
National,cehwi,composite_all,5,0.9942340097089536,0.9853283024968392,1.0032202095048566,-0.0057826777906224,0.0045906701657956,63,0.25,2.619999999999997,18.191050396825407,15.686924999999992,scaled_from_p90_by_overall_logRR_sensitivity,reml,STAGE2_POOLED,Percentile-scaled p90 lag-profile sensitivity.,25,pooled_lag_response_p25.csv,provided_log_rr_se,-0.013333658262969207,0.0017683026817244063,0.9867548411812523,1.0017698670508683,-0.5765990291046408,False
National,cehwi,composite_all,6,0.9951631148648512,0.9858065936323276,1.0046084410314666,-0.0048486207218031,0.0048196303065443,63,0.25,2.619999999999997,18.191050396825407,15.686924999999992,scaled_from_p90_by_overall_logRR_sensitivity,reml,STAGE2_POOLED,Percentile-scaled p90 lag-profile sensitivity.,25,pooled_lag_response_p25.csv,provided_log_rr_se,-0.012776207112087724,0.003078965668481525,0.9873050621495142,1.0030837105518033,-0.4836885135148794,False
National,cehwi,composite_all,7,0.9962882107663024,0.987218068602731,1.005441685560712,-0.0037186950171933,0.004666136786595,63,0.25,2.619999999999997,18.191050396825407,15.686924999999992,scaled_from_p90_by_overall_logRR_sensitivity,reml,STAGE2_POOLED,Percentile-scaled p90 lag-profile sensitivity.,25,pooled_lag_response_p25.csv,provided_log_rr_se,-0.011393807034475768,0.003956417000089169,0.9886708565637023,1.0039642539498337,-0.37117892336976377,False
National,cehwi,composite_all,8,0.9975721942590712,0.988974826662022,1.006244300593251,-0.0024307576400128,0.0044161445754599,63,0.25,2.619999999999997,18.191050396825407,15.686924999999992,scaled_from_p90_by_overall_logRR_sensitivity,reml,STAGE2_POOLED,Percentile-scaled p90 lag-profile sensitivity.,25,pooled_lag_response_p25.csv,provided_log_rr_se,-0.009694669062100082,0.004833153782074482,0.9903521727478505,1.0048448523091487,-0.24278057409288234,False
National,cehwi,composite_all,9,0.998976212919554,0.9902515192263832,1.0077777762549944,-0.0010243115084045,0.0044755085654079,63,0.25,2.619999999999997,18.191050396825407,15.686924999999992,scaled_from_p90_by_overall_logRR_sensitivity,reml,STAGE2_POOLED,Percentile-scaled p90 lag-profile sensitivity.,25,pooled_lag_response_p25.csv,provided_log_rr_se,-0.00838586800466806,0.006337244987859061,0.991649195305875,1.0063573678101707,-0.1023787080446037,False
National,cehwi,composite_all,10,1.0004612468010965,0.9904082712057708,1.0106162634649976,0.0004611404594891,0.0051526357995702,63,0.25,2.619999999999997,18.191050396825407,15.686924999999992,scaled_from_p90_by_overall_logRR_sensitivity,reml,STAGE2_POOLED,Percentile-scaled p90 lag-profile sensitivity.,25,pooled_lag_response_p25.csv,provided_log_rr_se,-0.008014191223793939,0.008936472142772139,0.9920178367900391,1.0089765216214048,0.04612468010964932,False
National,cehwi,composite_all,11,1.0019880689392515,0.9894946703907906,1.0146392096281822,0.0019860953455253,0.0064015282976928,63,0.25,2.619999999999997,18.191050396825407,15.686924999999992,scaled_from_p90_by_overall_logRR_sensitivity,reml,STAGE2_POOLED,Percentile-scaled p90 lag-profile sensitivity.,25,pooled_lag_response_p25.csv,provided_log_rr_se,-0.008543481692967182,0.012515672384017781,0.9914929101353687,1.0125943211833324,0.19880689392515194,False
National,cehwi,composite_all,0,0.9834649327361168,0.9641367262813532,1.0031806149031672,-0.0166732973696679,0.0101269718454578,63,0.5,5.729999999999997,18.191050396825407,15.686924999999992,scaled_from_p90_by_overall_logRR_sensitivity,reml,STAGE2_POOLED,Percentile-scaled p90 lag-profile sensitivity.,50,pooled_lag_response_p50.csv,provided_log_rr_se,-0.0333306837397046,-1.5910999631201656e-05,0.9672186632150185,0.999984089126948,-1.6535067263883207,True
National,cehwi,composite_all,1,0.9841440556011498,0.970818564322084,0.9976524530630536,-0.0159829946763723,0.0069554530260627,63,0.5,5.729999999999997,18.191050396825407,15.686924999999992,scaled_from_p90_by_overall_logRR_sensitivity,reml,STAGE2_POOLED,Percentile-scaled p90 lag-profile sensitivity.,50,pooled_lag_response_p50.csv,provided_log_rr_se,-0.02742369681338212,-0.004542292539362478,0.9729489188241086,0.9954680080693663,-1.5855944398850186,True
National,cehwi,composite_all,2,0.9849019090348666,0.9744148614841782,0.9955018224404156,-0.0152132275051132,0.0054616850530715,63,0.5,5.729999999999997,18.191050396825407,15.686924999999992,scaled_from_p90_by_overall_logRR_sensitivity,reml,STAGE2_POOLED,Percentile-scaled p90 lag-profile sensitivity.,50,pooled_lag_response_p50.csv,provided_log_rr_se,-0.024196899973924497,-0.006229555036301904,0.9760934980509761,0.9937898084122523,-1.509809096513337,True
National,cehwi,composite_all,3,0.9858170084823308,0.9738099289783876,0.9979721353145296,-0.0142845313779272,0.0062523509137478,63,0.5,5.729999999999997,18.191050396825407,15.686924999999992,scaled_from_p90_by_overall_logRR_sensitivity,reml,STAGE2_POOLED,Percentile-scaled p90 lag-profile sensitivity.,50,pooled_lag_response_p50.csv,provided_log_rr_se,-0.024568733455378616,-0.0040003293004757835,0.9757306212764193,0.9960076613581407,-1.418299151766922,True
National,cehwi,composite_all,4,0.986968216873038,0.9717622011681112,1.002412174446192,-0.013117441816851,0.0079217916532127,63,0.5,5.729999999999997,18.191050396825407,15.686924999999992,scaled_from_p90_by_overall_logRR_sensitivity,reml,STAGE2_POOLED,Percentile-scaled p90 lag-profile sensitivity.,50,pooled_lag_response_p50.csv,provided_log_rr_se,-0.026147629549591805,-8.725408411019639e-05,0.9741912595753617,0.9999127497224167,-1.303178312696196,True
National,cehwi,composite_all,5,0.9884349015378776,0.970705271401563,1.0064883578591644,-0.011632494343921,0.009234639499545,63,0.5,5.729999999999997,18.191050396825407,15.686924999999992,scaled_from_p90_by_overall_logRR_sensitivity,reml,STAGE2_POOLED,Percentile-scaled p90 lag-profile sensitivity.,50,pooled_lag_response_p50.csv,provided_log_rr_se,-0.026822124618336916,0.0035571359304949167,0.9735343939259872,1.0035634700467195,-1.1565098462122392,False
National,cehwi,composite_all,6,0.9902938759579752,0.9716533606795722,1.009291996966884,-0.0097535355010887,0.0096952180824572,63,0.5,5.729999999999997,18.191050396825407,15.686924999999992,scaled_from_p90_by_overall_logRR_sensitivity,reml,STAGE2_POOLED,Percentile-scaled p90 lag-profile sensitivity.,50,pooled_lag_response_p50.csv,provided_log_rr_se,-0.025700750128103918,0.0061936791259265146,0.9746267028899409,1.0062128996178474,-0.9706124042024755,False
National,cehwi,composite_all,7,0.992547344503128,0.9744539606765894,1.0109766811314462,-0.0074805652883544,0.0093864489330617,63,0.5,5.729999999999997,18.191050396825407,15.686924999999992,scaled_from_p90_by_overall_logRR_sensitivity,reml,STAGE2_POOLED,Percentile-scaled p90 lag-profile sensitivity.,50,pooled_lag_response_p50.csv,provided_log_rr_se,-0.022919899860095707,0.007958769283386905,0.9773407657701081,1.0079905244758205,-0.7452655496872018,False
National,cehwi,composite_all,8,0.995122198139576,0.9779453217675236,1.0126007734669111,-0.0048897371637662,0.0088835620202254,63,0.5,5.729999999999997,18.191050396825407,15.686924999999992,scaled_from_p90_by_overall_logRR_sensitivity,reml,STAGE2_POOLED,Percentile-scaled p90 lag-profile sensitivity.,50,pooled_lag_response_p50.csv,provided_log_rr_se,-0.019501896372982292,0.009722422045449892,0.9806870354385048,1.0097698383331364,-0.4877801860423969,False
National,cehwi,composite_all,9,0.9979416057996792,0.9804865461020412,1.0157074082711566,-0.0020605156052877,0.009002979235278,63,0.5,5.729999999999997,18.191050396825407,15.686924999999992,scaled_from_p90_by_overall_logRR_sensitivity,reml,STAGE2_POOLED,Percentile-scaled p90 lag-profile sensitivity.,50,pooled_lag_response_p50.csv,provided_log_rr_se,-0.016869098653803503,0.012748067443228102,0.9832723878902638,1.0128296704465034,-0.20583942003208344,False
National,cehwi,composite_all,10,1.00092806529545,0.9807987855582712,1.0214704653471152,0.0009276349091175,0.0103650953701734,63,0.5,5.729999999999997,18.191050396825407,15.686924999999992,scaled_from_p90_by_overall_logRR_sensitivity,reml,STAGE2_POOLED,Percentile-scaled p90 lag-profile sensitivity.,50,pooled_lag_response_p50.csv,provided_log_rr_se,-0.01612142980421012,0.017976699622445122,0.984007824922775,1.0181392530844136,0.09280652954499757,False
National,cehwi,composite_all,11,1.0040032415517095,0.9789796573194663,1.0296664506864175,0.0039952499014863,0.0128773804129499,63,0.5,5.729999999999997,18.191050396825407,15.686924999999992,scaled_from_p90_by_overall_logRR_sensitivity,reml,STAGE2_POOLED,Percentile-scaled p90 lag-profile sensitivity.,50,pooled_lag_response_p50.csv,provided_log_rr_se,-0.01718615597638818,0.025176655779360783,0.9829606835962635,1.0254962643657177,0.4003241551709502,False
National,cehwi,composite_all,0,0.976745179431004,0.9497653309253468,1.0044914406511354,-0.0235294803742073,0.0142912574522501,63,0.75,12.116250000000004,18.191050396825407,15.686924999999992,scaled_from_p90_by_overall_logRR_sensitivity,reml,STAGE2_POOLED,Percentile-scaled p90 lag-profile sensitivity.,75,pooled_lag_response_p75.csv,provided_log_rr_se,-0.047036507028238125,-2.245372017647615e-05,0.9540525673305842,0.9999775465319064,-2.325482056899597,True
National,cehwi,composite_all,1,0.9776971493777584,0.959067452776097,0.9966887241710586,-0.0225553201157986,0.0098155866738267,63,0.75,12.116250000000004,18.191050396825407,15.686924999999992,scaled_from_p90_by_overall_logRR_sensitivity,reml,STAGE2_POOLED,Percentile-scaled p90 lag-profile sensitivity.,75,pooled_lag_response_p75.csv,provided_log_rr_se,-0.03870052345689898,-0.006410116774698223,0.9620387740562556,0.9936103841959065,-2.2302850622241577,True
National,cehwi,composite_all,2,0.9787597999575096,0.9640849587737248,0.9936580145710004,-0.021469018999272,0.0077075702794179,63,0.75,12.116250000000004,18.191050396825407,15.686924999999992,scaled_from_p90_by_overall_logRR_sensitivity,reml,STAGE2_POOLED,Percentile-scaled p90 lag-profile sensitivity.,75,pooled_lag_response_p75.csv,provided_log_rr_se,-0.0341468439283559,-0.008791194070188102,0.9664295799013767,0.9912473354867971,-2.1240200042490387,True
National,cehwi,composite_all,3,0.9800433866883717,0.9632404314100697,0.9971394560188644,-0.0201584361665099,0.008823363780779,63,0.75,12.116250000000004,18.191050396825407,15.686924999999992,scaled_from_p90_by_overall_logRR_sensitivity,reml,STAGE2_POOLED,Percentile-scaled p90 lag-profile sensitivity.,75,pooled_lag_response_p75.csv,provided_log_rr_se,-0.03467157808323649,-0.005645294249783316,0.9659225943204738,0.9943706104807641,-1.9956613311628346,True
National,cehwi,composite_all,4,0.9816588534214972,0.9603832639751664,1.0034057658523785,-0.0185114307593946,0.0111792908805141,63,0.75,12.116250000000004,18.191050396825407,15.686924999999992,scaled_from_p90_by_overall_logRR_sensitivity,reml,STAGE2_POOLED,Percentile-scaled p90 lag-profile sensitivity.,75,pooled_lag_response_p75.csv,provided_log_rr_se,-0.03689972791095373,-0.0001231336078354739,0.9637727700131078,0.9998768739727961,-1.8341146578502832,True
National,cehwi,composite_all,5,0.9837181440648848,0.9589095119982508,1.009168617950081,-0.016415861919808,0.0130319914561539,63,0.75,12.116250000000004,18.191050396825407,15.686924999999992,scaled_from_p90_by_overall_logRR_sensitivity,reml,STAGE2_POOLED,Percentile-scaled p90 lag-profile sensitivity.,75,pooled_lag_response_p75.csv,provided_log_rr_se,-0.03785158033286333,0.0050198564932473315,0.9628558370294711,1.0050324770818646,-1.628185593511522,False
National,cehwi,composite_all,6,0.9863300329932012,0.960231469521807,1.0131379410725256,-0.0137642613253873,0.013681963353562,63,0.75,12.116250000000004,18.191050396825407,15.686924999999992,scaled_from_p90_by_overall_logRR_sensitivity,reml,STAGE2_POOLED,Percentile-scaled p90 lag-profile sensitivity.,75,pooled_lag_response_p75.csv,provided_log_rr_se,-0.036269088371310876,0.008740565720536272,0.9643807549186196,1.0087788760015892,-1.3669967006798789,False
National,cehwi,composite_all,7,0.9894988966718836,0.9641395513536574,1.015525257873927,-0.0105566289761326,0.0132462260497891,63,0.75,12.116250000000004,18.191050396825407,15.686924999999992,scaled_from_p90_by_overall_logRR_sensitivity,reml,STAGE2_POOLED,Percentile-scaled p90 lag-profile sensitivity.,75,pooled_lag_response_p75.csv,provided_log_rr_se,-0.032344731937547264,0.011231473985282063,0.9681727644707315,1.0112947837880168,-1.050110332811638,False
National,cehwi,composite_all,8,0.9931233201272556,0.9690180227734436,1.0178282609829012,-0.0069004331944066,0.0125365483247607,63,0.75,12.116250000000004,18.191050396825407,15.686924999999992,scaled_from_p90_by_overall_logRR_sensitivity,reml,STAGE2_POOLED,Percentile-scaled p90 lag-profile sensitivity.,75,pooled_lag_response_p75.csv,provided_log_rr_se,-0.027521220175841632,0.013720353787028433,0.9728540382006575,1.0138149097934401,-0.6876679872744429,False
National,cehwi,composite_all,9,0.9970964087604332,0.972573377816739,1.0222377776726368,-0.0029078148383274,0.0127050707804949,63,0.75,12.116250000000004,18.191050396825407,15.686924999999992,scaled_from_p90_by_overall_logRR_sensitivity,reml,STAGE2_POOLED,Percentile-scaled p90 lag-profile sensitivity.,75,pooled_lag_response_p75.csv,provided_log_rr_se,-0.0238057965922996,0.0179901669156448,0.9764753261811153,1.0181529647565823,-0.29035912395668495,False
National,cehwi,composite_all,10,1.001309942460082,0.9730104848492774,1.0304324737309714,0.0013090852339872,0.0146272991287829,63,0.75,12.116250000000004,18.191050396825407,15.686924999999992,scaled_from_p90_by_overall_logRR_sensitivity,reml,STAGE2_POOLED,Percentile-scaled p90 lag-profile sensitivity.,75,pooled_lag_response_p75.csv,provided_log_rr_se,-0.022750680790495456,0.025368851258469854,0.9775061644590856,1.025693379053241,0.1309942460081981,False
National,cehwi,composite_all,11,1.0056540503111258,0.9704646744855716,1.0421194047514073,0.0056381261644198,0.0181726543334447,63,0.75,12.116250000000004,18.191050396825407,15.686924999999992,scaled_from_p90_by_overall_logRR_sensitivity,reml,STAGE2_POOLED,Percentile-scaled p90 lag-profile sensitivity.,75,pooled_lag_response_p75.csv,provided_log_rr_se,-0.02425323022728209,0.03552948255612169,0.976038516005521,1.0361681965647462,0.5654050311125758,False
National,cehwi,composite_all,0,0.9871724608604844,0.9721161743888876,1.002461941438184,-0.0129105224311369,0.0078415501308173,63,0.9,25.71,18.191050396825407,15.686924999999992,city_p90_crossreduce_fallback,reml,STAGE2_POOLED,True pooled p90 lag profile from existing model output.,90,pooled_lag_response_p90.csv,provided_log_rr_se,-0.025808724604733522,-1.2320257540276991e-05,0.9745214737629193,0.9999876798183538,-1.282753913951562,True
National,cehwi,composite_all,1,0.9877002628148508,0.9773288297217348,0.9981817577634384,-0.0123760049803608,0.0053857692525213,63,0.9,25.71,18.191050396825407,15.686924999999992,city_p90_crossreduce_fallback,reml,STAGE2_POOLED,True pooled p90 lag profile from existing model output.,90,pooled_lag_response_p90.csv,provided_log_rr_se,-0.021234807069294176,-0.0035172028914274237,0.9789890640263844,0.9964889752213145,-1.2299737185149207,True
National,cehwi,composite_all,2,0.9882891557067036,0.980131030378912,0.996515185229752,-0.0117799563337762,0.0042291099250568,63,0.9,25.71,18.191050396825407,15.686924999999992,city_p90_crossreduce_fallback,reml,STAGE2_POOLED,True pooled p90 lag profile from existing model output.,90,pooled_lag_response_p90.csv,provided_log_rr_se,-0.018736223132782344,-0.004823689534770056,0.981438208798523,0.9951879257718779,-1.1710844293296385,True
National,cehwi,composite_all,3,0.989000100941153,0.9796598362048882,0.9984294175524864,-0.0110608452955747,0.0048413409135333,63,0.9,25.71,18.191050396825407,15.686924999999992,city_p90_crossreduce_fallback,reml,STAGE2_POOLED,True pooled p90 lag profile from existing model output.,90,pooled_lag_response_p90.csv,provided_log_rr_se,-0.0190241424565085,-0.003097548134640901,0.9811556744486679,0.996907244318021,-1.0999899058847018,True
National,cehwi,composite_all,4,0.989894268878115,0.978064328967746,1.0018672949579088,-0.0101571406699479,0.0061340277550411,63,0.9,25.71,18.191050396825407,15.686924999999992,city_p90_crossreduce_fallback,reml,STAGE2_POOLED,True pooled p90 lag profile from existing model output.,90,pooled_lag_response_p90.csv,provided_log_rr_se,-0.020246718470648246,-6.756286924755259e-05,0.9799568700190409,0.9999324394130717,-1.0105731121884953,True
National,cehwi,composite_all,5,0.9910331330444142,0.9772405149298952,1.005020417990227,-0.0090073112610872,0.0071505964152737,63,0.9,25.71,18.191050396825407,15.686924999999992,city_p90_crossreduce_fallback,reml,STAGE2_POOLED,True pooled p90 lag profile from existing model output.,90,pooled_lag_response_p90.csv,provided_log_rr_se,-0.020768995709616336,0.002754373187441938,0.9794451944805342,1.0027581699583776,-0.8966866955585795,False
National,cehwi,composite_all,6,0.9924760579609548,0.9779795036080564,1.0071874942079329,-0.0075523896730095,0.0075072331377019,63,0.9,25.71,18.191050396825407,15.686924999999992,city_p90_crossreduce_fallback,reml,STAGE2_POOLED,True pooled p90 lag profile from existing model output.,90,pooled_lag_response_p90.csv,provided_log_rr_se,-0.019900689327928746,0.0047959099819097455,0.9802960223295831,1.0048074287651745,-0.7523942039045162,False
National,cehwi,composite_all,7,0.994224367559854,0.9801614832596278,1.0084890193424996,-0.0057923759057149,0.0072681459948932,63,0.9,25.71,18.191050396825407,15.686924999999992,city_p90_crossreduce_fallback,reml,STAGE2_POOLED,True pooled p90 lag profile from existing model output.,90,pooled_lag_response_p90.csv,provided_log_rr_se,-0.017747412206627792,0.006162660395197992,0.9824091455800668,1.0061816886549233,-0.5775632440146006,False
National,cehwi,composite_all,8,0.9962209214036984,0.9828796621591585,1.0097432701600908,-0.0037862373551864,0.0068787489473536,63,0.9,25.71,18.191050396825407,15.686924999999992,city_p90_crossreduce_fallback,reml,STAGE2_POOLED,True pooled p90 lag profile from existing model output.,90,pooled_lag_response_p90.csv,provided_log_rr_se,-0.015100772510129586,0.007528297799756786,0.9850126724019368,1.0075567066790587,-0.3779078596301555,False
National,cehwi,composite_all,9,0.9984057669245568,0.9848567404906396,1.0121411921612236,-0.0015955052172326,0.0069712164778857,63,0.9,25.71,18.191050396825407,15.686924999999992,city_p90_crossreduce_fallback,reml,STAGE2_POOLED,True pooled p90 lag profile from existing model output.,90,pooled_lag_response_p90.csv,provided_log_rr_se,-0.013062135925146757,0.009871125490681556,0.9870228035398243,1.009920005751917,-0.15942330754431522,False
National,cehwi,composite_all,10,1.0007185473438829,0.9850995836762656,1.0165851530063734,0.0007182893123381,0.0080259347212832,63,0.9,25.71,18.191050396825407,15.686924999999992,city_p90_crossreduce_fallback,reml,STAGE2_POOLED,True pooled p90 lag profile from existing model output.,90,pooled_lag_response_p90.csv,provided_log_rr_se,-0.01248319852364032,0.01391977714831652,0.987594393398342,1.014017108331361,0.07185473438828804,False
National,cehwi,composite_all,11,1.003098405203087,0.9836845173267124,1.0228954434044262,0.0030936150377173,0.0099712555345005,63,0.9,25.71,18.191050396825407,15.686924999999992,city_p90_crossreduce_fallback,reml,STAGE2_POOLED,True pooled p90 lag profile from existing model output.,90,pooled_lag_response_p90.csv,provided_log_rr_se,-0.013307640793465782,0.01949487086890038,0.9867805143792145,1.0196861367433696,0.3098405203086907,False
National,cehwi,composite_all,0,0.9833604253479352,0.9639123203891692,1.0032009195090037,-0.0167795674946186,0.0101915178401419,63,0.95,36.90479999999997,18.191050396825407,15.686924999999992,scaled_from_p90_by_overall_logRR_sensitivity,reml,STAGE2_POOLED,Percentile-scaled p90 lag-profile sensitivity.,95,pooled_lag_response_p95.csv,provided_log_rr_se,-0.03354312257811663,-1.601241112057089e-05,0.9670132102295841,0.9999839877170774,-1.6639574652064781,True
National,cehwi,composite_all,1,0.984043805596133,0.9706353292823728,0.9976375082576604,-0.0160848650385261,0.0069997848007429,63,0.95,36.90479999999997,18.191050396825407,15.686924999999992,scaled_from_p90_by_overall_logRR_sensitivity,reml,STAGE2_POOLED,Percentile-scaled p90 lag-profile sensitivity.,95,pooled_lag_response_p95.csv,provided_log_rr_se,-0.02759848645590784,-0.004571243621144357,0.9727788722920108,0.9954391886108327,-1.5956194403866975,True
National,cehwi,composite_all,2,0.9848064135189916,0.974253907626226,0.9954732175220804,-0.0153101916239691,0.0054964960409741,63,0.95,36.90479999999997,18.191050396825407,15.686924999999992,scaled_from_p90_by_overall_logRR_sensitivity,reml,STAGE2_POOLED,Percentile-scaled p90 lag-profile sensitivity.,95,pooled_lag_response_p95.csv,provided_log_rr_se,-0.024351123072489753,-0.006269260175448446,0.9759429734946974,0.9937503506329703,-1.5193586481008436,True
National,cehwi,composite_all,3,0.9857272589427069,0.9736452212433256,0.9979592235680198,-0.0143755762924837,0.0062922013463352,63,0.95,36.90479999999997,18.191050396825407,15.686924999999992,scaled_from_p90_by_overall_logRR_sensitivity,reml,STAGE2_POOLED,Percentile-scaled p90 lag-profile sensitivity.,95,pooled_lag_response_p95.csv,provided_log_rr_se,-0.024725326498512085,-0.004025826086455313,0.975577840611662,0.9959822666877077,-1.4272741057293148,True
National,cehwi,composite_all,4,0.986885703592408,0.9715848042602178,1.0024275675005645,-0.0132010480856055,0.0079722825531323,63,0.95,36.90479999999997,18.191050396825407,15.686924999999992,scaled_from_p90_by_overall_logRR_sensitivity,reml,STAGE2_POOLED,Percentile-scaled p90 lag-profile sensitivity.,95,pooled_lag_response_p95.csv,provided_log_rr_se,-0.0263142859582071,-8.78102130038999e-05,0.9740289178867535,0.9999121936422,-1.3114296407591985,True
National,cehwi,composite_all,5,0.9883616200096422,0.9705213358318726,1.0065298472503748,-0.0117066360448701,0.0092934980607363,63,0.95,36.90479999999997,18.191050396825407,15.686924999999992,scaled_from_p90_by_overall_logRR_sensitivity,reml,STAGE2_POOLED,Percentile-scaled p90 lag-profile sensitivity.,95,pooled_lag_response_p95.csv,provided_log_rr_se,-0.02699308003713867,0.0035798079473984713,0.973367977171284,1.0035862231126043,-1.1638379990357772,False
National,cehwi,composite_all,6,0.990232315426778,0.9714752900928814,1.0093514971664672,-0.0098157013350825,0.0097570122203656,63,0.95,36.90479999999997,18.191050396825407,15.686924999999992,scaled_from_p90_by_overall_logRR_sensitivity,reml,STAGE2_POOLED,Percentile-scaled p90 lag-profile sensitivity.,95,pooled_lag_response_p95.csv,provided_log_rr_se,-0.025864558273960687,0.006233155603795688,0.9744670641722561,1.0062526221431582,-0.9767684573221969,False
National,cehwi,composite_all,7,0.9925000222960648,0.9742932495295186,1.0110470279183066,-0.007528243956243,0.0094462750777555,63,0.95,36.90479999999997,18.191050396825407,15.686924999999992,scaled_from_p90_by_overall_logRR_sensitivity,reml,STAGE2_POOLED,Percentile-scaled p90 lag-profile sensitivity.,95,pooled_lag_response_p95.csv,provided_log_rr_se,-0.023065983779070428,0.008009495866584428,0.9771980024288387,1.0080416576879183,-0.7499977703935179,False
National,cehwi,composite_all,8,0.995091185062592,0.9778063239943704,1.0126815937784572,-0.0049209027435462,0.0089401829287935,63,0.95,36.90479999999997,18.191050396825407,15.686924999999992,scaled_from_p90_by_overall_logRR_sensitivity,reml,STAGE2_POOLED,Percentile-scaled p90 lag-profile sensitivity.,95,pooled_lag_response_p95.csv,provided_log_rr_se,-0.019626195059581818,0.009784389572489418,0.9805651449036081,1.0098324132116823,-0.49088149374080237,False
National,cehwi,composite_all,9,0.9979284998685652,0.9803634029232022,1.0158083093274513,-0.0020736486554567,0.00906036126998,63,0.95,36.90479999999997,18.191050396825407,15.686924999999992,scaled_from_p90_by_overall_logRR_sensitivity,reml,STAGE2_POOLED,Percentile-scaled p90 lag-profile sensitivity.,95,pooled_lag_response_p95.csv,provided_log_rr_se,-0.016976616751873945,0.012829319440960543,0.9831666739964129,1.012911968223974,-0.2071500131434756,False
National,cehwi,composite_all,10,1.0009339832405193,0.9806775933447356,1.021608779077659,0.0009335473495613,0.0104311590860475,63,0.95,36.90479999999997,18.191050396825407,15.686924999999992,scaled_from_p90_by_overall_logRR_sensitivity,reml,STAGE2_POOLED,Percentile-scaled p90 lag-profile sensitivity.,95,pooled_lag_response_p95.csv,provided_log_rr_se,-0.016224182506431727,0.018091277205554326,0.9839067206542144,1.0182559157026334,0.09339832405192983,False
National,cehwi,composite_all,11,1.0040288082289763,0.9788471076187876,1.0298583301798887,0.0040207143130437,0.0129594566091085,63,0.95,36.90479999999997,18.191050396825407,15.686924999999992,scaled_from_p90_by_overall_logRR_sensitivity,reml,STAGE2_POOLED,Percentile-scaled p90 lag-profile sensitivity.,95,pooled_lag_response_p95.csv,provided_log_rr_se,-0.017295694893768632,0.025337123519856033,0.9828530170441013,1.025660836638064,0.4028808228976333,False
