variable_only,coefficient,se,z_value,p_value,ci_low,ci_high,significant,n_coefs,direction,star_label,mode,source_root,partition,indicator,model_type,base_model,activity_type,source_summary,sig
Walkability Index,-0.0107307294281306,0.1651479357199413,-0.0649764671980391,0.9481927371065344,-0.3344206834392156,0.3129592245829544,ns,3,Negative,,MEAN_NO_CRIME_ACTIVITY_3PLUS1,EXTERNAL_DEVELOPMENT_ARCHIVE/dlnm/model_objects/lag_group_median_overall,NATIONAL,cehwi,composite_all,composite,all,EXTERNAL_DEVELOPMENT_ARCHIVE/dlnm/model_objects/city_level_covariates_SUMMARY.csv,False
Walkability Index,-0.0217616229051886,0.1783914743260372,-0.1219880209376821,0.9029085053208438,-0.3714089125842216,0.3278856667738444,ns,3,Negative,,MEAN_NO_CRIME_ACTIVITY_3PLUS1,EXTERNAL_DEVELOPMENT_ARCHIVE/dlnm/model_objects/lag_group_median_overall,NATIONAL,cehwi,composite_ride,composite,ride,EXTERNAL_DEVELOPMENT_ARCHIVE/dlnm/model_objects/city_level_covariates_SUMMARY.csv,False
Walkability Index,-0.2293735716904698,0.272907525036217,-0.8404809345584373,0.400638786938304,-0.7642723207614552,0.3055251773805156,ns,3,Negative,,MEAN_NO_CRIME_ACTIVITY_3PLUS1,EXTERNAL_DEVELOPMENT_ARCHIVE/dlnm/model_objects/lag_group_median_overall,NATIONAL,cehwi,composite_run,composite,run,EXTERNAL_DEVELOPMENT_ARCHIVE/dlnm/model_objects/city_level_covariates_SUMMARY.csv,False
Walkability Index,0.1419686492778605,0.5816118769637583,0.2440951687902118,0.8071571141479894,-0.9979906295711056,1.2819279281268263,ns,3,Positive,,MEAN_NO_CRIME_ACTIVITY_3PLUS1,EXTERNAL_DEVELOPMENT_ARCHIVE/dlnm/model_objects/lag_group_median_overall,NATIONAL,cehwi,composite_walk,composite,walk,EXTERNAL_DEVELOPMENT_ARCHIVE/dlnm/model_objects/city_level_covariates_SUMMARY.csv,False
Street Intersection Density,-0.1734119281813256,0.2040167927487478,-0.8499885026370705,0.3953314784628688,-0.5732848419688713,0.2264609856062199,ns,3,Negative,,MEAN_NO_CRIME_ACTIVITY_3PLUS1,EXTERNAL_DEVELOPMENT_ARCHIVE/dlnm/model_objects/lag_group_median_overall,NATIONAL,cehwi,composite_all,composite,all,EXTERNAL_DEVELOPMENT_ARCHIVE/dlnm/model_objects/city_level_covariates_SUMMARY.csv,False
Street Intersection Density,-0.1693417204567091,0.2224085844303787,-0.7613992098839997,0.4464186592398289,-0.6052625459402514,0.266579105026833,ns,3,Negative,,MEAN_NO_CRIME_ACTIVITY_3PLUS1,EXTERNAL_DEVELOPMENT_ARCHIVE/dlnm/model_objects/lag_group_median_overall,NATIONAL,cehwi,composite_ride,composite,ride,EXTERNAL_DEVELOPMENT_ARCHIVE/dlnm/model_objects/city_level_covariates_SUMMARY.csv,False
Street Intersection Density,-0.2580769001076001,0.3493150150081996,-0.7388084938219508,0.4600232933951789,-0.9427343295236714,0.4265805293084712,ns,3,Negative,,MEAN_NO_CRIME_ACTIVITY_3PLUS1,EXTERNAL_DEVELOPMENT_ARCHIVE/dlnm/model_objects/lag_group_median_overall,NATIONAL,cehwi,composite_run,composite,run,EXTERNAL_DEVELOPMENT_ARCHIVE/dlnm/model_objects/city_level_covariates_SUMMARY.csv,False
Street Intersection Density,-0.0875867592558627,0.7110744521353087,-0.1231752300941843,0.901968339704708,-1.481292685441068,1.3061191669293424,ns,3,Negative,,MEAN_NO_CRIME_ACTIVITY_3PLUS1,EXTERNAL_DEVELOPMENT_ARCHIVE/dlnm/model_objects/lag_group_median_overall,NATIONAL,cehwi,composite_walk,composite,walk,EXTERNAL_DEVELOPMENT_ARCHIVE/dlnm/model_objects/city_level_covariates_SUMMARY.csv,False
GDP,-0.0492912832907694,0.3754544871585926,-0.1312843100206411,0.8955504031503595,-0.7851820781216109,0.6865995115400719,ns,3,Negative,,MEAN_NO_CRIME_ACTIVITY_3PLUS1,EXTERNAL_DEVELOPMENT_ARCHIVE/dlnm/model_objects/lag_group_median_overall,NATIONAL,cehwi,composite_all,composite,all,EXTERNAL_DEVELOPMENT_ARCHIVE/dlnm/model_objects/city_level_covariates_SUMMARY.csv,False
GDP,0.0602294266816484,0.4043960710433915,0.1489367256369457,0.8816035615205362,-0.7323868725633988,0.8528457259266957,ns,3,Positive,,MEAN_NO_CRIME_ACTIVITY_3PLUS1,EXTERNAL_DEVELOPMENT_ARCHIVE/dlnm/model_objects/lag_group_median_overall,NATIONAL,cehwi,composite_ride,composite,ride,EXTERNAL_DEVELOPMENT_ARCHIVE/dlnm/model_objects/city_level_covariates_SUMMARY.csv,False
GDP,-0.3232133844105567,0.6457619365209236,-0.5005147657848739,0.6167126617412659,-1.588906779991567,0.9424800111704535,ns,3,Negative,,MEAN_NO_CRIME_ACTIVITY_3PLUS1,EXTERNAL_DEVELOPMENT_ARCHIVE/dlnm/model_objects/lag_group_median_overall,NATIONAL,cehwi,composite_run,composite,run,EXTERNAL_DEVELOPMENT_ARCHIVE/dlnm/model_objects/city_level_covariates_SUMMARY.csv,False
GDP,0.2582773837499481,1.1883061198653406,0.2173491993622116,0.8279362178392738,-2.070802611186119,2.587357378686016,ns,3,Positive,,MEAN_NO_CRIME_ACTIVITY_3PLUS1,EXTERNAL_DEVELOPMENT_ARCHIVE/dlnm/model_objects/lag_group_median_overall,NATIONAL,cehwi,composite_walk,composite,walk,EXTERNAL_DEVELOPMENT_ARCHIVE/dlnm/model_objects/city_level_covariates_SUMMARY.csv,False
NDVI,0.0626785514562484,0.1732666851509603,0.3617461221794547,0.7175417573504361,-0.2769241514396338,0.4022812543521306,ns,3,Positive,,MEAN_NO_CRIME_ACTIVITY_3PLUS1,EXTERNAL_DEVELOPMENT_ARCHIVE/dlnm/model_objects/lag_group_median_overall,NATIONAL,cehwi,composite_all,composite,all,EXTERNAL_DEVELOPMENT_ARCHIVE/dlnm/model_objects/city_level_covariates_SUMMARY.csv,False
NDVI,0.0769416581352572,0.1851641279410391,0.4155322037309374,0.6777523454057994,-0.2859800326291795,0.439863348899694,ns,3,Positive,,MEAN_NO_CRIME_ACTIVITY_3PLUS1,EXTERNAL_DEVELOPMENT_ARCHIVE/dlnm/model_objects/lag_group_median_overall,NATIONAL,cehwi,composite_ride,composite,ride,EXTERNAL_DEVELOPMENT_ARCHIVE/dlnm/model_objects/city_level_covariates_SUMMARY.csv,False
NDVI,0.4332679967041964,0.2996350454813156,1.4459857190877683,0.1481812073811849,-0.1540166924391822,1.020552685847575,ns,3,Positive,,MEAN_NO_CRIME_ACTIVITY_3PLUS1,EXTERNAL_DEVELOPMENT_ARCHIVE/dlnm/model_objects/lag_group_median_overall,NATIONAL,cehwi,composite_run,composite,run,EXTERNAL_DEVELOPMENT_ARCHIVE/dlnm/model_objects/city_level_covariates_SUMMARY.csv,False
NDVI,0.0365737013973906,0.5516857633861687,0.0662944448174745,0.9471434058906548,-1.0447303948395,1.1178777976342813,ns,3,Positive,,MEAN_NO_CRIME_ACTIVITY_3PLUS1,EXTERNAL_DEVELOPMENT_ARCHIVE/dlnm/model_objects/lag_group_median_overall,NATIONAL,cehwi,composite_walk,composite,walk,EXTERNAL_DEVELOPMENT_ARCHIVE/dlnm/model_objects/city_level_covariates_SUMMARY.csv,False
Unemployment,-0.1361359759395282,0.1461288604757878,-0.9316159415482796,0.3515350415622228,-0.4225485424720724,0.1502765905930159,ns,3,Negative,,MEAN_NO_CRIME_ACTIVITY_3PLUS1,EXTERNAL_DEVELOPMENT_ARCHIVE/dlnm/model_objects/lag_group_median_overall,NATIONAL,cehwi,composite_all,composite,all,EXTERNAL_DEVELOPMENT_ARCHIVE/dlnm/model_objects/city_level_covariates_SUMMARY.csv,False
Unemployment,-0.0820096346504881,0.1561283607008919,-0.5252705804527135,0.5993951058251781,-0.3880212216242364,0.2240019523232601,ns,3,Negative,,MEAN_NO_CRIME_ACTIVITY_3PLUS1,EXTERNAL_DEVELOPMENT_ARCHIVE/dlnm/model_objects/lag_group_median_overall,NATIONAL,cehwi,composite_ride,composite,ride,EXTERNAL_DEVELOPMENT_ARCHIVE/dlnm/model_objects/city_level_covariates_SUMMARY.csv,False
Unemployment,-0.0238167015484023,0.2644220950652567,-0.0900707693981647,0.9282309774226905,-0.5420840078763056,0.494450604779501,ns,3,Negative,,MEAN_NO_CRIME_ACTIVITY_3PLUS1,EXTERNAL_DEVELOPMENT_ARCHIVE/dlnm/model_objects/lag_group_median_overall,NATIONAL,cehwi,composite_run,composite,run,EXTERNAL_DEVELOPMENT_ARCHIVE/dlnm/model_objects/city_level_covariates_SUMMARY.csv,False
Unemployment,0.4635834627721873,0.5123301630553918,0.9048529565534597,0.365543292242018,-0.5405836568163807,1.4677505823607553,ns,3,Positive,,MEAN_NO_CRIME_ACTIVITY_3PLUS1,EXTERNAL_DEVELOPMENT_ARCHIVE/dlnm/model_objects/lag_group_median_overall,NATIONAL,cehwi,composite_walk,composite,walk,EXTERNAL_DEVELOPMENT_ARCHIVE/dlnm/model_objects/city_level_covariates_SUMMARY.csv,False
Building Density,0.1248142916135886,0.2202662047891631,0.5666520278635563,0.5709506194195386,-0.306907469773171,0.5565360530003483,ns,3,Positive,,MEAN_NO_CRIME_ACTIVITY_3PLUS1,EXTERNAL_DEVELOPMENT_ARCHIVE/dlnm/model_objects/lag_group_median_overall,NATIONAL,cehwi,composite_all,composite,all,EXTERNAL_DEVELOPMENT_ARCHIVE/dlnm/model_objects/city_level_covariates_SUMMARY.csv,False
Building Density,0.1616598481777827,0.2338221265011951,0.6913795995134635,0.4893270209052693,-0.2966315197645597,0.6199512161201252,ns,3,Positive,,MEAN_NO_CRIME_ACTIVITY_3PLUS1,EXTERNAL_DEVELOPMENT_ARCHIVE/dlnm/model_objects/lag_group_median_overall,NATIONAL,cehwi,composite_ride,composite,ride,EXTERNAL_DEVELOPMENT_ARCHIVE/dlnm/model_objects/city_level_covariates_SUMMARY.csv,False
Building Density,0.3412774881888465,0.4066426922492746,0.8392564152601105,0.4013254354749596,-0.4557421886197316,1.1382971649974247,ns,3,Positive,,MEAN_NO_CRIME_ACTIVITY_3PLUS1,EXTERNAL_DEVELOPMENT_ARCHIVE/dlnm/model_objects/lag_group_median_overall,NATIONAL,cehwi,composite_run,composite,run,EXTERNAL_DEVELOPMENT_ARCHIVE/dlnm/model_objects/city_level_covariates_SUMMARY.csv,False
Building Density,-0.5124752122570574,0.7547489646636639,-0.6790008814194662,0.4971373034674652,-1.9917831829978383,0.966832758483724,ns,3,Negative,,MEAN_NO_CRIME_ACTIVITY_3PLUS1,EXTERNAL_DEVELOPMENT_ARCHIVE/dlnm/model_objects/lag_group_median_overall,NATIONAL,cehwi,composite_walk,composite,walk,EXTERNAL_DEVELOPMENT_ARCHIVE/dlnm/model_objects/city_level_covariates_SUMMARY.csv,False
Population (20-55),0.1832271622075169,0.3784987843284282,0.4840891696194416,0.6283225872142715,-0.5586304550762025,0.9250847794912362,ns,3,Positive,,MEAN_NO_CRIME_ACTIVITY_3PLUS1,EXTERNAL_DEVELOPMENT_ARCHIVE/dlnm/model_objects/lag_group_median_overall,NATIONAL,cehwi,composite_all,composite,all,EXTERNAL_DEVELOPMENT_ARCHIVE/dlnm/model_objects/city_level_covariates_SUMMARY.csv,False
Population (20-55),0.101299042380257,0.404239148800806,0.2505918654360056,0.8021296715350347,-0.6910096892693228,0.8936077740298368,ns,3,Positive,,MEAN_NO_CRIME_ACTIVITY_3PLUS1,EXTERNAL_DEVELOPMENT_ARCHIVE/dlnm/model_objects/lag_group_median_overall,NATIONAL,cehwi,composite_ride,composite,ride,EXTERNAL_DEVELOPMENT_ARCHIVE/dlnm/model_objects/city_level_covariates_SUMMARY.csv,False
Population (20-55),0.4133987377666684,0.6444509444088372,0.6414743299753936,0.5212145537164885,-0.8497251132746525,1.676522588807989,ns,3,Positive,,MEAN_NO_CRIME_ACTIVITY_3PLUS1,EXTERNAL_DEVELOPMENT_ARCHIVE/dlnm/model_objects/lag_group_median_overall,NATIONAL,cehwi,composite_run,composite,run,EXTERNAL_DEVELOPMENT_ARCHIVE/dlnm/model_objects/city_level_covariates_SUMMARY.csv,False
Population (20-55),-0.5641665865949624,1.2268452315740586,-0.4598514727657451,0.6456228341069739,-2.9687832404801173,1.840450067290192,ns,3,Negative,,MEAN_NO_CRIME_ACTIVITY_3PLUS1,EXTERNAL_DEVELOPMENT_ARCHIVE/dlnm/model_objects/lag_group_median_overall,NATIONAL,cehwi,composite_walk,composite,walk,EXTERNAL_DEVELOPMENT_ARCHIVE/dlnm/model_objects/city_level_covariates_SUMMARY.csv,False
Urbanization Rate,-0.1176872768568034,0.1302049904651191,-0.9038614913022932,0.3660688507628321,-0.3728890581684368,0.13751450445483,ns,3,Negative,,MEAN_NO_CRIME_ACTIVITY_3PLUS1,EXTERNAL_DEVELOPMENT_ARCHIVE/dlnm/model_objects/lag_group_median_overall,NATIONAL,cehwi,composite_all,composite,all,EXTERNAL_DEVELOPMENT_ARCHIVE/dlnm/model_objects/city_level_covariates_SUMMARY.csv,False
Urbanization Rate,-0.0767846687017162,0.1412163267201029,-0.5437378983373988,0.5866218489958124,-0.3535686690731178,0.1999993316696854,ns,3,Negative,,MEAN_NO_CRIME_ACTIVITY_3PLUS1,EXTERNAL_DEVELOPMENT_ARCHIVE/dlnm/model_objects/lag_group_median_overall,NATIONAL,cehwi,composite_ride,composite,ride,EXTERNAL_DEVELOPMENT_ARCHIVE/dlnm/model_objects/city_level_covariates_SUMMARY.csv,False
Urbanization Rate,-0.0883344633701568,0.2447197760307213,-0.3609616877022134,0.7181280876897778,-0.5679852243903705,0.3913162976500569,ns,3,Negative,,MEAN_NO_CRIME_ACTIVITY_3PLUS1,EXTERNAL_DEVELOPMENT_ARCHIVE/dlnm/model_objects/lag_group_median_overall,NATIONAL,cehwi,composite_run,composite,run,EXTERNAL_DEVELOPMENT_ARCHIVE/dlnm/model_objects/city_level_covariates_SUMMARY.csv,False
Urbanization Rate,0.8387027793502904,0.6126728218839808,1.3689244069473545,0.1710229055521553,-0.3621359515423119,2.0395415102428927,ns,3,Positive,,MEAN_NO_CRIME_ACTIVITY_3PLUS1,EXTERNAL_DEVELOPMENT_ARCHIVE/dlnm/model_objects/lag_group_median_overall,NATIONAL,cehwi,composite_walk,composite,walk,EXTERNAL_DEVELOPMENT_ARCHIVE/dlnm/model_objects/city_level_covariates_SUMMARY.csv,False
