city,cluster,1,2,3,4,5,6,7,8,9,10,11,12
Abilene,2,-0.41248159280154356,-0.41248159280154356,-0.41248159280154356,3.008858209925087,-0.41248159280154356,1.115957718090349,-0.41248159280154356,-0.41248159280154356,-0.41248159280154356,-0.41248159280154356,-0.41248159280154356,-0.41248159280154356
Amarillo,4,0.6644167865225014,-0.6867635738185184,-2.0406282716231465,0.21905118803707255,-0.5895337266088028,-0.9367775488189678,-0.4865091496959628,1.781182230167152,1.3878426806907844,-0.07776502930788141,0.4699705868865869,0.2955138275691823
Arlington,1,1.2454925170998705,1.8941708585030814,0.6224756931600408,-0.21653085741118877,-0.6166897889668058,0.4774735752416468,-0.6166897889668058,0.5659197833072542,0.1422673142849504,-0.6166897889668058,-0.9084141113807377,-1.9727854059044996
Atlanta,3,-2.02949091450304,-1.1668025240786706,0.7741845868083349,-0.96156950853541,0.6676961411600743,0.8860491577110945,-0.5797867163743463,-0.25136627990238536,0.3219686920753776,0.9631354938362184,-0.14494514798236507,1.520927019785115
Austin,2,1.2074498064390438,2.0582873706042073,-1.3606752703063223,-0.14935464461811399,0.6296973901295693,-0.2851776536104474,-0.10399242891809116,-1.3606752703063223,0.07106815782457013,-1.3606752703063223,0.43022324017950053,0.22382457288872729
Bakersfield,1,1.35045316506724,0.8517473381252589,0.4674198496900937,0.2100759585570231,0.7299798315290177,-1.1836971909737983,-0.17131923127199034,-0.8503171908210576,0.32652355959845814,0.318110099719688,0.4237568632319339,-2.472733052451867
Baltimore,1,0.9244029663275967,0.3871706713385142,0.6273970354394679,0.8125900061096465,0.7409465637442667,0.4664436400399189,1.0075541812845739,-0.2965142990743285,-0.8344687767159598,-1.1006124633687815,-0.26644616986011427,-2.4684633552648028
Boston,2,1.5016232984314473,1.3850232963295428,0.4548424013173336,-1.674540940549638,-1.674540940549638,-0.02270797781762855,0.8468820547351646,0.1429991232303889,0.37916771998578014,-0.8170436492677442,-0.6647035090747806,0.1429991232297692
Cape Coral,4,0.12147744922438479,-1.6780589229167102,0.6180567122282002,-0.18309471362268276,-0.578465832227507,1.7421002592372272,-0.04776170477974778,-1.3814561623187747,1.7421002592372272,-0.011411507412463181,0.2639006114084236,-0.6073864480575779
Chandler,1,0.4042583506754431,0.4042583506754431,0.4042583506754431,-0.9737920744869961,0.4042583506754431,0.4042583506754431,0.4042583506754431,0.4042583506754431,0.4042583506754431,0.4042583506754431,0.4042583506754431,-3.0687914322674352
Charleston,3,-1.6628027681510864,-1.2453728977846426,-0.5719092937765874,-0.8303209604735465,0.045299388711171895,0.06920566441324488,0.34071529911840126,0.0679745451412715,-0.04811957521651248,2.2211010463387724,1.1954428428230117,0.41878670885650077
Charlotte,4,-0.3862745871139614,-0.26958578668266636,1.0206169256237674,1.1502247656172444,0.8906631015495607,-1.3984778128935473,-1.5839825146898,-1.170810349182779,1.2957540047202385,0.5829908049243121,-0.6808512130474894,0.5497326611751167
Chicago,4,0.7920064496870145,1.0464321800339895,0.5542501998644186,0.02399634232833472,-0.43916904201185897,0.6541583846502762,0.5490683642727366,-2.3012338730301884,-1.3859705889058018,-0.191984455216886,-0.5312042584879622,1.2296502968159282
Cincinnati,4,-0.1494998950993068,-0.9974672399664438,0.3465292349990588,0.34652920369064233,-0.501438139702422,0.12348461680228882,-0.9974672257431364,-0.5014380959167879,0.6984674499901969,-0.99746724012931,-0.14949989354345933,2.7792672246186805
Clearwater,4,0.5021252671969704,-0.955486130767927,1.061643314018925,0.2988119241419628,-0.13590635119047975,-0.09175064697398941,0.41783204686098985,-1.0749171685779153,2.0041767721725927,-1.0499394777442992,-1.642777582313201,0.6661880331763728
Cleveland,3,-0.7027527214174754,-0.7027527214174794,-0.7027527214174754,-0.7027527214174737,1.328585037702311,1.5340088177271345,1.4581930126115215,-0.7027527214174767,-0.7119210915191584,-0.7119210915191604,-0.7119210915191524,1.328740013603886
Columbia,3,-1.861474580618733,-1.2567604314508,-0.8605427439154789,0.6908603046839399,0.6908603046839399,0.6908603046839399,0.6908603046839399,-1.5481046814865076,0.6908603046839399,0.6908603046839399,0.6908603046839399,0.6908603046839399
Columbus,2,-0.3015113445777636,-0.3015113445777636,-0.3015113445777636,3.3166247903553994,-0.3015113445777636,-0.3015113445777636,-0.3015113445777636,-0.3015113445777636,-0.3015113445777636,-0.3015113445777636,-0.3015113445777636,-0.3015113445777636
Corpus Christi,1,0.0,0.0,0.0,0.0,0.0,0.0,0.0,0.0,0.0,0.0,0.0,0.0
Dallas,1,1.338287105501881,1.6779291969130388,0.7292286207883799,0.42854446524010975,-1.0855074044461879,0.12461689908262835,-0.04130401885896627,0.40294175027153545,0.2927049865772284,-1.0855074044461879,-1.0855074044461879,-1.6964267921772727
Detroit,1,0.3115815542987215,0.14508064022135234,0.7545327244097918,-0.21300623281244171,-0.21300623281244258,0.7545327244097918,0.14508064022138853,0.371008302781378,0.7545327244097918,0.31158155429872025,0.012921429748374806,-3.1348398291744277
Fort Worth,1,0.5798124533334222,1.9445576966689613,0.8029022408914017,0.6351038627026143,-0.15911534381041412,0.43584757554171105,-0.775786063734861,0.9085753925280222,-0.775786063734861,-1.484538152871257,-1.3357875337798786,-0.775786063734861
Fresno,1,-0.665370633751608,-0.3803228577531864,-0.5442086450770327,1.7368694002935192,1.7888671005652927,0.5784799554967006,0.1942957442096628,0.3622491296361441,-1.0139064551218675,-0.8665204964240462,0.38168451824989386,-1.5721167603234794
Gilbert,4,-1.2482627501554329,1.4153624939728162,0.9178297136461554,-0.26032947137574125,0.6315672621614811,-0.2814939749729061,0.7249772342244806,0.1451201065785606,-0.3343050285210409,-0.08323442975001605,-2.404371681247268,0.7771405254389118
Henderson,2,-0.30151134457776363,3.3166247903554003,-0.30151134457776363,-0.30151134457776363,-0.30151134457776363,-0.30151134457776363,-0.30151134457776363,-0.30151134457776363,-0.30151134457776363,-0.30151134457776363,-0.30151134457776363,-0.30151134457776363
Houston,1,1.0777994785120364,0.5121300935137973,1.5926319476362252,1.3072594582900456,0.2645158697478427,0.3977423462306584,-0.8192324958862811,-0.44162450584519325,-0.6143376111539907,-0.16868215385467644,-1.5541012135952321,-1.5541012135952321
Indianapolis,4,0.4435976898425342,0.4435976898425342,0.4435976898425342,0.4435976898425342,0.4435976898425342,-1.9071304639669855,0.4435976898425342,0.4435976898425342,-2.5288464344583566,0.4435976898425342,0.4435976898425342,0.4435976898425342
Jacksonville,4,0.8247998753396916,-1.3847230238033978,-0.5370653507343056,0.8247998753396916,-1.0578396824055907,-1.467260534264863,0.8247998753396916,0.8247998753396916,-1.3267105361696834,0.8247998753396916,0.8247998753396916,0.8247998753396916
Kansas City,3,-1.9819540971356862,0.06387679751597111,0.03280469420828167,-0.49756534718383777,-1.9819540971356862,0.4633869322546459,0.33972826133339573,0.4135218816893261,0.2012197233342714,1.255680769465278,0.43183337556133533,1.2594211060927045
Las Vegas,4,0.06559114774653446,-0.014250206708176814,0.17028326835751464,1.2358151083225044,-1.4496449234200137,1.517811256853686,-0.3376387269622348,-1.4496449234200137,-1.4496449234200137,1.0667127294170249,0.7532691487290107,-0.10865895549582122
Los Angeles,2,0.8214958714320454,0.4791513288629966,-1.9093766148062166,-1.4236316389621138,-0.351302025097291,0.3038186735749423,0.12347584163397225,1.658640897269974,1.2894380112118127,-0.5516861476127211,-0.6543155585663175,0.21429136105891222
Louisville,4,-0.651728953424618,0.46720154813855896,-0.07379487532138333,0.21814824005877706,-0.4683565145453074,-0.4683565145453086,-0.9570773461196324,-1.1571698393427439,2.738796861348411,0.12335480001095445,-0.6161734158769295,0.8451560096192213
Lubbock,4,-0.6038206624768794,-0.5824105804903961,-1.1961262889828201,0.25130101391241794,0.2224367487198235,-1.190443270874897,0.26349902096629446,0.2689287233227747,-0.43650548630302033,-0.14244507539249837,0.34077066620878566,2.8048151913904107
Mesa,1,0.8940865229815381,0.8940865229815381,0.8940865229815381,-1.0495216209828349,0.8940865229815381,0.8940865229815381,0.13478075105838982,-0.6812150345391513,-0.52643666300659,-1.4123620393793392,0.8940865229815381,-1.829764531039703
Miami,1,1.1275509160142605,-0.8449685243937859,1.1639838693642284,-0.8449685243936181,1.2077482951262017,1.2077482951262086,1.2077482951262086,-0.8449685243948334,-0.8449685243940226,-0.8449685243936146,-0.8449685243936158,-0.8449685243936158
Milwaukee,4,-0.6735789245337339,-0.5219703123887763,1.2361962169277918,0.3369988791999755,-1.227146556459331,0.8152693144056816,-0.789495889594367,-0.4938565334146842,-1.62223903781701,0.5553187854222927,1.8291861236700102,0.5553179345821417
Minneapolis,2,0.471544262939977,0.471544262939977,2.130998654194405,-0.7193582407993818,-1.7197034315938526,-0.9414965201775282,-0.28205713034100754,0.471544262939977,0.471544262939977,0.471544262939977,-1.2976489089224972,0.471544262939977
Miramar,4,-0.2902395135524007,-1.502638918642361,-0.2902395135524007,-0.2902395135524007,-0.2902395135524007,-0.2902395135524007,-0.2902395135524007,-0.2902395135524007,-0.2902395135524007,1.5483990152000269,2.5663955254139403,-0.2902395135524007
Nashville,4,-0.600535326135947,-0.600535326135947,-0.600535326135947,0.5221081152971982,-0.600535326135947,-0.600535326135947,-0.600535326135947,-0.600535326135947,-0.600535326135947,0.7874086106856207,0.7188998149516552,2.7758660681531016
New York,1,0.15914620399107157,0.5027148692212599,1.1569263363766367,0.6649813093598774,-0.12311809147133708,-0.01529543293763567,-0.559882228393874,0.8540205283551501,0.3582538174259736,0.7828527812661046,-1.1848258932724254,-2.595774199920803
Newark,2,0.7001648707185643,0.9347558710464213,-1.1772606374807684,-1.1772606374807797,1.0474808444376873,0.8688159887176675,-1.177260637480768,0.7001648707185643,0.7001648707185643,0.9347558710463915,-1.1772606374807737,-1.177260637480771
Oklahoma City,1,1.243581163332729,1.8565654195057368,0.40868871959084374,0.2932193336470921,-0.027310521737876743,-0.3309771473913852,0.20940339718620027,0.3172760186417981,0.08572030936795833,-0.5327163437200796,-1.7754226465556426,-1.748027701867375
Orlando,3,-1.4801700696956686,-0.8806765154015054,-1.1565245556492423,-0.14746516583458735,-0.1474651656909684,-0.9564401070135508,1.2678062806024069,1.2678062806024069,0.21111686030465895,-0.5136004034287657,1.2678062806024069,1.2678062806024069
Overland Park,3,-2.1975570320328464,-0.16671810447935742,-0.9436131907083257,1.0104878432566435,-0.8201777427925793,0.5051999180437956,0.9770478717062782,1.7587416145030383,-0.2738905225788588,-0.08581273647720748,0.3878187260809943,-0.15152664452157882
Palm Bay,4,-0.5551379820745417,-1.7397370916661665,0.7371052515611083,0.9635589890903669,-0.07679375835950573,1.6830896414103107,0.40939835217135073,0.9771281344436669,-1.2535449815209863,-1.253544981508892,0.2587610278458047,-0.15028260139251615
Philadelphia,2,1.3001012750690086,-0.1334593918009074,0.5149035184372798,1.5625322270275845,-0.6412770440890425,-1.5068613770612345,-1.7242412155881124,0.7451441591303314,0.44382698219783795,0.6555413060048679,-0.674726975726583,-0.5414834636010278
Phoenix,1,0.798098226239338,-0.5872398369840489,0.798098226239338,0.798098226239338,0.798098226239338,0.798098226239338,0.798098226239338,0.798098226239338,-1.338125244773257,-0.584477241750373,-1.9450814111537398,-1.1317638490139488
Raleigh,3,-2.088340447951095,-0.8307641076047417,-0.48148446460628774,0.37414640104001906,1.0291814366695016,-1.4874941706444333,0.37414640104001906,0.37414640104001906,0.37414640104001906,0.37414640104001906,0.37414640104001906,1.614023347896942
Richmond,4,-0.7061979991765143,-0.7061979991765143,0.9727711565732624,0.945015884380191,-1.338266376084354,-1.3507946729679332,0.0003011367362343399,-0.7061979991765143,-0.7061979991765143,1.5953747654930124,1.0459915733805751,0.9543985291950685
Riverside,4,-0.7176203375232285,0.2994430132569134,-1.752237933452079,0.2994430132569134,1.6394093553491602,0.2994430132569134,0.2994430132569134,-1.4357810132694768,1.4630586047627976,-0.9934867554086539,0.2994430132569134,0.2994430132569134
Sacramento,2,0.7828325021037339,-0.9505442949602323,-0.9505442949602323,1.7600102419880133,-0.9505442949602323,-0.9505442949602323,-0.9505442949602323,0.9542014676553225,1.1950428863457943,0.40951283621362655,0.6016658354549018,-0.9505442949602323
San Antonio,2,2.5941125874905087,1.8221525922944064,-0.44162651797849156,-0.44162651797849156,-0.44162651797849156,-0.44162651797849156,-0.44162651797849156,-0.44162651797849156,-0.44162651797849156,-0.44162651797849156,-0.44162651797849156,-0.44162651797849156
San Bernardino,2,-0.2594779261020687,-0.2594779261020687,-0.2594779261020687,1.6215502930687553,-1.7058769151383093,-0.2594779261020687,-0.2594779261020687,-0.2594779261020687,2.419627956988173,-0.2594779261020687,-0.2594779261020687,-0.2594779261020687
San Jose,2,1.6263805499241621,-1.4063098234410538,0.8514412920039097,-1.4063098234410538,1.214744176318521,0.06444840828203936,-1.4063098234410538,-0.6322251395818033,0.39829225327409196,0.8035845440494189,-0.11369308772505529,0.005956473777875942
Scottsdale,4,-0.2938605421757443,-1.2704094860056707,1.182332917385184,-0.6333761467178274,1.182332917385184,0.09285940672866085,1.039057184046398,0.33836474867021243,-1.0382479611875393,0.06780240547381972,-1.8491883609878623,1.182332917385184
St. Louis,3,-1.3777015583145658,-0.7680252915736923,-0.7597938226669236,-1.3777015583145658,-0.2526314291777451,-0.35762913960243803,0.47453857986816433,1.4427129054924415,1.518398754190615,1.3674573759027444,0.4687678149714061,-0.3783926307754394
St. Petersburg,3,-2.408027725073918,0.7597849772933087,0.7597849772933087,-1.0578485717665904,-0.07037059977735297,0.7597849772933087,0.7597849772933087,-1.2570788187145396,0.7597849772933087,0.7597849772933087,0.17207163404655593,0.06254421752599347
Tallahassee,4,0.5316283827176163,0.5316283827176163,0.5316283827176163,-0.5593762954816257,-2.4419931693262535,0.5316283827176163,0.5316283827176163,0.5316283827176163,0.5316283827176163,-1.7832859796506664,0.5316283827176163,0.5316283827176163
Tampa,3,-2.13521086301939,0.5591129369433349,-0.9838234963090168,-1.9129820731616058,0.5591129369433349,0.5591129369433349,0.5591129369433349,0.5591129369433349,0.5591129369433349,0.5591129369433349,0.5591129369433349,0.5591129369433349
Tucson,1,0.43301356273636754,0.7265085681238727,1.7236724206284433,0.25561694621484365,-0.3859267431026748,0.33922494302569134,0.5975668507806927,-1.5384910182602023,-1.5222598314221896,0.5964945157102568,0.34550075111759276,-1.5709209655526921
Virginia Beach,1,0.1840806885207929,0.6247314947105934,0.5723972077835001,0.5254643452594088,-1.5830916486595732,-1.5830916486595732,0.9235609980093048,-0.4769446268059671,1.3248835246118045,0.38697482837959885,0.6841264855096847,-1.5830916486595732
Visalia,1,0.4991725956205852,1.0432991493114359,1.5875598250582348,1.1241114444179998,0.08252221162575935,-1.2242441436695817,-1.2242441436695817,-1.2242441436695817,-0.08770660880963908,-0.2499335152338863,0.8979514726878367,-1.2242441436695817
Washington,2,1.5735345987657565,-0.12787512718563507,-0.12787512718563507,-0.12787512718563507,-1.5729422864355849,-0.12787512718563507,-0.12787512718563507,-0.12787512718563507,-0.12787512718563507,2.299550692722405,-0.12787512718563507,-1.2771419875674956
