"cehwi","rr","rr_low","rr_high","log_rr","log_rr_low","log_rr_high","specification","n_cities"
0,1,1,1,0,0,0,"Primary national pool (n=63)",63
0.352144288577154,0.99537383889492,0.990888905264399,0.999879072106517,-0.00463689490535184,-0.00915285460485355,-0.000120935205850066,"Primary national pool (n=63)",63
0.704288577154308,0.990779425036022,0.98188210329335,0.999757369833059,-0.0092633475938306,-0.018284035581259,-0.000242659606402135,"Primary national pool (n=63)",63
1.05643286573146,0.98622681449514,0.972999334348196,0.999634116174186,-0.0138689158485634,-0.0273718809194944,-0.00036595077763237,"Primary national pool (n=63)",63
1.40857715430862,0.981725876805417,0.964259574898725,0.999508557942595,-0.0184431574526771,-0.0363947520507229,-0.000491562854631329,"Primary national pool (n=63)",63
1.76072144288577,0.977286299765206,0.955681054991388,0.999379977996294,-0.0229756301892988,-0.0453310460817611,-0.000620214296836441,"Primary national pool (n=63)",63
2.11286573146293,0.972917595210491,0.94728127910935,0.999247708093782,-0.0274558918415554,-0.0541592086633389,-0.000752575019771959,"Primary national pool (n=63)",63
2.46501002004008,0.968629105724767,0.939077050029378,0.999111142613707,-0.031873500192574,-0.0628577477308869,-0.000889252654261028,"Primary national pool (n=63)",63
2.81715430861723,0.964430012257095,0.931084495177633,0.998969753400062,-0.0362180130254815,-0.0714052483822111,-0.0010307776687519,"Primary national pool (n=63)",63
3.16929859719439,0.96032934262106,0.92331909497731,0.998823106026699,-0.0404789881234049,-0.0797803891899525,-0.00117758705685725,"Primary national pool (n=63)",63
3.52144288577154,0.956335980849635,0.915795712664188,0.998670877817266,-0.0446459832694711,-0.0879619602898779,-0.00133000624906432,"Primary national pool (n=63)",63
3.8735871743487,0.952458677383468,0.908528625019504,0.99851287801041,-0.0487085562468072,-0.0959288836406223,-0.00148822885299222,"Primary national pool (n=63)",63
4.22573146292585,0.948706060072814,0.901531553430737,0.998349070527603,-0.0526562648385403,-0.103660235918856,-0.00165229375822505,"Primary national pool (n=63)",63
4.57787575150301,0.945086645976257,0.894817694636635,0.998179599885265,-0.0564786668277972,-0.111135274598972,-0.00182205905662208,"Primary national pool (n=63)",63
4.93002004008016,0.941608853942552,0.888399750439392,0.998004820897901,-0.0601653199977049,-0.118333467872089,-0.00199717212332116,"Primary national pool (n=63)",63
5.28216432865731,0.938281017965223,0.882289955569206,0.997825332949514,-0.0637057821313905,-0.125234529190176,-0.00217703507260509,"Primary national pool (n=63)",63
5.63430861723447,0.935111401303144,0.876500102758449,0.997642019772941,-0.0670896110119809,-0.131818457383605,-0.00236076464035657,"Primary national pool (n=63)",63
5.98645290581162,0.932108211364056,0.871041563916526,0.997456095878751,-0.070306364422603,-0.138065583501795,-0.00254714534341082,"Primary national pool (n=63)",63
6.33859719438878,0.929279615351973,0.865925306082411,0.997269161026836,-0.0733456001463839,-0.143956625776527,-0.00273457451624073,"Primary national pool (n=63)",63
6.69074148296593,0.926633756683581,0.861161900557596,0.997083264447203,-0.0761968759664507,-0.1494727544176,-0.0029209975153018,"Primary national pool (n=63)",63
7.04288577154308,0.924178772183127,0.856761523272479,0.996900980907235,-0.0788497496659303,-0.154595668335401,-0.00310383099645937,"Primary national pool (n=63)",63
7.39503006012024,0.921922575631021,0.852733511122118,0.996725500255867,-0.0812940333214138,-0.159308193992147,-0.00327987265068059,"Primary national pool (n=63)",63
7.74717434869739,0.919866380255763,0.84907444819832,0.996560618824796,-0.0835268583396662,-0.163608407235741,-0.00344530944359136,"Primary national pool (n=63)",63
8.09931863727455,0.918003937026524,0.845767189287159,0.996410405925631,-0.085553599670926,-0.167511147215518,-0.00359605212633367,"Primary national pool (n=63)",63
8.4514629258517,0.916328758334086,0.842794396644801,0.996279041119403,-0.0873800722212703,-0.171032245573492,-0.0037278988690488,"Primary national pool (n=63)",63
8.80360721442886,0.914834512337926,0.840139255694225,0.99617078870217,-0.0890120908967762,-0.174187620296497,-0.00383656149705506,"Primary national pool (n=63)",63
9.15575150300601,0.913515011267403,0.837785435814169,0.996089977381735,-0.0904554706035211,-0.176993254465888,-0.0039176867411547,"Primary national pool (n=63)",63
9.50789579158316,0.912364200247065,0.835717053606625,0.996040980975703,-0.0917160262475822,-0.179465175809105,-0.00396687668605885,"Primary national pool (n=63)",63
9.86004008016032,0.911376146620298,0.833918639504899,0.996028199011832,-0.0927995727350366,-0.181619435932625,-0.00397970953744788,"Primary national pool (n=63)",63
10.2121843687375,0.910545029747568,0.832375108354316,0.996056036367057,-0.0937119249719615,-0.183472088376478,-0.00395176156744482,"Primary national pool (n=63)",63
10.5643286573146,0.909865131257455,0.831071734448217,0.996128881254508,-0.0944588978644343,-0.185039164809929,-0.00387863091893972,"Primary national pool (n=63)",63
10.9164729458918,0.909330825730421,0.829994131398481,0.996251080992985,-0.0950463063185319,-0.18633664882073,-0.00375596381633391,"Primary national pool (n=63)",63
11.2686172344689,0.908936571797022,0.829128237140025,0.99642691509323,-0.0954799652403319,-0.187380446859371,-0.00357948362129324,"Primary national pool (n=63)",63
11.6207615230461,0.908676903633837,0.828460304297725,0.99666056528503,-0.0957656895359111,-0.188186355999974,-0.00334502307184862,"Primary national pool (n=63)",63
11.9729058116232,0.908546422841926,0.827976896071486,0.996956082199172,-0.0959092941113471,-0.188770028281488,-0.00304855994120647,"Primary national pool (n=63)",63
12.3250501002004,0.908539790694053,0.827664887713636,0.997317348516044,-0.0959165938727169,-0.18914693150367,-0.00268625624176448,"Primary national pool (n=63)",63
12.6771943887776,0.908651720738275,0.827511473577407,0.997748038503052,-0.0957934037260978,-0.189332306476701,-0.00225450097549465,"Primary national pool (n=63)",63
13.0293386773547,0.908876971746783,0.827504179603451,0.998251573988977,-0.095545538577567,-0.189341120863371,-0.00174995629176323,"Primary national pool (n=63)",63
13.3814829659319,0.909210341000069,0.827630880982279,0.998831076965532,-0.0951788133332016,-0.18918801990854,-0.00116960675786335,"Primary national pool (n=63)",63
13.733627254509,0.909646657897684,0.827879824585851,0.999489319163398,-0.0946990428990789,-0.188887274519686,-0.000510811278471431,"Primary national pool (n=63)",63
14.0857715430862,0.910180777887889,0.828239655605073,1.00022866911799,-0.0941120421812762,-0.188452727339742,0.000228642977189804,"Primary national pool (n=63)",63
14.4379158316633,0.91080757670956,0.828699447667753,1.00105103741319,-0.0934236260858705,-0.187897737631824,0.00105048546008311,"Primary national pool (n=63)",63
14.7900601202405,0.911521944940659,0.829248735552046,1.00195782096101,-0.0926396095189391,-0.187235125965248,0.00195590692736932,"Primary national pool (n=63)",63
15.1422044088176,0.912318782848489,0.829877549463536,1.00294984733133,-0.0917658073865595,-0.186477119842052,0.00294550506893303,"Primary national pool (n=63)",63
15.4943486973948,0.913192995537841,0.830576449721145,1.00402732027781,-0.0908080345948084,-0.185635301521007,0.00401923233139046,"Primary national pool (n=63)",63
15.8464929859719,0.914139488393893,0.831336560609333,1.00518976770197,-0.0897721060497634,-0.184720559369685,0.0051763472701578,"Primary national pool (n=63)",63
16.1986372745491,0.915153162817552,0.832149602111927,1.00643599334717,-0.0886638366575016,-0.183743044094169,0.0064153707791655,"Primary national pool (n=63)",63
16.5507815631263,0.916228912251561,0.833007918254494,1.00776403350971,-0.0874890413241002,-0.182712131152797,0.00773404850459662,"Primary national pool (n=63)",63
16.9029258517034,0.917361618496421,0.833904500852133,1.00917111999087,-0.0862535349556365,-0.181636390551403,0.00912932064013011,"Primary national pool (n=63)",63
17.2550701402806,0.918546148315744,0.834833007588133,1.01065365039081,-0.0849631324581875,-0.180523565044547,0.010597300128172,"Primary national pool (n=63)",63
17.6072144288577,0.91977735033125,0.835787773531586,1.01220716666825,-0.0836236487378306,-0.179380557537169,0.0121332600615075,"Primary national pool (n=63)",63
17.9593587174349,0.921050052208125,0.836763815429235,1.01382634266686,-0.0822408987006429,-0.178213428206286,0.013731630805,"Primary national pool (n=63)",63
18.311503006012,0.922359058131933,0.837756828364952,1.01550498105569,-0.0808206972527018,-0.177027401559437,0.0153860070540335,"Primary national pool (n=63)",63
18.6636472945892,0.923699146578712,0.838763174652712,1.01723601986164,-0.0793688593000843,-0.175826883335002,0.0170891647348332,"Primary national pool (n=63)",63
19.0157915831663,0.925065068380265,0.839779865097682,1.01901154850604,-0.0778911997488677,-0.174615486849807,0.0188330873520713,"Primary national pool (n=63)",63
19.3679358717435,0.926451545086964,0.840804533007514,1.02082283301195,-0.0763935335051293,-0.173396068130986,0.0206090011207274,"Primary national pool (n=63)",63
19.7200801603206,0.927853267630727,0.841835401546678,1.02266034983952,-0.0748816754749462,-0.17217076894847,0.022407417998578,"Primary national pool (n=63)",63
20.0722244488978,0.929264895291003,0.842871245188481,1.02451382764529,-0.0733614405643957,-0.170941066704057,0.024218185575266,"Primary national pool (n=63)",63
20.4243687374749,0.930681054966853,0.843911346124684,1.02637229615614,-0.0718386436795548,-0.169707830039911,0.0260305426808016,"Primary national pool (n=63)",63
20.7765130260521,0.932096340758307,0.844955446537989,1.02822414130206,-0.070319099726501,-0.168471379005573,0.027833179552571,"Primary national pool (n=63)",63
21.1286573146293,0.933505313860301,0.846003697629303,1.03005716576343,-0.0688086236113113,-0.16723154866525,0.0296143014426269,"Primary national pool (n=63)",63
21.4808016032064,0.934902502772537,0.847056606224059,1.03185865415369,-0.0673130302400631,-0.16598775512984,0.0313616946497134,"Primary national pool (n=63)",63
21.8329458917836,0.936282403828582,0.848114979666948,1.0336154421695,-0.0658381345188334,-0.164739063151731,0.0330627941140647,"Primary national pool (n=63)",63
22.1850901803607,0.937639482047479,0.849179869560365,1.03531398918986,-0.0643897513536996,-0.163484254614926,0.0347047519075269,"Primary national pool (n=63)",63
22.5372344689379,0.938968172311041,0.85025251471683,1.03694045398592,-0.0629736956507389,-0.162221897478706,0.0362745061772286,"Primary national pool (n=63)",63
22.889378757515,0.940262880869781,0.851334283486598,1.03848077340522,-0.0615957823160283,-0.160950414981723,0.0377588503496669,"Primary national pool (n=63)",63
23.2415230460922,0.94151798718029,0.852426615393845,1.03992074411527,-0.0602618262556452,-0.159668155179152,0.0391445026678619,"Primary national pool (n=63)",63
23.5936673346693,0.942727846076515,0.853530961770707,1.04124610772681,-0.0589776423756668,-0.158373461165764,0.0404181764144309,"Primary national pool (n=63)",63
23.9458116232465,0.943886790277128,0.854648724817624,1.04244263986912,-0.0577490455821703,-0.15706474263313,0.0415666514687888,"Primary national pool (n=63)",63
24.2979559118236,0.944989133230748,0.855781194237142,1.04349624406066,-0.056581850781233,-0.155740549724222,0.0425768481617558,"Primary national pool (n=63)",63
24.6501002004008,0.946029172300347,0.856929480279309,1.04439305151641,-0.0554818728789319,-0.154399650492022,0.0434359047341581,"Primary national pool (n=63)",63
25.002244488978,0.947001192287685,0.858094441689035,1.04511952836922,-0.0544549267813444,-0.153041113653,0.0441312600903111,"Primary national pool (n=63)",63
25.3543887775551,0.947899469298042,0.859276606644226,1.04566259217101,-0.0535068273945476,-0.151664398768868,0.0446507439797722,"Primary national pool (n=63)",63
25.7065330661323,0.948718274944921,0.860476084299025,1.04600974000073,-0.0526433896246189,-0.15026945651279,0.0449826772635525,"Primary national pool (n=63)",63
26.0586773547094,0.949452047451571,0.86169249902094,1.04614951555714,-0.0518702529523795,-0.148856801635694,0.0451162957309348,"Primary national pool (n=63)",63
26.4108216432866,0.950098488950893,0.862925501250277,1.04607771748417,-0.051189627181294,-0.147426916943289,0.0450476625807005,"Primary national pool (n=63)",63
26.7629659318637,0.950658289244833,0.864174518801037,1.0457970736788,-0.0506005983096918,-0.145980541222132,0.0447793446027485,"Primary national pool (n=63)",63
27.1151102204409,0.951132272551136,0.865438085470063,1.04531175028763,-0.0501021382524822,-0.144519443065591,0.044315166560627,"Primary national pool (n=63)",63
27.467254509018,0.951521288453419,0.866713787244457,1.04462716032079,-0.049693218924574,-0.143046475221213,0.0436600373720647,"Primary national pool (n=63)",63
27.8193987975952,0.951826211080935,0.867998214873384,1.04374999922418,-0.0493728122408767,-0.141565620921385,0.0428199964396317,"Primary national pool (n=63)",63
28.1715430861723,0.952047938285831,0.869286898316759,1.04268829836202,-0.0491398901162995,-0.14008206054324,0.0418022803106408,"Primary national pool (n=63)",63
28.5236873747495,0.952187390818719,0.870574222219954,1.04145149729128,-0.0489934244657516,-0.138602259514392,0.0406154105828889,"Primary national pool (n=63)",63
28.8758316633266,0.952245511503339,0.87185332171833,1.04005053555466,-0.0489323872041421,-0.137134078260497,0.0392693038522127,"Primary national pool (n=63)",63
29.2279759519038,0.952223264411114,0.873115958293311,1.03849796430036,-0.0489557502463804,-0.135686904594109,0.0377754041013481,"Primary national pool (n=63)",63
29.580120240481,0.95212163403633,0.874352376222223,1.03680807721578,-0.0490624855073755,-0.134271808124757,0.0361468371100065,"Primary national pool (n=63)",63
29.9322645290581,0.951941624472708,0.875551141574615,1.03499705885143,-0.0492515649020367,-0.13290171482793,0.0343985850238564,"Primary national pool (n=63)",63
30.2844088176353,0.951684258592073,0.876698967948591,1.03308314616957,-0.0495219603452731,-0.131591597588483,0.0325476768979364,"Primary national pool (n=63)",63
30.6365531062124,0.951350577225826,0.87778053649561,1.03108679579664,-0.0498726437519942,-0.130358675025083,0.0306133875210942,"Primary national pool (n=63)",63
30.9886973947896,0.950941638349919,0.878778322542488,1.02903084469736,-0.0503025870371089,-0.129222605887335,0.0286174318131173,"Primary national pool (n=63)",63
31.3408416833667,0.950458516273976,0.879672447496895,1.02694064560993,-0.0508107621155266,-0.128205659554008,0.0265841353229548,"Primary national pool (n=63)",63
31.6929859719439,0.94990230083522,0.880440582686538,1.02484415061691,-0.0513961409021564,-0.127332834655567,0.0245405528512537,"Primary national pool (n=63)",63
32.045130260521,0.949274096597823,0.881057940793059,1.02277190721474,-0.0520576953119076,-0.126631888133534,0.0225164975097194,"Primary national pool (n=63)",63
32.3972745490982,0.948575022058285,0.881497399190214,1.02075692259497,-0.0527943972596892,-0.126133227585078,0.0205444330656994,"Primary national pool (n=63)",63
32.7494188376753,0.947806208857429,0.881729805133036,1.01883434621239,-0.0536052186604107,-0.125869613294646,0.0186591759738251,"Primary national pool (n=63)",63
33.1015631262525,0.946968800999561,0.88172451133053,1.01704092212809,-0.0544891314289811,-0.125875617195577,0.0168973543376148,"Primary national pool (n=63)",63
33.4537074148297,0.946063954079354,0.881450177011287,1.01541417603777,-0.0554451074803097,-0.126186799432109,0.0152965844714892,"Primary national pool (n=63)",63
33.8058517034068,0.945092834516959,0.880875839852311,1.01399133163314,-0.0564721187293057,-0.126838593905791,0.01389435644718,"Primary national pool (n=63)",63
34.157995991984,0.944056618801856,0.879972217251155,1.01280799783389,-0.0575691370908783,-0.127864943313774,0.0127266691320178,"Primary national pool (n=63)",63
34.5101402805611,0.942956492745904,0.878713137326165,1.01189672652136,-0.0587351344799366,-0.129296785725863,0.0118265167659899,"Primary national pool (n=63)",63
34.8622845691383,0.941793650746068,0.877076945150688,1.01128559528288,-0.05996908281139,-0.131160553684725,0.0112223880619447,"Primary national pool (n=63)",63
35.2144288577154,0.940569295057239,0.875047698313832,1.01099700108826,-0.0612699540001476,-0.133476881751602,0.0109369737513066,"Primary national pool (n=63)",63
35.5665731462926,0.939284635075571,0.872615975955597,1.01104684076279,-0.0626367199611186,-0.136259710007788,0.0109862700855508,"Primary national pool (n=63)",63
35.9187174348697,0.937940886632724,0.869779182269255,1.01144419727563,-0.0640683526092122,-0.139515913033216,0.0113792078147912,"Primary national pool (n=63)",63
36.2708617234469,0.936539271301382,0.866541315738791,1.01219156058581,-0.0655638238593377,-0.143245489787433,0.0121178420687579,"Primary national pool (n=63)",63
36.623006012024,0.935081015712403,0.86291227112704,1.01328551603945,-0.0671221056264043,-0.147442248770473,0.0131980375176645,"Primary national pool (n=63)",63
36.9751503006012,0.933567350883924,0.858906812852319,1.01471776168841,-0.0687421698253211,-0.152094846174449,0.0146105065238068,"Primary national pool (n=63)",63
37.3272945891784,0.931999511562739,0.85454338827615,1.0164762860145,-0.0704229883709973,-0.157188001500054,0.0163420247580594,"Primary national pool (n=63)",63
37.6794388777555,0.93037873557823,0.849842937714839,1.01854654925261,-0.0721635331783422,-0.16270372573056,0.0183766593738757,"Primary national pool (n=63)",63
38.0315831663327,0.928706263209126,0.844827818442501,1.02091255104967,-0.0739627761622649,-0.168622437544707,0.0206968852201771,"Primary national pool (n=63)",63
38.3837274549098,0.926983336563339,0.839520910694068,1.02355771645483,-0.0758196892376748,-0.174923894264845,0.0232845157894958,"Primary national pool (n=63)",63
38.735871743487,0.925211198971108,0.833944929222548,1.02646557668932,-0.0777332443194809,-0.181587910910863,0.0261214222719008,"Primary national pool (n=63)",63
39.0880160320641,0.923391094391663,0.828121931858353,1.02962025324995,-0.0797024133225925,-0.188594874740175,0.0291900480949901,"Primary national pool (n=63)",63
39.4401603206413,0.921524266833595,0.822072998034469,1.03300677238348,-0.081726168161919,-0.195926082474192,0.0324737461503543,"Primary national pool (n=63)",63
39.7923046092184,0.919611959789116,0.815818042930215,1.03661124427904,-0.0838034807523691,-0.203563935488368,0.03595697398363,"Primary national pool (n=63)",63
40.1444488977956,0.917655415682358,0.809375733041598,1.04042094116983,-0.0859333230088526,-0.211492028406183,0.0396253823884782,"Primary national pool (n=63)",63
40.4965931863727,0.915655875331851,0.802763473194715,1.04442430432603,-0.0881146668462783,-0.219695162354276,0.0434658286617193,"Primary national pool (n=63)",63
40.8487374749499,0.913614577427301,0.795997440793248,1.04861090414544,-0.0903464841795555,-0.228159308226782,0.0474663398676713,"Primary national pool (n=63)",63
41.200881763527,0.911532758020776,0.789092648913796,1.05297137172511,-0.0926277469235935,-0.236871539283869,0.0516160454366825,"Primary national pool (n=63)",63
41.5530260521042,0.909411650032375,0.782063024970572,1.05749731518854,-0.0949574269933015,-0.245819947092871,0.0559050931062682,"Primary national pool (n=63)",63
41.9051703406814,0.907252482770473,0.774921495792585,1.062181229921,-0.0973344963035885,-0.254993550511055,0.0603245579038778,"Primary national pool (n=63)",63
42.2573146292585,0.90505648146657,0.767680073095405,1.06701640872584,-0.0997579267693641,-0.26438220411483,0.0648663505761022,"Primary national pool (n=63)",63
42.6094589178357,0.902824866824811,0.760349935616444,1.07199685562729,-0.102226690305537,-0.273976510071882,0.0695231294608081,"Primary national pool (n=63)",63
42.9616032064128,0.900558854586184,0.752941505787522,1.07711720543992,-0.104739758827017,-0.283767735756688,0.0742882181026542,"Primary national pool (n=63)",63
43.31374749499,0.898259655107412,0.745464519905848,1.08237265013712,-0.107296104248713,-0.293747738256175,0.0791555297587499,"Primary national pool (n=63)",63
43.6658917835671,0.895928472954547,0.737928091474412,1.08775887234061,-0.109894698485534,-0.303908896155502,0.0841194991844347,"Primary national pool (n=63)",63
44.0180360721443,0.893566506511232,0.730340767825811,1.09327198580967,-0.112534513452389,-0.314244048518534,0.0891750216137559,"Primary national pool (n=63)",63
44.3701803607214,0.89117494760161,0.722710580403232,1.0989084825486,-0.115214521064188,-0.324746440696269,0.0943173985678925,"Primary national pool (n=63)",63
44.7223246492986,0.888754981127846,0.715045089209151,1.10466518601391,-0.11793369323584,-0.335409676445463,0.0995422899737827,"Primary national pool (n=63)",63
45.0744689378757,0.886307784722195,0.707351421989521,1.11053920984526,-0.120691001882254,-0.346227675773819,0.104845672009311,"Primary national pool (n=63)",63
45.4266132264529,0.883834528413557,0.699636308728293,1.11652792153671,-0.123485418918339,-0.357194637915839,0.110223800079161,"Primary national pool (n=63)",63
45.7787575150301,0.881336374308444,0.691906112004436,1.12262891048746,-0.126315916259005,-0.368305008863496,0.115673176345486,"Primary national pool (n=63)",63
46.1309018036072,0.878814476286267,0.684166853724472,1.12883995991033,-0.12918146581916,-0.379553452913998,0.121190521275678,"Primary national pool (n=63)",63
46.4830460921844,0.876269979708849,0.676424238696568,1.13515902212279,-0.132081039513714,-0.39093482774381,0.126772748716382,"Primary national pool (n=63)",63
46.8351903807615,0.873704021144055,0.668683675463062,1.1415841967948,-0.135013609257576,-0.402444162567937,0.132416944052785,"Primary national pool (n=63)",63
47.1873346693387,0.871117728103427,0.660950294759996,1.1481137117756,-0.137978146965656,-0.414076638992692,0.138120345061381,"Primary national pool (n=63)",63
47.5394789579158,0.86851221879369,0.653228965926932,1.15474590616717,-0.140973624552862,-0.425827574216645,0.143880325110922,"Primary national pool (n=63)",63
47.891623246493,0.865888601882005,0.645524311548761,1.16147921535336,-0.143999013934103,-0.43769240627724,0.149694378409033,"Primary national pool (n=63)",63
48.2437675350701,0.863247976274819,0.637840720573874,1.16831215773133,-0.14705328702429,-0.449666681079087,0.155560107030508,"Primary national pool (n=63)",63
48.5959118236473,0.86059143091017,0.630182360119959,1.17524332292486,-0.15013541573833,-0.461746040974298,0.161475209497637,"Primary national pool (n=63)",63
48.9480561122244,0.85792004456329,0.622553186149505,1.18227136128852,-0.153244371991134,-0.473926214695431,0.167437470713162,"Primary national pool (n=63)",63
49.3002004008016,0.855234885665336,0.614956953171703,1.18939497453699,-0.156379127697611,-0.486203008468132,0.173444753072911,"Primary national pool (n=63)",63
49.6523446893788,0.852537012135092,0.60739722310529,1.19661290735641,-0.159538654772669,-0.498572298153593,0.179494988608255,"Primary national pool (n=63)",63
50.0044889779559,0.84982747122346,0.599877373417792,1.20392393987341,-0.162721925131218,-0.51103002229096,0.185586172028524,"Primary national pool (n=63)",63
50.3566332665331,0.84710729937056,0.592400604640078,1.21132688087458,-0.165927910688167,-0.523572175927167,0.191716354550832,"Primary national pool (n=63)",63
50.7087775551102,0.844377522075263,0.584969947340967,1.21882056168329,-0.169155583358426,-0.536194805136593,0.197883638419741,"Primary national pool (n=63)",63
51.0609218436874,0.841639153776957,0.577588268634329,1.22640383061321,-0.172403915056903,-0.548894002145917,0.20408617203211,"Primary national pool (n=63)",63
51.4130661322645,0.838893197749363,0.570258278280687,1.23407554792876,-0.175671877698508,-0.561665900990633,0.210322145593617,"Primary national pool (n=63)",63
51.7652104208417,0.836140646006196,0.562982534436261,1.24183458125167,-0.17895844319815,-0.574506673639348,0.216589787243047,"Primary national pool (n=63)",63
52.1173547094188,0.833382479218481,0.555763449094651,1.24967980136106,-0.182262583470738,-0.587412526530237,0.222887359588761,"Primary national pool (n=63)",63
52.469498997996,0.830619666643309,0.548603293259741,1.25761007834123,-0.185583270431182,-0.60037969747124,0.229213156608876,"Primary national pool (n=63)",63
52.8216432865731,0.827853166063846,0.541504201882694,1.26562427803727,-0.18891947599439,-0.613404452861698,0.235565500872918,"Primary national pool (n=63)",63
53.1737875751503,0.825083923740365,0.53446817859101,1.27372125878375,-0.192270172075272,-0.626483085198553,0.24194274104801,"Primary national pool (n=63)",63
53.5259318637274,0.822312874372113,0.527497100233459,1.28189986837625,-0.195634330588737,-0.639611910834781,0.248343249657308,"Primary national pool (n=63)",63
53.8780761523046,0.819540941069789,0.520592721261099,1.29015894125937,-0.199010923449694,-0.65278726796179,0.254765421062402,"Primary national pool (n=63)",63
54.2302204408818,0.816769035338434,0.513756677961502,1.29849729590798,-0.202398922573052,-0.666005514790961,0.261207669644856,"Primary national pool (n=63)",63
54.5823647294589,0.813998057070501,0.506990492560705,1.30691373238171,-0.205797299873722,-0.67926302791253,0.267668428165087,"Primary national pool (n=63)",63
54.9345090180361,0.811228894548919,0.500295577205124,1.31540703003505,-0.209205027266611,-0.692556200812635,0.274146146279413,"Primary national pool (n=63)",63
55.2866533066132,0.808462424459914,0.493673237833758,1.32397594536753,-0.212621076666629,-0.705881442531622,0.280639289198364,"Primary national pool (n=63)",63
55.6387975951904,0.805699511915388,0.487124677949371,1.33261921000061,-0.216044419988685,-0.719235176448715,0.287146336471344,"Primary national pool (n=63)",63
55.9909418837675,0.802941010484645,0.480651002295895,1.34133552876939,-0.219474029147689,-0.732613839179872,0.293665780884493,"Primary national pool (n=63)",63
56.3430861723447,0.800187762235242,0.474253220448172,1.35012357791889,-0.22290887605855,-0.74601387957716,0.300196127460061,"Primary national pool (n=63)",63
56.6952304609218,0.797440597782765,0.467932250319065,1.35898200339585,-0.226347932636176,-0.759431757819351,0.306735892546998,"Primary national pool (n=63)",63
57.047374749499,0.794700336349317,0.461688921588158,1.36790941922813,-0.229790170795478,-0.772863944584542,0.313283602993587,"Primary national pool (n=63)",63
57.3995190380761,0.791967785830512,0.455523979055508,1.37690440598486,-0.233234562451364,-0.786306920296698,0.319837795393971,"Primary national pool (n=63)",63
57.7516633266533,0.789243742870766,0.449438085923326,1.38596550931138,-0.236680079518743,-0.799757174438836,0.32639701540135,"Primary national pool (n=63)",63
58.1038076152305,0.786528892942856,0.443431645208575,1.39509145573707,-0.240125821058297,-0.813211614909132,0.332959972792537,"Primary national pool (n=63)",63
58.4559519038076,0.783823381473775,0.437504039274106,1.4042821052906,-0.243571562743224,-0.82666934060056,0.339526215114112,"Primary national pool (n=63)",63
58.8080961923848,0.781127176455322,0.431654324981951,1.41353770942195,-0.247017304428151,-0.840130184700736,0.346095575844434,"Primary national pool (n=63)",63
59.1602404809619,0.778440245875057,0.425881563268379,1.42285853312733,-0.250463046113078,-0.853593991864392,0.352667899638236,"Primary national pool (n=63)",63
59.5123847695391,0.775762557830657,0.420184820010063,1.43224485386585,-0.253908787798005,-0.867060616854285,0.359243041258276,"Primary national pool (n=63)",63
59.8645290581162,0.773094080529536,0.414563166600824,1.44169696080429,-0.257354529482932,-0.880529923735469,0.365820864769606,"Primary national pool (n=63)",63
60.2166733466934,0.770434782288469,0.409015680458407,1.45121515413452,-0.260800271167858,-0.894001785145126,0.372401242809409,"Primary national pool (n=63)",63
60.5688176352705,0.767784631533218,0.403541445469046,1.46079974445603,-0.264246012852785,-0.907476081629858,0.378984055924287,"Primary national pool (n=63)",63
60.9209619238477,0.765143596798149,0.398139552376648,1.4704510522164,-0.267691754537712,-0.920952701043293,0.385569191967868,"Primary national pool (n=63)",63
61.2731062124248,0.76251164672587,0.392809099122599,1.48016940720391,-0.271137496222639,-0.934431537997726,0.392156545552448,"Primary national pool (n=63)",63
61.625250501002,0.759888750066848,0.387549191141506,1.48995514808678,-0.274583237907566,-0.947912493364248,0.398746017549116,"Primary national pool (n=63)",63
61.9773947895791,0.757274875679044,0.382358941617567,1.49980862199448,-0.278028979592493,-0.961395473816437,0.405337514631452,"Primary national pool (n=63)",63
62.3295390781563,0.754669992527543,0.377237471705695,1.50973018413675,-0.28147472127742,-0.974880391413275,0.411930948858435,"Primary national pool (n=63)",63
62.6816833667335,0.752074069684181,0.372183910721117,1.51972019745676,-0.284920462962347,-0.988367163217411,0.418526237292718,"Primary national pool (n=63)",63
63.0338276553106,0.749487076327185,0.367197396300683,1.52977903231507,-0.288366204647274,-1.00185571094535,0.425123301650807,"Primary national pool (n=63)",63
63.3859719438878,0.746908981740801,0.36227707453882,1.53990706620135,-0.2918119463322,-1.01534596064651,0.431722067982105,"Primary national pool (n=63)",63
63.7381162324649,0.744339755314931,0.357422100100706,1.55010468347141,-0.295257688017127,-1.02883784240833,0.438322466374078,"Primary national pool (n=63)",63
64.0902605210421,0.741779366544772,0.352631636314998,1.56037227510707,-0.298703429702054,-1.04233129008521,0.444924430681101,"Primary national pool (n=63)",63
64.4424048096192,0.739227785030449,0.347904855248163,1.57071023849676,-0.302149171386981,-1.05582624104878,0.451527898274814,"Primary national pool (n=63)",63
64.7945490981964,0.736684980476658,0.343240937762271,1.58111897723509,-0.305594913071908,-1.06932263595782,0.458132809814008,"Primary national pool (n=63)",63
65.1466933867735,0.734150922692307,0.338639073557911,1.59159890093957,-0.309040654756835,-1.08282041854598,0.464739109032306,"Primary national pool (n=63)",63
65.4988376753507,0.731625581590154,0.334098461203712,1.60215042508308,-0.312486396441762,-1.09631953542557,0.471346742542043,"Primary national pool (n=63)",63
65.8509819639278,0.72910892718645,0.329618308153809,1.61277397084059,-0.315932138126689,-1.10981993590632,0.477955659652938,"Primary national pool (n=63)",63
66.203126252505,0.726600929600588,0.325197830754452,1.62346996494905,-0.319377879811616,-1.12332157182749,0.484565812204264,"Primary national pool (n=63)",63
66.5552705410822,0.724101559054741,0.320836254240843,1.63423883957924,-0.322823621496542,-1.13682439740245,0.491177154409362,"Primary national pool (n=63)",63
66.9074148296593,0.721610785873515,0.316532812725177,1.6450810322186,-0.326269363181469,-1.15032836907441,0.497789642711471,"Primary national pool (n=63)",63
67.2595591182365,0.719128580483592,0.312286749176764,1.65599698556414,-0.329715104866396,-1.16383344538269,0.504403235649902,"Primary national pool (n=63)",63
67.6117034068136,0.716654913413381,0.308097315395023,1.66698714742464,-0.333160846551323,-1.17733958683837,0.511017893735722,"Primary national pool (n=63)",63
67.9638476953908,0.714189755292669,0.303963771976085,1.67805197063133,-0.33660658823625,-1.19084675580866,0.517633579336157,"Primary national pool (n=63)",63
68.3159919839679,0.71173307685227,0.299885388273623,1.68919191295641,-0.340052329921177,-1.20435491640938,0.524250256567029,"Primary national pool (n=63)",63
68.6681362725451,0.709284848923677,0.295861442354532,1.70040743703884,-0.343498071606104,-1.21786403440476,0.530867891192555,"Primary national pool (n=63)",63
69.0202805611222,0.70684504243872,0.291891220949969,1.7116990103167,-0.346943813291031,-1.23137407711402,0.537486450531959,"Primary national pool (n=63)",63
69.3724248496994,0.704413628429217,0.287974019402247,1.72306710496587,-0.350389554975958,-1.24488501332426,0.544105903372344,"Primary national pool (n=63)",63
69.7245691382765,0.70199057802663,0.284109141608024,1.73451219784419,-0.353835296660884,-1.25839681320911,0.550726219887341,"Primary national pool (n=63)",63
70.0767134268537,0.699575862461724,0.280295899958179,1.74603477044112,-0.357281038345811,-1.27190944825274,0.557347371561113,"Primary national pool (n=63)",63
70.4288577154309,0.697169453064225,0.276533615274744,1.75763530883206,-0.360726780030738,-1.28542289117876,0.563969331117281,"Primary national pool (n=63)",63
70.781002004008,0.69477132126248,0.272821616745226,1.76931430363741,-0.364172521715665,-1.29893711588375,0.570592072452419,"Primary national pool (n=63)",63
71.1331462925852,0.692381438583115,0.269159241854609,1.78107224998567,-0.367618263400592,-1.31245209737498,0.577215570573791,"Primary national pool (n=63)",63
71.4852905811623,0.689999776650702,0.265545836315314,1.79290964748055,-0.371064005085519,-1.32596781171203,0.58383980154099,"Primary national pool (n=63)",63
71.8374348697395,0.687626307187417,0.261980753995381,1.8048270001717,-0.374509746770446,-1.33948423595211,0.59046474241122,"Primary national pool (n=63)",63
72.1895791583166,0.685261002012707,0.25846335684507,1.81682481652879,-0.377955488455373,-1.3530013480987,0.597090371187953,"Primary national pool (n=63)",63
72.5417234468938,0.682903833042954,0.254993014822125,1.82890360941877,-0.3814012301403,-1.36651912705331,0.603716666772716,"Primary national pool (n=63)",63
72.8938677354709,0.680554772291144,0.251569105815856,1.84106389608616,-0.384846971825227,-1.38003755257025,0.610343608919792,"Primary national pool (n=63)",63
73.2460120240481,0.678213791866532,0.248191015570241,1.85330619813594,-0.388292713510153,-1.39355660521394,0.616971178193636,"Primary national pool (n=63)",63
73.5981563126252,0.675880863974312,0.244858137606184,1.86563104151914,-0.39173845519508,-1.40707626631897,0.623599355928806,"Primary national pool (n=63)",63
73.9503006012024,0.673555960915287,0.241569873143086,1.87803895652085,-0.395184196880007,-1.42059651795226,0.63022812419225,"Primary national pool (n=63)",63
74.3024448897796,0.67123905508554,0.238325631019857,1.89053047775037,-0.398629938564934,-1.43411734287766,0.636857465747789,"Primary national pool (n=63)",63
74.6545891783567,0.668930118976106,0.235124827615486,1.90310614413361,-0.402075680249861,-1.44763872452235,0.643487364022632,"Primary national pool (n=63)",63
75.0067334669339,0.666629125172647,0.231966886769283,1.91576649890744,-0.405521421934788,-1.46116064694539,0.650117803075812,"Primary national pool (n=63)",63
75.358877755511,0.664336046355123,0.228851239700893,1.92851208961589,-0.408967163619715,-1.47468309480783,0.6567487675684,"Primary national pool (n=63)",63
75.7110220440882,0.662050855297472,0.225777324930169,1.94134346810815,-0.412412905304642,-1.48820605334467,0.663380242735389,"Primary national pool (n=63)",63
76.0631663326653,0.659773524867283,0.222744588196997,1.95426119053817,-0.415858646989568,-1.50172950833826,0.670012214359128,"Primary national pool (n=63)",63
76.4153106212425,0.657504028025476,0.219752482381138,1.96726581736595,-0.419304388674495,-1.51525344609322,0.676644668744232,"Primary national pool (n=63)",63
76.7674549098196,0.655242337825979,0.216800467422162,1.98035791336014,-0.422750130359422,-1.52877785341269,0.683277592693843,"Primary national pool (n=63)",63
77.1195991983968,0.652988427415413,0.213888010239543,1.99353804760218,-0.426195872044349,-1.54230271757588,0.689910973487179,"Primary national pool (n=63)",63
77.4717434869739,0.650742270032765,0.211014584652962,2.00680679349171,-0.429641613729276,-1.55582802631684,0.696544798858285,"Primary national pool (n=63)",63
77.8238877755511,0.648503839009079,0.20817967130288,2.02016472875321,-0.433087355414203,-1.56935376780432,0.70317905697591,"Primary national pool (n=63)",63
78.1760320641282,0.646273107767132,0.205382757571421,2.03361243544383,-0.43653309709913,-1.5828799306227,0.709813736424438,"Primary national pool (n=63)",63
78.5281763527054,0.644050049821123,0.20262333750362,2.04715049996242,-0.439978838784057,-1.59640650375393,0.71644882618582,"Primary national pool (n=63)",63
78.8803206412826,0.641834638776357,0.199900911729065,2.06077951305952,-0.443424580468984,-1.6099334765604,0.723084315622428,"Primary national pool (n=63)",63
79.2324649298597,0.639626848328933,0.197214987383968,2.07450006984846,-0.446870322153911,-1.62346083876863,0.729720194460805,"Primary national pool (n=63)",63
79.5846092184369,0.637426652265428,0.194565078033713,2.08831276981735,-0.450316063838837,-1.6369885804539,0.736356452776221,"Primary national pool (n=63)",63
79.936753507014,0.635234024462591,0.191950703595891,2.10221821684209,-0.453761805523764,-1.65051669202555,0.742993080978023,"Primary national pool (n=63)",63
80.2888977955912,0.633048938887027,0.189371390263867,2.11621701920016,-0.457207547208691,-1.66404516421309,0.749630069795706,"Primary national pool (n=63)",63
80.6410420841683,0.630871369594894,0.186826670430879,2.13030978958534,-0.460653288893618,-1.67757398805291,0.756267410265678,"Primary national pool (n=63)",63
80.9931863727455,0.628701290731589,0.184316082614727,2.14449714512316,-0.464099030578545,-1.69110315487577,0.762905093718682,"Primary national pool (n=63)",63
81.3453306613226,0.626538676531448,0.181839171383027,2.15877970738718,-0.467544772263472,-1.70463265629476,0.769543111767818,"Primary national pool (n=63)",63
81.6974749498998,0.624383501317431,0.179395487279088,2.17315810241599,-0.470990513948399,-1.71816248419395,0.776181456297157,"Primary national pool (n=63)",63
82.0496192384769,0.622235739500827,0.176984586748402,2.1876329607309,-0.474436255633326,-1.73169263071754,0.782820119450889,"Primary national pool (n=63)",63
82.4017635270541,0.620095365580941,0.174606032065765,2.20220491735436,-0.477881997318252,-1.74522308825951,0.789459093623005,"Primary national pool (n=63)",63
82.7539078156313,0.6179623541448,0.172259391263056,2.21687461182898,-0.481327739003179,-1.7587538494538,0.796098371447444,"Primary national pool (n=63)",63
83.1060521042084,0.615836679866843,0.169944238057658,2.23164268823722,-0.484773480688106,-1.77228490716493,0.80273794578872,"Primary national pool (n=63)",63
83.4581963927856,0.613718317508626,0.167660151781557,2.24650979522167,-0.488219222373033,-1.78581625447905,0.80937780973298,"Primary national pool (n=63)",63
83.8103406813627,0.611607241918521,0.16540671731111,2.26147658600595,-0.49166496405796,-1.79934788469539,0.816017956579467,"Primary national pool (n=63)",63
84.1624849699399,0.609503428031415,0.163183524997494,2.27654371841612,-0.495110705742887,-1.81287979131816,0.822658379832383,"Primary national pool (n=63)",63
84.514629258517,0.607406850868416,0.160990170597843,2.29171185490271,-0.498556447427814,-1.82641196804875,0.829299073193119,"Primary national pool (n=63)",63
84.8667735470942,0.605317485536554,0.15882625520707,2.30698166256321,-0.502002189112741,-1.83994440877832,0.835940030552836,"Primary national pool (n=63)",63
85.2189178356713,0.603235307228487,0.156691385190397,2.32235381316515,-0.505447930797668,-1.85347710758071,0.842581245985375,"Primary national pool (n=63)",63
85.5710621242485,0.601160291222203,0.154585172116564,2.3378289831696,-0.508893672482595,-1.86701005870568,0.849222713740487,"Primary national pool (n=63)",63
85.9232064128256,0.599092412880732,0.152507232691755,2.35340785375526,-0.512339414167521,-1.8805432565724,0.855864428237355,"Primary national pool (n=63)",63
86.2753507014028,0.59703164765185,0.150457188694217,2.3690911108429,-0.515785155852448,-1.89407669576331,0.862506384058412,"Primary national pool (n=63)",63
86.6274949899799,0.594977971067787,0.148434666909578,2.38487944512037,-0.519230897537375,-1.90761037101816,0.869148575943412,"Primary national pool (n=63)",63
86.9796392785571,0.592931358744937,0.14643929906687,2.40077355206799,-0.522676639222302,-1.92114427722837,0.87579099878377,"Primary national pool (n=63)",63
87.3317835671343,0.590891786383572,0.14447072177526,2.41677413198443,-0.526122380907229,-1.93467840943159,0.882433647617135,"Primary national pool (n=63)",63
87.6839278557114,0.588859229767546,0.142528576461465,2.43288189001297,-0.529568122592156,-1.94821276280652,0.889076517622205,"Primary national pool (n=63)",63
88.0360721442886,0.586833664764017,0.140612509307884,2.44909753616819,-0.533013864277083,-1.96174733266791,0.895719604113748,"Primary national pool (n=63)",63
88.3882164328657,0.584815067323151,0.138722171191413,2.46542178536312,-0.536459605962009,-1.97528211446186,0.902362902537842,"Primary national pool (n=63)",63
88.7403607214429,0.582803413477843,0.13685721762296,2.48185535743672,-0.539905347646937,-1.98881710376119,0.909006408467312,"Primary national pool (n=63)",63
89.09250501002,0.580798679343432,0.135017308687655,2.49839897718178,-0.543351089331863,-2.00235229626108,0.915650117597349,"Primary national pool (n=63)",63
89.4446492985972,0.578800841117412,0.133202108985742,2.51505337437325,-0.54679683101679,-2.0158876877749,0.92229402574132,"Primary national pool (n=63)",63
89.7967935871743,0.576809875079156,0.131411287574158,2.53181928379688,-0.550242572701717,-2.02942327423017,0.928938128826738,"Primary national pool (n=63)",63
90.1489378757515,0.57482575758963,0.129644517908799,2.5486974452783,-0.553688314386644,-2.04295905166469,0.935582422891405,"Primary national pool (n=63)",63
90.5010821643286,0.572848465091114,0.127901477787455,2.56568860371238,-0.557134056071571,-2.05649501622284,0.942226904079702,"Primary national pool (n=63)",63
90.8532264529058,0.570877974106924,0.126181849293429,2.58279350909305,-0.560579797756498,-2.07003116415203,0.948871568639038,"Primary national pool (n=63)",63
91.205370741483,0.568914261241129,0.124485318739812,2.60001291654345,-0.564025539441425,-2.08356749179927,0.955516412916424,"Primary national pool (n=63)",63
91.5575150300601,0.566957303178276,0.122811576614435,2.61734758634636,-0.567471281126352,-2.09710399560791,0.962161433355204,"Primary national pool (n=63)",63
91.9096593186373,0.565007076683114,0.121160317525476,2.63479828397506,-0.570917022811279,-2.11064067211445,0.968806626491895,"Primary national pool (n=63)",63
92.2618036072144,0.563063558600315,0.119531240147716,2.65236578012454,-0.574362764496206,-2.12417751794557,0.975451988953155,"Primary national pool (n=63)",63
92.6139478957916,0.561126725854204,0.117924047169456,2.67005085074296,-0.577808506181132,-2.13771452981515,0.982097517452881,"Primary national pool (n=63)",63
92.9660921843687,0.559196555448479,0.11633844524007,2.68785427706354,-0.581254247866059,-2.15125170452152,0.988743208789399,"Primary national pool (n=63)",63
93.3182364729459,0.557273024465942,0.114774144918199,2.70577684563675,-0.584699989550986,-2.16478903894475,0.99538905984278,"Primary national pool (n=63)",63
93.670380761523,0.555356110068226,0.113230860620581,2.72381934836281,-0.588145731235913,-2.17832653004407,1.00203506757224,"Primary national pool (n=63)",63
94.0225250501002,0.553445789495524,0.11170831057151,2.74198258252455,-0.59159147292084,-2.19186417485534,1.00868122901366,"Primary national pool (n=63)",63
94.3746693386773,0.551542040066317,0.110206216752911,2.76026735082056,-0.595037214605767,-2.2054019704887,1.01532754127716,"Primary national pool (n=63)",63
94.7268136272545,0.549644839177109,0.108724304855041,2.77867446139872,-0.598482956290694,-2.21893991412623,1.02197400154484,"Primary national pool (n=63)",63
95.0789579158317,0.547754164302152,0.107262304227791,2.79720472788996,-0.601928697975621,-2.23247800301974,1.0286206070685,"Primary national pool (n=63)",63
95.4311022044088,0.545869992993186,0.105819947832608,2.81585896944244,-0.605374439660547,-2.24601623448862,1.03526735516752,"Primary national pool (n=63)",63
95.783246492986,0.543992302879166,0.104396972194999,2.83463801075597,-0.608820181345474,-2.25955460591778,1.04191424322683,"Primary national pool (n=63)",63
96.1353907815631,0.542121071666001,0.102993117357641,2.85354268211679,-0.612265923030401,-2.27309311475565,1.04856126869485,"Primary national pool (n=63)",63
96.4875350701403,0.540256277136286,0.101608126834076,2.87257381943264,-0.615711664715328,-2.28663175851229,1.05520842908164,"Primary national pool (n=63)",63
96.8396793587174,0.538397897149041,0.100241747562986,2.89173226426815,-0.619157406400255,-2.30017053475753,1.06185572195702,"Primary national pool (n=63)",63
97.1918236472946,0.536545909639446,0.0988937298630422,2.91101886388053,-0.622603148085182,-2.31370944111915,1.06850314494879,"Primary national pool (n=63)",63
97.5439679358717,0.534700292618581,0.0975638273883307,2.93043447125561,-0.626048889770109,-2.32724847528124,1.07515069574102,"Primary national pool (n=63)",63
97.8961122244489,0.532861024173162,0.0962517970843348,2.94997994514414,-0.629494631455035,-2.34078763498247,1.0817983720724,"Primary national pool (n=63)",63
98.248256513026,0.531028082465284,0.0949573991444798,2.96965615009843,-0.632940373139962,-2.35432691801453,1.08844617173461,"Primary national pool (n=63)",63
98.6004008016032,0.529201445732159,0.0936803969672271,2.98946395650928,-0.636386114824889,-2.36786632222058,1.0950940925708,"Primary national pool (n=63)",63
98.9525450901803,0.52738109228586,0.0924205571137158,3.00940424064323,-0.639831856509816,-2.38140584549374,1.10174213247411,"Primary national pool (n=63)",63
99.3046893787575,0.525567000513062,0.0911776492659431,3.02947788468013,-0.643277598194743,-2.39494548577569,1.10839028938621,"Primary national pool (n=63)",63
99.6568336673347,0.523759148874785,0.0899514461854801,3.04968577675098,-0.64672333987967,-2.40848524105525,1.11503856129591,"Primary national pool (n=63)",63
100.008977955912,0.521957515906142,0.0887417236727136,3.0700288109761,-0.650169081564597,-2.42202510936703,1.12168694623784,"Primary national pool (n=63)",63
100.361122244489,0.520162080216077,0.0875482605266118,3.09050788750363,-0.653614823249524,-2.43556508879018,1.12833544229113,"Primary national pool (n=63)",63
100.713266533066,0.518372820487118,0.0863708385050057,3.11112391254829,-0.657060564934451,-2.44910517744709,1.13498404757819,"Primary national pool (n=63)",63
101.065410821643,0.516589715475121,0.0852092422853801,3.13187779843048,-0.660506306619378,-2.46264537350219,1.14163276026344,"Primary national pool (n=63)",63
101.41755511022,0.514812744009015,0.0840632594261703,3.15277046361568,-0.663952048304305,-2.47618567516082,1.14828157855221,"Primary national pool (n=63)",63
101.769699398798,0.513041884990558,0.0829326803285562,3.17380283275413,-0.667397789989231,-2.48972608066804,1.15493050068957,"Primary national pool (n=63)",63
102.121843687375,0.511277117394078,0.0818172981987509,3.19497583672091,-0.670843531674158,-2.50326658830756,1.16157952495924,"Primary national pool (n=63)",63
102.473987975952,0.50951842026623,0.0807169090107746,3.21629041265617,-0.674289273359085,-2.51680719640071,1.16822864968254,"Primary national pool (n=63)",63
102.826132264529,0.507765772725744,0.0796313114697118,3.23774750400585,-0.677735015044012,-2.53034790330537,1.17487787321735,"Primary national pool (n=63)",63
103.178276553106,0.506019153963176,0.0785603069754425,3.25934806056256,-0.681180756728939,-2.54388870741502,1.18152719395714,"Primary national pool (n=63)",63
103.530420841683,0.504278543240664,0.077503699586845,3.28109303850688,-0.684626498413866,-2.55742960715774,1.18817661033001,"Primary national pool (n=63)",63
103.882565130261,0.50254391989168,0.076461295986463,3.30298340044887,-0.688072240098793,-2.57097060099533,1.19482612079774,"Primary national pool (n=63)",63
104.234709418838,0.500815263320786,0.0754329054456307,3.32502011547,-0.69151798178372,-2.58451168742237,1.20147572385493,"Primary national pool (n=63)",63
104.586853707415,0.499092553003388,0.0744183397900522,3.3472041591653,-0.694963723468647,-2.59805286496539,1.2081254180281,"Primary national pool (n=63)",63
104.938997995992,0.49737576848549,0.0734174133658295,3.36953651368588,-0.698409465153573,-2.61159413218199,1.21477520187484,"Primary national pool (n=63)",63
105.291142284569,0.495664889383458,0.072429943005932,3.39201816778173,-0.7018552068385,-2.62513548766004,1.22142507398304,"Primary national pool (n=63)",63
105.643286573146,0.493959895383772,0.0714557479971035,3.41465011684487,-0.705300948523427,-2.63867693001691,1.22807503297006,"Primary national pool (n=63)",63
105.995430861723,0.492260766242786,0.070494650047202,3.43743336295281,-0.708746690208354,-2.65221845789868,1.23472507748197,"Primary national pool (n=63)",63
106.347575150301,0.49056748178649,0.0695464732529649,3.46036891491228,-0.712192431893281,-2.66576006997941,1.24137520619284,"Primary national pool (n=63)",63
106.699719438878,0.488880021910267,0.0686110440681967,3.48345778830334,-0.715638173578208,-2.67930176496039,1.24802541780398,"Primary national pool (n=63)",63
107.051863727455,0.487198366578657,0.067688191272372,3.50670100552376,-0.719083915263135,-2.69284354156952,1.25467571104325,"Primary national pool (n=63)",63
107.404008016032,0.485522495825119,0.0667777459396504,3.53009959583381,-0.722529656948061,-2.70638539856054,1.26132608466442,"Primary national pool (n=63)",63
107.756152304609,0.483852389751791,0.0658795414082967,3.55365459540124,-0.725975398632989,-2.71992733471246,1.26797653744648,"Primary national pool (n=63)",63
108.108296593186,0.482188028529259,0.0649934132505029,3.57736704734667,-0.729421140317916,-2.73346934882885,1.27462706819302,"Primary national pool (n=63)",63
108.460440881764,0.480529392396316,0.0641191992426053,3.60123800178934,-0.732866882002842,-2.74701143973727,1.28127767573159,"Primary national pool (n=63)",63
108.812585170341,0.478876461659729,0.0632567393356931,3.62526851589306,-0.736312623687769,-2.76055360628869,1.28792835891315,"Primary national pool (n=63)",63
109.164729458918,0.47722921669401,0.0624058756266034,3.64945965391262,-0.739758365372696,-2.77409584735685,1.29457911661145,"Primary national pool (n=63)",63
109.516873747495,0.475587637941175,0.0615664523292971,3.67381248724046,-0.743204107057623,-2.78763816183773,1.30122994772249,"Primary national pool (n=63)",63
109.869018036072,0.473951705910517,0.0607383157466112,3.69832809445366,-0.74664984874255,-2.80118054864903,1.30788085116393,"Primary national pool (n=63)",63
110.221162324649,0.472321401178376,0.0599213142423839,3.72300756136134,-0.750095590427477,-2.81472300672959,1.31453182587464,"Primary national pool (n=63)",63
110.573306613226,0.4706967043879,0.059115298213945,3.74785198105229,-0.753541332112404,-2.82826553503891,1.32118287081411,"Primary national pool (n=63)",63
110.925450901804,0.469077596248827,0.058320120064971,3.77286245394302,-0.756987073797331,-2.84180813255664,1.32783398496198,"Primary national pool (n=63)",63
111.277595190381,0.467464057537247,0.0575356341786962,3.79804008782611,-0.760432815482257,-2.85535079828208,1.33448516731757,"Primary national pool (n=63)",63
111.629739478958,0.465856069095376,0.0567616968914782,3.82338599791891,-0.763878557167184,-2.86889353123375,1.34113641689938,"Primary national pool (n=63)",63
111.981883767535,0.46425361183133,0.0559981664667118,3.84890130691258,-0.767324298852111,-2.88243633044887,1.34778773274465,"Primary national pool (n=63)",63
112.334028056112,0.462656666718898,0.0552449030690874,3.87458714502143,-0.770770040537038,-2.89597919498298,1.3544391139089,"Primary national pool (n=63)",63
112.686172344689,0.461065214797315,0.05450176873919,3.90044465003272,-0.774215782221965,-2.90952212390946,1.36109055946553,"Primary national pool (n=63)",63
113.038316633267,0.459479237171037,0.0537686273684325,3.92647496735666,-0.777661523906892,-2.92306511631915,1.36774206850537,"Primary national pool (n=63)",63
113.390460921844,0.457898715009519,0.0530453446743219,3.95267925007689,-0.781107265591819,-2.9366081713199,1.37439364013626,"Primary national pool (n=63)",63
113.742605210421,0.456323629546988,0.0523317881760521,3.9790586590012,-0.784553007276745,-2.95015128803619,1.3810452734827,"Primary national pool (n=63)",63
114.094749498998,0.45475396208222,0.0516278271704189,4.00561436271268,-0.787998748961673,-2.96369446560876,1.38769696768542,"Primary national pool (n=63)",63
114.446893787575,0.453189693978324,0.0509333327080551,4.0323475376212,-0.7914444906466,-2.97723770319423,1.39434872190103,"Primary national pool (n=63)",63
114.799038076152,0.451630806662514,0.0502481775699798,4.05925936801522,-0.794890232331526,-2.99078099996471,1.40100053530166,"Primary national pool (n=63)",63
115.151182364729,0.450077281625889,0.0495722362444574,4.08635104611402,-0.798335974016453,-3.00432435510747,1.40765240707456,"Primary national pool (n=63)",63
115.503326653307,0.448529100423218,0.0489053849041649,4.11362377212021,-0.80178171570138,-3.01786776782459,1.41430433642183,"Primary national pool (n=63)",63
115.855470941884,0.446986244672718,0.0482475013836608,4.14107875427268,-0.805227457386307,-3.03141123733262,1.42095632256,"Primary national pool (n=63)",63
116.207615230461,0.445448696055835,0.0475984651571531,4.16871720889984,-0.808673199071234,-3.04495476286225,1.42760836471979,"Primary national pool (n=63)",63
116.559759519038,0.443916436317026,0.0469581573165624,4.1965403604733,-0.812118940756161,-3.05849834365803,1.4342604621457,"Primary national pool (n=63)",63
116.911903807615,0.442389447263547,0.0463264605498755,4.22454944166186,-0.815564682441088,-3.07204197897798,1.4409126140958,"Primary national pool (n=63)",63
117.264048096192,0.44086771076523,0.045703259119787,4.25274569338592,-0.819010424126015,-3.08558566809337,1.44756481984134,"Primary national pool (n=63)",63
117.61619238477,0.439351208754275,0.0450884388426242,4.28113036487221,-0.822456165810941,-3.09912941028839,1.4542170786665,"Primary national pool (n=63)",63
117.968336673347,0.437839923225028,0.0444818870675524,4.30970471370892,-0.825901907495868,-3.11267320485986,1.46086938986813,"Primary national pool (n=63)",63
118.320480961924,0.436333836233774,0.043883492656055,4.33847000590124,-0.829347649180795,-3.12621705111699,1.4675217527554,"Primary national pool (n=63)",63
118.672625250501,0.43483292989852,0.0432931459616886,4.3674275159272,-0.832793390865722,-3.13976094838104,1.47417416664959,"Primary national pool (n=63)",63
119.024769539078,0.433337186398784,0.0427107388101048,4.39657852679401,-0.836239132550649,-3.15330489598512,1.48082663088383,"Primary national pool (n=63)",63
119.376913827655,0.431846587975381,0.0421361644793395,4.42592433009465,-0.839684874235576,-3.16684889327393,1.48747914480278,"Primary national pool (n=63)",63
119.729058116232,0.430361116930218,0.0415693176803639,4.45546622606493,-0.843130615920503,-3.18039293960347,1.49413170776246,"Primary national pool (n=63)",63
120.08120240481,0.428880755626078,0.0410100945378932,4.48520552364094,-0.84657635760543,-3.19393703434081,1.50078431912995,"Primary national pool (n=63)",63
120.433346693387,0.427405486486412,0.040458392571452,4.51514354051686,-0.850022099290357,-3.20748117686388,1.50743697828317,"Primary national pool (n=63)",63
120.785490981964,0.425935291995132,0.0399141106766912,4.54528160320315,-0.853467840975284,-3.22102536656122,1.51408968461065,"Primary national pool (n=63)",63
121.137635270541,0.424470154696403,0.0393771491069535,4.5756210470852,-0.856913582660211,-3.23456960283174,1.52074243751132,"Primary national pool (n=63)",63
121.489779559118,0.423010057194433,0.0388474094550844,4.60616321648232,-0.860359324345137,-3.24811388508455,1.52739523639427,"Primary national pool (n=63)",63
121.841923847695,0.421554982153268,0.0383247946354859,4.63690946470714,-0.863805066030064,-3.26165821273866,1.53404808067853,"Primary national pool (n=63)",63
122.194068136273,0.420104912296589,0.0378092088664087,4.66786115412545,-0.867250807714991,-3.27520258522286,1.54070096979288,"Primary national pool (n=63)",63
122.54621242485,0.418659830407502,0.0373005576524804,4.6990196562164,-0.870696549399918,-3.28874700197548,1.54735390317564,"Primary national pool (n=63)",63
122.898356713427,0.417219719328337,0.0367987477674672,4.7303863516331,-0.874142291084845,-3.30229146244418,1.55400688027449,"Primary national pool (n=63)",63
123.250501002004,0.415784561960442,0.0363036872372645,4.76196263026374,-0.877588032769772,-3.31583596608576,1.56065990054622,"Primary national pool (n=63)",63
123.602645290581,0.414354341263982,0.0358152853231148,4.79374989129297,-0.881033774454699,-3.329380512366,1.5673129634566,"Primary national pool (n=63)",63
123.954789579158,0.412929040257736,0.0353334525050495,4.82574954326377,-0.884479516139625,-3.34292510075945,1.5739660684802,"Primary national pool (n=63)",63
124.306933867735,0.411508642018895,0.0348581004655509,4.8579630041398,-0.887925257824552,-3.35646973074924,1.58061921510014,"Primary national pool (n=63)",63
124.659078156313,0.410093129682861,0.0343891420734331,4.89039170136804,-0.891370999509479,-3.37001440182695,1.587272402808,"Primary national pool (n=63)",63
125.01122244489,0.408682486443047,0.0339264913679369,4.92303707194194,-0.894816741194406,-3.38355911349239,1.59392563110358,"Primary national pool (n=63)",63
125.363366733467,0.407276695550678,0.0334700635430377,4.955900562465,-0.898262482879333,-3.39710386525345,1.60057889949479,"Primary national pool (n=63)",63
125.715511022044,0.405875740314592,0.0330197749319626,4.98898362921478,-0.90170822456426,-3.41064865662596,1.60723220749744,"Primary national pool (n=63)",63
126.067655310621,0.40447960410104,0.0325755429919144,5.02228773820722,-0.905153966249187,-3.4241934871335,1.61388555463513,"Primary national pool (n=63)",63
126.419799599198,0.403088270333491,0.0321372862889986,5.05581436526164,-0.908599707934114,-3.43773835630726,1.62053894043904,"Primary national pool (n=63)",63
126.771943887776,0.401701722492433,0.0317049244833534,5.08956499606589,-0.912045449619041,-3.45128326368589,1.62719236444781,"Primary national pool (n=63)",63
127.124088176353,0.400319944115181,0.0312783783144763,5.12354112624221,-0.915491191303968,-3.46482820881534,1.63384582620741,"Primary national pool (n=63)",63
127.47623246493,0.398942918795675,0.0308575695867483,5.15774426141331,-0.918936932988894,-3.47837319124873,1.64049932527094,"Primary national pool (n=63)",63
127.828376753507,0.397570630184291,0.0304424211551504,5.19217591726907,-0.922382674673821,-3.49191821054621,1.64715286119857,"Primary national pool (n=63)",63
128.180521042084,0.396203061987643,0.0300328569111718,5.22683761963355,-0.925828416358748,-3.50546326627481,1.65380643355731,"Primary national pool (n=63)",63
128.532665330661,0.394840197968393,0.0296288017689056,5.26173090453257,-0.929274158043675,-3.51900835800831,1.66046004192096,"Primary national pool (n=63)",63
128.884809619238,0.393482021945056,0.0292301816513309,5.29685731826165,-0.932719899728602,-3.53255348532712,1.66711368586991,"Primary national pool (n=63)",63
129.236953907816,0.392128517791806,0.0288369234767776,5.33221841745446,-0.936165641413529,-3.54609864781813,1.67376736499107,"Primary national pool (n=63)",63
129.589098196393,0.390779669438289,0.0284489551455732,5.36781576915173,-0.939611383098456,-3.55964384507461,1.6804210788777,"Primary national pool (n=63)",63
129.94124248497,0.38943546086943,0.0280662055268671,5.40365095087061,-0.943057124783383,-3.57318907669607,1.68707482712931,"Primary national pool (n=63)",63
130.293386773547,0.388095876125243,0.0276886044456313,5.43972555067448,-0.946502866468309,-3.58673434228815,1.69372860935153,"Primary national pool (n=63)",63
130.645531062124,0.38676089930064,0.0273160826698354,5.47604116724328,-0.949948608153237,-3.6002796414625,1.70038242515603,"Primary national pool (n=63)",63
130.997675350701,0.385430514545243,0.0269485718977925,5.51259940994425,-0.953394349838164,-3.61382497383667,1.70703627416034,"Primary national pool (n=63)",63
131.349819639279,0.3841047060632,0.0265860047456749,5.5494018989032,-0.95684009152309,-3.62737033903397,1.71369015598779,"Primary national pool (n=63)",63
131.701963927856,0.38278345811299,0.0262283147351961,5.58645026507624,-0.960285833208017,-3.64091573668341,1.72034407026738,"Primary national pool (n=63)",63
132.054108216433,0.381466755007242,0.0258754362814587,5.62374615032197,-0.963731574892944,-3.65446116641957,1.72699801663369,"Primary national pool (n=63)",63
132.40625250501,0.380154581112544,0.0255273046809635,5.66129120747421,-0.967177316577871,-3.66800662788249,1.73365199472675,"Primary national pool (n=63)",63
132.758396793587,0.378846920849264,0.0251838560997802,5.69908710041512,-0.970623058262797,-3.68155212071756,1.74030600419196,"Primary national pool (n=63)",63
133.110541082164,0.377543758691357,0.0248450275618758,5.73713550414896,-0.974068799947725,-3.69509764457545,1.74696004468,"Primary national pool (n=63)",63
133.462685370741,0.376245079166187,0.0245107569375995,5.77543810487618,-0.977514541632652,-3.70864319911198,1.75361411584668,"Primary national pool (n=63)",63
133.814829659319,0.374950866854341,0.0241809829323213,5.81399660006814,-0.980960283317578,-3.72218878398807,1.76026821735291,"Primary national pool (n=63)",63
134.166973947896,0.373661106389445,0.0238556450752233,5.85281269854227,-0.984406025002505,-3.73573439886959,1.76692234886458,"Primary national pool (n=63)",63
134.519118236473,0.372375782457983,0.0235346837082406,5.89188812053771,-0.987851766687432,-3.7492800434273,1.77357651005244,"Primary national pool (n=63)",63
134.87126252505,0.371094879799114,0.0232180399751503,5.93122459779155,-0.991297508372359,-3.76282571733678,1.78023070059206,"Primary national pool (n=63)",63
135.223406813627,0.369818383204492,0.0229056558108068,5.97082387361548,-0.994743250057286,-3.77637142027829,1.78688492016372,"Primary national pool (n=63)",63
135.575551102204,0.368546277518084,0.0225974739305212,6.01068770297301,-0.998188991742213,-3.78991715193675,1.79353916845233,"Primary national pool (n=63)",63
135.927695390782,0.367278547635993,0.0222934378195826,6.0508178525572,-1.00163473342714,-3.80346291200159,1.80019344514731,"Primary national pool (n=63)",63
136.279839679359,0.366015178506273,0.0219934917229202,6.09121610086892,-1.00508047511207,-3.81700870016673,1.8068477499426,"Primary national pool (n=63)",63
136.631983967936,0.364756155128758,0.0216975806349039,6.13188423829558,-1.00852621679699,-3.83055451613044,1.81350208253646,"Primary national pool (n=63)",63
136.984128256513,0.363501462554877,0.0214056502892806,6.17282406719049,-1.01197195848192,-3.84410035959533,1.82015644263148,"Primary national pool (n=63)",63
137.33627254509,0.36225108588748,0.0211176471492468,6.21403740195264,-1.01541770016685,-3.85764623026819,1.8268108299345,"Primary national pool (n=63)",63
137.688416833667,0.361005010280659,0.0208335183976527,6.2555260691071,-1.01886344185177,-3.87119212786001,1.83346524415647,"Primary national pool (n=63)",63
138.040561122244,0.359763220939577,0.0205532119273389,6.29729190738592,-1.0223091835367,-3.88473805208584,1.84011968501244,"Primary national pool (n=63)",63
138.392705410822,0.358525703120284,0.0202766763316012,6.33933676780958,-1.02575492522163,-3.89828400266472,1.84677415222146,"Primary national pool (n=63)",63
138.744849699399,0.35729244212955,0.0200038608947848,6.38166251376898,-1.02920066690655,-3.91182997931964,1.85342864550653,"Primary national pool (n=63)",63
139.096993987976,0.356063423324683,0.0197347155830027,6.424271021108,-1.03264640859148,-3.92537598177748,1.86008316459451,"Primary national pool (n=63)",63
139.449138276553,0.354838632113364,0.0194691910349801,6.46716417820655,-1.03609215027641,-3.93892200976887,1.86673770921605,"Primary national pool (n=63)",63
139.80128256513,0.353618053953466,0.0192072385530206,6.51034388606432,-1.03953789196134,-3.95246806302823,1.87339227910556,"Primary national pool (n=63)",63
140.153426853707,0.352401674352882,0.0189488100940934,6.55381205838489,-1.04298363364626,-3.96601414129361,1.88004687400109,"Primary national pool (n=63)",63
140.505571142285,0.351189478869361,0.0186938582610413,6.59757062166059,-1.04642937533119,-3.9795602443067,1.88670149364432,"Primary national pool (n=63)",63
140.857715430862,0.349981453110324,0.0184423362939042,6.64162151525779,-1.04987511701612,-3.99310637181269,1.89335613778046,"Primary national pool (n=63)",63
141.209859719439,0.348777582732705,0.0181941980613614,6.68596669150288,-1.05332085870104,-4.00665252356031,1.90001080615823,"Primary national pool (n=63)",63
141.562004008016,0.347577853442773,0.017949398052287,6.7306081157687,-1.05676660038597,-4.02019869930168,1.90666549852974,"Primary national pool (n=63)",63
141.914148296593,0.346382250995965,0.0177078913674189,6.77554776656167,-1.0602123420709,-4.03374489879229,1.9133202146505,"Primary national pool (n=63)",63
142.26629258517,0.345190761196716,0.0174696337111399,6.82078763560941,-1.06365808375582,-4.04729112179096,1.91997495427931,"Primary national pool (n=63)",63
142.618436873747,0.344003369898294,0.0172345813833689,6.86632972794901,-1.06710382544075,-4.06083736805973,1.92662971717823,"Primary national pool (n=63)",63
142.970581162325,0.342820063002625,0.0170026912715601,6.91217606201584,-1.07054956712568,-4.07438363736387,1.93328450311251,"Primary national pool (n=63)",63
143.322725450902,0.341640826460132,0.0167739208428107,6.95832866973303,-1.0739953088106,-4.08792992947179,1.93993931185058,"Primary national pool (n=63)",63
143.674869739479,0.340465646269567,0.0165482281360734,7.00478959660142,-1.07744105049553,-4.10147624415498,1.94659414316392,"Primary national pool (n=63)",63
144.027014028056,0.33929450847784,0.0163255717544738,7.05156090179028,-1.08088679218046,-4.11502258118799,1.95324899682707,"Primary national pool (n=63)",63
144.379158316633,0.338127399179861,0.0161059108577311,7.09864465822849,-1.08433253386539,-4.12856894034836,1.95990387261759,"Primary national pool (n=63)",63
144.73130260521,0.336964304518369,0.01588920515468,7.1460429526964,-1.08777827555031,-4.14211532141655,1.96655877031593,"Primary national pool (n=63)",63
145.083446893788,0.335805210683768,0.0156754148958928,7.19375788591831,-1.09122401723524,-4.15566172417594,1.97321368970547,"Primary national pool (n=63)",63
145.435591182365,0.334650103913968,0.0154645008664013,7.24179157265556,-1.09466975892017,-4.16920814841275,1.97986863057242,"Primary national pool (n=63)",63
145.787735470942,0.333498970494215,0.0152564243785155,7.29014614180021,-1.09811550060509,-4.18275459391599,1.9865235927058,"Primary national pool (n=63)",63
146.139879759519,0.332351796756931,0.0150511472647388,7.33882373646935,-1.10156124229002,-4.19630106047743,1.99317857589739,"Primary national pool (n=63)",63
146.492024048096,0.331208569081555,0.0148486318707786,7.38782651410017,-1.10500698397495,-4.20984754789155,1.99983357994165,"Primary national pool (n=63)",63
146.844168336673,0.330069273894375,0.0146488410486506,7.43715664654544,-1.10845272565987,-4.22339405595549,2.00648860463574,"Primary national pool (n=63)",63
147.19631262525,0.328933897668371,0.0144517381498752,7.48681632016984,-1.1118984673448,-4.23694058446903,2.01314364977943,"Primary national pool (n=63)",63
147.548456913828,0.327802426923055,0.0142572870187654,7.53680773594676,-1.11534420902973,-4.2504871332345,2.01979871517505,"Primary national pool (n=63)",63
147.900601202405,0.326674848224306,0.0140654519858055,7.5871331095559,-1.11878995071465,-4.2640337020568,2.02645380062749,"Primary national pool (n=63)",63
148.252745490982,0.325551148184217,0.013876197861117,7.63779467148146,-1.12223569239958,-4.2775802907433,2.03310890594414,"Primary national pool (n=63)",63
148.604889779559,0.324431313460932,0.0136894899280144,7.68879466711091,-1.12568143408451,-4.29112689910385,2.03976403093484,"Primary national pool (n=63)",63
148.957034068136,0.323315330758487,0.013505293936645,7.74013535683457,-1.12912717576943,-4.30467352695072,2.04641917541185,"Primary national pool (n=63)",63
149.309178356713,0.322203186826655,0.0133235760977166,7.79181901614574,-1.13257291745436,-4.31822017409853,2.05307433918981,"Primary national pool (n=63)",63
149.661322645291,0.321094868460788,0.0131443030763069,7.84384793574153,-1.13601865913929,-4.33176684036428,2.0597295220857,"Primary national pool (n=63)",63
150.013466933868,0.319990362501658,0.0129674419857583,7.89622442162443,-1.13946440082422,-4.34531352556725,2.06638472391882,"Primary national pool (n=63)",63
150.365611222445,0.318889655835302,0.0127929603816528,7.94895079520442,-1.14291014250914,-4.35886022952902,2.07303994451073,"Primary national pool (n=63)",63
150.717755511022,0.317792735392869,0.012620826255869,8.0020293934019,-1.14635588419407,-4.37240695207336,2.07969518368522,"Primary national pool (n=63)",63
151.069899799599,0.31669958815046,0.0124510080307181,8.05546256875126,-1.149801625879,-4.38595369302628,2.08635044126829,"Primary national pool (n=63)",63
151.422044088176,0.315610201128976,0.012283474553159,8.10925268950512,-1.15324736756392,-4.39950045221594,2.09300571708809,"Primary national pool (n=63)",63
151.774188376753,0.314524561393964,0.0121181950890913,8.16340213973924,-1.15669310924885,-4.41304722947263,2.09966101097493,"Primary national pool (n=63)",63
152.126332665331,0.313442656055465,0.0119551393177241,8.21791331945828,-1.16013885093378,-4.42659402462874,2.10631632276119,"Primary national pool (n=63)",63
152.478476953908,0.312364472267856,0.0117942773260213,8.27278864470206,-1.1635845926187,-4.44014083751873,2.11297165228132,"Primary national pool (n=63)",63
152.830621242485,0.311289997229702,0.0116355796032209,8.32803054765269,-1.16703033430363,-4.45368766797909,2.11962699937183,"Primary national pool (n=63)",63
153.182765531062,0.310219218183603,0.0114790170354279,8.38364147674237,-1.17047607598856,-4.46723451584831,2.1262823638712,"Primary national pool (n=63)",63
153.534909819639,0.30915212241604,0.0113245609002806,8.43962389676183,-1.17392181767348,-4.48078138096687,2.13293774561991,"Primary national pool (n=63)",63
153.887054108216,0.308088697257229,0.0111721828616869,8.49598028896965,-1.17736755935841,-4.49432826317719,2.13959314446036,"Primary national pool (n=63)",63
154.239198396794,0.307028930080966,0.0110218549646334,8.55271315120218,-1.18081330104334,-4.50787516232357,2.14624856023689,"Primary national pool (n=63)",63
154.591342685371,0.305972808304479,0.0108735496300619,8.60982499798425,-1.18425904272826,-4.52142207825223,2.15290399279571,"Primary national pool (n=63)",63
154.943486973948,0.304920319388277,0.0107272396498168,8.66731836064062,-1.18770478441319,-4.53496901081125,2.15955944198487,"Primary national pool (n=63)",63
155.295631262525,0.303871450836006,0.0105828981816588,8.72519578740816,-1.19115052609812,-4.54851595985051,2.16621490765428,"Primary national pool (n=63)",63
155.647775551102,0.302826190194294,0.0104404987443467,8.78345984354879,-1.19459626778305,-4.56206292522171,2.17287038965562,"Primary national pool (n=63)",63
155.999919839679,0.301784525052606,0.0103000152127839,8.84211311146318,-1.19804200946797,-4.57560990677833,2.17952588784238,"Primary national pool (n=63)",63
156.352064128256,0.3007464430431,0.010161421813232,8.90115819080519,-1.2014877511529,-4.58915690437556,2.18618140206976,"Primary national pool (n=63)",63
156.704208416834,0.299711931840474,0.0100246931185866,8.96059769859708,-1.20493349283783,-4.60270391787036,2.19283693219471,"Primary national pool (n=63)",63
157.056352705411,0.298680979161825,0.00988980404371804,9.02043426934554,-1.20837923452275,-4.61625094712136,2.19949247807585,"Primary national pool (n=63)",63
157.408496993988,0.297653572766498,0.00975672984087415,9.08067055515839,-1.21182497620768,-4.62979799198886,2.2061480395735,"Primary national pool (n=63)",63
157.760641282565,0.296629700455947,0.00962544609514462,9.14130922586222,-1.21527071789261,-4.64334505233481,2.2128036165496,"Primary national pool (n=63)",63
158.112785571142,0.295609350073585,0.0094959287199867,9.20235296912059,-1.21871645957753,-4.65689212802279,2.21945920886772,"Primary national pool (n=63)",63
158.464929859719,0.29459250950464,0.00936815395281063,9.26380449055325,-1.22216220126246,-4.67043921891797,2.22611481639305,"Primary national pool (n=63)",63
158.817074148297,0.293579166676015,0.00924209835062453,9.32566651385605,-1.22560794294739,-4.6839863248871,2.23277043899233,"Primary national pool (n=63)",63
159.169218436874,0.292569309556141,0.00911773878573776,9.38794178092162,-1.22905368463231,-4.69753344579847,2.23942607653384,"Primary national pool (n=63)",63
159.521362725451,0.291562926154835,0.00899505244152205,9.45063305196089,-1.23249942631724,-4.71108058152192,2.24608172888744,"Primary national pool (n=63)",63
159.873507014028,0.290560004523159,0.00887401680822952,9.51374310562549,-1.23594516800217,-4.72462773192878,2.25273739592444,"Primary national pool (n=63)",63
160.225651302605,0.289560532753277,0.0087546096788668,9.57727473913084,-1.23939090968709,-4.73817489689186,2.25939307751767,"Primary national pool (n=63)",63
160.577795591182,0.288564498978311,0.00863680914512472,9.6412307683802,-1.24283665137202,-4.75172207628547,2.26604877354143,"Primary national pool (n=63)",63
160.92993987976,0.287571891372208,0.00852059359336265,9.70561402808938,-1.24628239305695,-4.76526926998532,2.27270448387143,"Primary national pool (n=63)",63
161.282084168337,0.28658269814959,0.0084059417006467,9.77042737191245,-1.24972813474188,-4.77881647786858,2.27936020838482,"Primary national pool (n=63)",63
161.634228456914,0.285596907565619,0.00829283243084119,9.83567367256825,-1.2531738764268,-4.79236369981378,2.28601594696018,"Primary national pool (n=63)",63
161.986372745491,0.28461450791586,0.00818124503075271,9.90135582196763,-1.25661961811173,-4.80591093570088,2.29267169947742,"Primary national pool (n=63)",63
162.338517034068,0.283635487536136,0.00807115902632583,9.96747673134172,-1.26006535979666,-4.81945818541116,2.29932746581785,"Primary national pool (n=63)",63
162.690661322645,0.282659834802393,0.0079625542188901,10.0340393313709,-1.26351110148158,-4.83300544882728,2.30598324586411,"Primary national pool (n=63)",63
163.042805611222,0.281687538130563,0.00785541068145728,10.1010465723146,-1.26695684316651,-4.84655272583319,2.31263903950017,"Primary national pool (n=63)",63
163.3949498998,0.280718585976425,0.00774970875506853,10.1685014241424,-1.27040258485144,-4.86010001631418,2.31929484661131,"Primary national pool (n=63)",63
163.747094188377,0.279752966835465,0.00764542904519046,10.2364068766654,-1.27384832653636,-4.87364732015681,2.32595066708408,"Primary national pool (n=63)",63
164.099238476954,0.278790669242747,0.00754255241815982,10.3047659396686,-1.27729406822129,-4.8871946372489,2.33260650080632,"Primary national pool (n=63)",63
164.451382765531,0.277831681772767,0.00744105999767578,10.3735816430448,-1.28073980990622,-4.90074196747954,2.3392623476671,"Primary national pool (n=63)",63
164.803527054108,0.276875993039328,0.00734093316133948,10.4428570369283,-1.28418555159114,-4.91428931073904,2.34591820755675,"Primary national pool (n=63)",63
165.155671342685,0.275923591695395,0.00724215353723995,10.5125951918305,-1.28763129327607,-4.92783666691894,2.3525740803668,"Primary national pool (n=63)",63
165.507815631263,0.274974466432967,0.00714470300058604,10.582799198776,-1.291077034961,-4.94138403591198,2.35922996598998,"Primary national pool (n=63)",63
165.85995991984,0.274028605982939,0.00704856367038352,10.6534721694395,-1.29452277664593,-4.95493141761207,2.36588586432021,"Primary national pool (n=63)",63
166.212104208417,0.273085999114972,0.00695371790615686,10.7246172362834,-1.29796851833085,-4.96847881191429,2.37254177525259,"Primary national pool (n=63)",63
166.564248496994,0.272146634637353,0.00686014830471505,10.7962375526973,-1.30141426001578,-4.9820262187149,2.37919769868334,"Primary national pool (n=63)",63
166.916392785571,0.271210501396872,0.00676783769696091,10.8683362931372,-1.30486000170071,-4.99557363791125,2.38585363450984,"Primary national pool (n=63)",63
167.268537074148,0.270277588278679,0.00667676914474325,10.9409166532668,-1.30830574338563,-5.00912106940186,2.39250958263059,"Primary national pool (n=63)",63
167.620681362725,0.269347884206159,0.00658692593775133,11.0139818500982,-1.31175148507056,-5.0226685130863,2.39916554294518,"Primary national pool (n=63)",63
167.972825651303,0.268421378140799,0.00649829159045109,11.0875351221357,-1.31519722675549,-5.03621596886529,2.40582151535431,"Primary national pool (n=63)",63
168.32496993988,0.267498059082056,0.00641084983906258,11.1615797295184,-1.31864296844041,-5.04976343664057,2.41247749975974,"Primary national pool (n=63)",63
168.677114228457,0.266577916067226,0.00632458463857785,11.236118954165,-1.32208871012534,-5.06331091631497,2.41913349606429,"Primary national pool (n=63)",63
169.029258517034,0.265660938171316,0.0062394801598191,11.3111560999194,-1.32553445181027,-5.07685840779238,2.42578950417184,"Primary national pool (n=63)",63
169.381402805611,0.264747114506911,0.00615552078653638,11.386694492697,-1.32898019349519,-5.09040591097769,2.4324455239873,"Primary national pool (n=63)",63
169.733547094188,0.263836434224049,0.00607269111254407,11.4627374806322,-1.33242593518012,-5.10395342577682,2.43910155541658,"Primary national pool (n=63)",63
170.085691382766,0.262928886510088,0.00599097593889608,11.5392884342269,-1.33587167686505,-5.11750095209671,2.44575759836662,"Primary national pool (n=63)",63
170.437835671343,0.262024460589581,0.00591036027109895,11.6163507464994,-1.33931741854997,-5.13104848984528,2.45241365274533,"Primary national pool (n=63)",63
170.78997995992,0.261123145724144,0.00583082931636233,11.6939278331357,-1.3427631602349,-5.14459603893142,2.45906971846162,"Primary national pool (n=63)",63
171.142124248497,0.260224931212335,0.00575236848088651,11.7720231326398,-1.34620890191983,-5.158143599265,2.46572579542535,"Primary national pool (n=63)",63
171.494268537074,0.259329806389518,0.00567496336718641,11.8506401064872,-1.34965464360476,-5.17169117075684,2.47238188354733,"Primary national pool (n=63)",63
171.846412825651,0.258437760627745,0.00559859977145141,11.9297822392775,-1.35310038528968,-5.1852387533187,2.47903798273933,"Primary national pool (n=63)",63
172.198557114228,0.257548783335626,0.00552326368094084,12.0094530388892,-1.35654612697461,-5.19878634686325,2.48569409291403,"Primary national pool (n=63)",63
172.550701402806,0.256662863958202,0.00544894127141442,12.0896560366353,-1.35999186865954,-5.21233395130411,2.49235021398504,"Primary national pool (n=63)",63
172.902845691383,0.255779991976821,0.00537561890459707,12.1703947874196,-1.36343761034446,-5.22588156655578,2.49900634586685,"Primary national pool (n=63)",63
173.25498997996,0.254900156909014,0.00530328312567816,12.2516728698944,-1.36688335202939,-5.23942919253365,2.50566248847487,"Primary national pool (n=63)",63
173.607134268537,0.254023348308369,0.00523192066084396,12.3334938866191,-1.37032909371432,-5.252976829154,2.51231864172536,"Primary national pool (n=63)",63
173.959278557114,0.253149555764409,0.00516151841484363,12.4158614642198,-1.37377483539924,-5.26652447633398,2.51897480553549,"Primary national pool (n=63)",63
174.311422845691,0.252278768902466,0.00509206346858764,12.4987792535502,-1.37722057708417,-5.28007213399159,2.52563097982325,"Primary national pool (n=63)",63
174.663567134269,0.251410977383559,0.00502354307677864,12.5822509298534,-1.3806663187691,-5.29361980204569,2.5322871645075,"Primary national pool (n=63)",63
175.015711422846,0.250546170904272,0.00495594466557414,12.6662801929247,-1.38411206045402,-5.30716748041596,2.53894335950791,"Primary national pool (n=63)",63
175.367855711423,0.249684339196629,0.0048892558302806,12.7508707672757,-1.38755780213895,-5.32071516902291,2.54559956474501,"Primary national pool (n=63)",63
175.72,0.248825472027975,0.00482346433307849,12.8360264022993,-1.39100354382388,-5.33426286778787,2.55225578014011,"Primary national pool (n=63)",63
