scenario,city_standard,indicator,heatwave_type,activity_type,city_label,period,n_days,heatwave_days,pa_loss_fraction_percent,pa_loss_fraction_low_percent,pa_loss_fraction_high_percent,annualized_asri_percent,annualized_asri_low_percent,annualized_asri_high_percent,scenario_label,indicator_label,heatwave_label,dtw4lag12_cluster,dtw4lag12_cluster_label,dtw4lag12_cluster_color
ssp245,Abilene,cehwi,composite,all,Abilene,2025-2050,85410.0,16211.0,0.805055861402983,0.022807391863461188,1.5736888736973036,0.8318794155824629,0.02283532938647584,1.6808477794811105,SSP2-4.5,CEHWI,Compound,2,C2,#E39D00
ssp245,Amarillo,cehwi,composite,all,Amarillo,2025-2050,94900.0,11896.0,0.4455803574109938,0.013742324458738403,0.8577536874278966,0.45841071506370146,0.013756541805367988,0.906998835307119,SSP2-4.5,CEHWI,Compound,4,C4,#1F4F8C
ssp245,Arlington,cehwi,composite,all,Arlington,2025-2050,85410.0,15878.0,0.8573233853831577,0.023738199929053773,1.67147829310696,0.8874016459317944,0.023768474510591515,1.791323185000551,SSP2-4.5,CEHWI,Compound,1,C1,#B83A34
ssp245,Atlanta,cehwi,composite,all,Atlanta,2025-2050,113880.0,11110.0,0.2496017096256948,0.007956323550908192,0.48095578570241254,0.25538838457132346,0.00796339354334456,0.5029098261483737,SSP2-4.5,CEHWI,Compound,3,C3,#5EA4CE
ssp245,Austin,cehwi,composite,all,Austin,2025-2050,227760.0,42661.0,0.7480414415992541,0.023638122988165214,1.440994319929391,0.772340627921587,0.023667025239823156,1.5349426462625817,SSP2-4.5,CEHWI,Compound,2,C2,#E39D00
ssp245,Bakersfield,cehwi,composite,all,Bakersfield,2025-2050,132860.0,15273.0,0.3206774881856629,0.010166775581786813,0.6176230006036516,0.32838147292463044,0.010175805557369575,0.6469113284751288,SSP2-4.5,CEHWI,Compound,1,C1,#B83A34
ssp245,Baltimore,cehwi,composite,all,Baltimore,2025-2050,75920.0,6164.0,0.2470967294605084,0.00775228131732666,0.47727645450360423,0.2532821413178004,0.0077594942309013515,0.5010805276269692,SSP2-4.5,CEHWI,Compound,1,C1,#B83A34
ssp245,Boston,cehwi,composite,all,Boston,2025-2050,56940.0,506.0,0.030404019212832048,0.0010090884484688543,0.05844964173311565,0.0311591630859104,0.001010078218396454,0.06130824795342436,SSP2-4.5,CEHWI,Compound,2,C2,#E39D00
ssp245,Cape_Coral,cehwi,composite,all,Cape Coral,2025-2050,75920.0,6532.0,0.09462598901887825,0.0026157986692262884,0.1848175528509015,0.09560917139666292,0.002616608398531642,0.18860173439479472,SSP2-4.5,CEHWI,Compound,4,C4,#1F4F8C
ssp245,Chandler,cehwi,composite,all,Chandler,2025-2050,75920.0,9452.0,0.3142919587559933,0.009724463033562685,0.6071601442949008,0.32075932609329016,0.009731504398524668,0.631787147788056,SSP2-4.5,CEHWI,Compound,1,C1,#B83A34
ssp245,Charleston,cehwi,composite,all,Charleston,2025-2050,66430.0,9623.0,0.3643585867918729,0.011228224851837847,0.7037031114864449,0.37289338925680565,0.011237847753552901,0.7364002927832843,SSP2-4.5,CEHWI,Compound,3,C3,#5EA4CE
ssp245,Charlotte,cehwi,composite,all,Charlotte,2025-2050,218270.0,24508.0,0.32851265586805106,0.010209205432558573,0.6328729129265136,0.33662153792787436,0.010218221802050606,0.6637896762700363,SSP2-4.5,CEHWI,Compound,4,C4,#1F4F8C
ssp245,Chicago,cehwi,composite,all,Chicago,2025-2050,246740.0,22271.0,0.30169062779982175,0.009364314274680641,0.5821064675894003,0.30977417872661334,0.009373443605410012,0.6132185442446811,SSP2-4.5,CEHWI,Compound,4,C4,#1F4F8C
ssp245,Cincinnati,cehwi,composite,all,Cincinnati,2025-2050,113880.0,4586.0,0.12316740893763868,0.0036713430811489735,0.23808612564727719,0.12622997313689896,0.0036746052128438303,0.24989429792456122,SSP2-4.5,CEHWI,Compound,4,C4,#1F4F8C
ssp245,Clearwater,cehwi,composite,all,Clearwater,2025-2050,47450.0,5388.0,0.1371495023233196,0.003870627599221188,0.26738025470328985,0.1388084492250175,0.0038721368770651917,0.27374476157297034,SSP2-4.5,CEHWI,Compound,4,C4,#1F4F8C
ssp245,Cleveland,cehwi,composite,all,Cleveland,2025-2050,104390.0,3011.0,0.08265494076431132,0.0025390594319420526,0.15954862394073205,0.084456607030236,0.0025410196202024825,0.1664115833189285,SSP2-4.5,CEHWI,Compound,3,C3,#5EA4CE
ssp245,Columbia,cehwi,composite,all,Columbia,2025-2050,104390.0,14124.0,0.4122151644911209,0.012966702563121865,0.7953594463372716,0.4231124751593475,0.01297943097259895,0.8372423941135893,SSP2-4.5,CEHWI,Compound,3,C3,#5EA4CE
ssp245,Columbus,cehwi,composite,all,Columbus,2025-2050,237250.0,6367.0,0.08493764328696117,0.00252200784855717,0.164562410248469,0.0869908678281236,0.0025241568777079207,0.17254173599531744,SSP2-4.5,CEHWI,Compound,2,C2,#E39D00
ssp245,Corpus_Christi,cehwi,composite,all,Corpus Christi,2025-2050,18980.0,2379.0,0.14576803210070813,0.004065343348586981,0.2844484700632883,0.1474061377389225,0.004066738642458715,0.2907455368353869,SSP2-4.5,CEHWI,Compound,1,C1,#B83A34
ssp245,Dallas,cehwi,composite,all,Dallas,2025-2050,275210.0,51111.0,0.8460040887790796,0.023572030348930725,1.650313746126575,0.8755333932698898,0.023602062460327186,1.7680516854177022,SSP2-4.5,CEHWI,Compound,1,C1,#B83A34
ssp245,Detroit,cehwi,composite,all,Detroit,2025-2050,132860.0,5526.0,0.13146799729323783,0.004224286658958488,0.2530996268500559,0.1345988304001569,0.0042280010997053615,0.26498508633990364,SSP2-4.5,CEHWI,Compound,1,C1,#B83A34
ssp245,Fort_Worth,cehwi,composite,all,Fort Worth,2025-2050,208780.0,38529.0,0.8354726937249595,0.02303771904223429,1.6309316677930783,0.8645231399949245,0.023066884862167077,1.7471070808040097,SSP2-4.5,CEHWI,Compound,1,C1,#B83A34
ssp245,Fresno,cehwi,composite,all,Fresno,2025-2050,113880.0,11532.0,0.3345550996323223,0.010779818252683966,0.6437728596221431,0.34353342259511205,0.010790653355121643,0.6780405508558184,SSP2-4.5,CEHWI,Compound,1,C1,#B83A34
ssp245,Gilbert,cehwi,composite,all,Gilbert,2025-2050,37960.0,4821.0,0.32952118626035315,0.010293230318203315,0.6361336624427505,0.33650646873441575,0.010301015189167385,0.6627119222796645,SSP2-4.5,CEHWI,Compound,4,C4,#1F4F8C
ssp245,Henderson,cehwi,composite,all,Henderson,2025-2050,113880.0,12329.0,0.32693539773746133,0.010748851177395328,0.6283103879370288,0.3353142196684737,0.010759373614670746,0.6600696376295129,SSP2-4.5,CEHWI,Compound,2,C2,#E39D00
ssp245,Houston,cehwi,composite,all,Houston,2025-2050,531440.0,80254.0,0.40933796570861264,0.01317090848065049,0.7879447862986622,0.4192378016753745,0.013182903924074623,0.825515109125512,SSP2-4.5,CEHWI,Compound,1,C1,#B83A34
ssp245,Indianapolis,cehwi,composite,all,Indianapolis,2025-2050,237250.0,11146.0,0.1460322615044327,0.004424957722293134,0.2821795154412702,0.14956060242392374,0.004428741345496213,0.29576136788566476,SSP2-4.5,CEHWI,Compound,4,C4,#1F4F8C
ssp245,Jacksonville,cehwi,composite,all,Jacksonville,2025-2050,256230.0,28777.0,0.221023309805847,0.006708006279910562,0.4279254604894189,0.22511501930139408,0.006712421126775276,0.44351761747601326,SSP2-4.5,CEHWI,Compound,4,C4,#1F4F8C
ssp245,Kansas_City,cehwi,composite,all,Kansas City,2025-2050,351130.0,53966.0,0.6078913177889864,0.017944592251772962,1.1939947826464923,0.6280980111830569,0.017964967592932708,1.285517463697382,SSP2-4.5,CEHWI,Compound,3,C3,#5EA4CE
ssp245,Las_Vegas,cehwi,composite,all,Las Vegas,2025-2050,132860.0,14615.0,0.3603043679954155,0.011981923404523465,0.6915066821659981,0.3700712809871112,0.01199436345768054,0.7285152750904367,SSP2-4.5,CEHWI,Compound,4,C4,#1F4F8C
ssp245,Los_Angeles,cehwi,composite,all,Los Angeles,2025-2050,313170.0,2368.0,0.02714804649399529,0.0008779945198746584,0.05223104198930359,0.027807940288995293,0.0008787627312711226,0.05473711784671946,SSP2-4.5,CEHWI,Compound,2,C2,#E39D00
ssp245,Louisville,cehwi,composite,all,Louisville,2025-2050,227760.0,16341.0,0.22902923679444345,0.0068996414811137476,0.4423960330062699,0.23495374533460453,0.006905928143842859,0.4652536516110481,SSP2-4.5,CEHWI,Compound,4,C4,#1F4F8C
ssp245,Lubbock,cehwi,composite,all,Lubbock,2025-2050,94900.0,14035.0,0.573178759259607,0.017361404771749054,1.1072799353264056,0.5912510234943067,0.017381517463695734,1.1774987053752282,SSP2-4.5,CEHWI,Compound,4,C4,#1F4F8C
ssp245,Mesa,cehwi,composite,all,Mesa,2025-2050,75920.0,8932.0,0.2961723973105695,0.009192466757719234,0.5720417257243005,0.30231989233088913,0.009199250681169027,0.5954405339806097,SSP2-4.5,CEHWI,Compound,1,C1,#B83A34
ssp245,Miami,cehwi,composite,all,Miami,2025-2050,9490.0,657.0,0.05772858558019835,0.0015625926026254988,0.11308433436669899,0.05816437663922092,0.0015629381875756061,0.11476581509086664,SSP2-4.5,CEHWI,Compound,1,C1,#B83A34
ssp245,Milwaukee,cehwi,composite,all,Milwaukee,2025-2050,113880.0,6665.0,0.20072832529329585,0.00636908840069823,0.38640669251663173,0.20603434131925455,0.006375292053846482,0.40667131312867283,SSP2-4.5,CEHWI,Compound,4,C4,#1F4F8C
ssp245,Minneapolis,cehwi,composite,all,Minneapolis,2025-2050,66430.0,2085.0,0.10619075382562157,0.0032933658366526503,0.2046908756714759,0.1088117197220954,0.0032962540234374145,0.21471470494443895,SSP2-4.5,CEHWI,Compound,2,C2,#E39D00
ssp245,Miramar,cehwi,composite,all,Miramar,2025-2050,18980.0,1424.0,0.06412125853835,0.0017330960093865104,0.12559638129081604,0.06461156762971004,0.001733473755364195,0.12748966150405636,SSP2-4.5,CEHWI,Compound,4,C4,#1F4F8C
ssp245,Nashville,cehwi,composite,all,Nashville,2025-2050,275210.0,34501.0,0.39863729588169095,0.012336219917856606,0.7697035171971941,0.40986852254045036,0.012349129496183024,0.8131191647011793,SSP2-4.5,CEHWI,Compound,4,C4,#1F4F8C
ssp245,New_York,cehwi,composite,all,New York,2025-2050,180310.0,8492.0,0.14397716783154396,0.004652289737503655,0.2771676625093902,0.14741060253227034,0.004656481517282585,0.2901936628333017,SSP2-4.5,CEHWI,Compound,1,C1,#B83A34
ssp245,Newark,cehwi,composite,all,Newark,2025-2050,28470.0,837.0,0.08581849765755457,0.002707271907274955,0.1655672519965341,0.08768266681703044,0.0027094039321914963,0.17265592970186944,SSP2-4.5,CEHWI,Compound,2,C2,#E39D00
ssp245,Oklahoma_City,cehwi,composite,all,Oklahoma City,2025-2050,275210.0,44069.0,0.6793297103257798,0.019284480816306456,1.3287854629737221,0.7021353847639338,0.019308107954852802,1.4212194577607826,SSP2-4.5,CEHWI,Compound,1,C1,#B83A34
ssp245,Orlando,cehwi,composite,all,Orlando,2025-2050,123370.0,10869.0,0.12691235558258135,0.003581918356700773,0.24722193511757715,0.12855188997819111,0.003583319737118042,0.25352046021926467,SSP2-4.5,CEHWI,Compound,3,C3,#5EA4CE
ssp245,Overland_Park,cehwi,composite,all,Overland Park,2025-2050,56940.0,8842.0,0.6238242829589474,0.01804832101103001,1.2270635904519132,0.645262269657563,0.018068645190165773,1.3276620040584586,SSP2-4.5,CEHWI,Compound,3,C3,#5EA4CE
ssp245,Palm_Bay,cehwi,composite,all,Palm Bay,2025-2050,56940.0,3601.0,0.058778431758314514,0.0015911517863103541,0.11508245984068532,0.05925265158075992,0.0015915130187703587,0.11691379014274984,SSP2-4.5,CEHWI,Compound,4,C4,#1F4F8C
ssp245,Philadelphia,cehwi,composite,all,Philadelphia,2025-2050,151840.0,7462.0,0.1307790407372059,0.004089149501156938,0.2525070741939293,0.13352981310057574,0.004092287594331333,0.26296786026695235,SSP2-4.5,CEHWI,Compound,2,C2,#E39D00
ssp245,Phoenix,cehwi,composite,all,Phoenix,2025-2050,294190.0,33119.0,0.26541886731716446,0.008104851301990174,0.5133277078918347,0.27060754787322266,0.008110348041446475,0.5331047477049993,SSP2-4.5,CEHWI,Compound,1,C1,#B83A34
ssp245,Raleigh,cehwi,composite,all,Raleigh,2025-2050,142350.0,17193.0,0.36193950480958303,0.011592734776188652,0.6967683858227678,0.37092323485456813,0.011603469466905905,0.7309481172288012,SSP2-4.5,CEHWI,Compound,3,C3,#5EA4CE
ssp245,Richmond,cehwi,composite,all,Richmond,2025-2050,75920.0,6962.0,0.25252088667652195,0.00775149714159306,0.48823902004384107,0.25826237759613996,0.007757792782911381,0.51030788671206,SSP2-4.5,CEHWI,Compound,4,C4,#1F4F8C
ssp245,Riverside,cehwi,composite,all,Riverside,2025-2050,56940.0,1224.0,0.06425265073008789,0.002034077755144682,0.12390611356165944,0.06567599418742366,0.002035721737191667,0.1293162666376557,SSP2-4.5,CEHWI,Compound,4,C4,#1F4F8C
ssp245,Sacramento,cehwi,composite,all,Sacramento,2025-2050,123370.0,1164.0,0.03860924422284682,0.001299251067962677,0.0740148837345814,0.03967532389442617,0.001300587651611006,0.07805006013724133,SSP2-4.5,CEHWI,Compound,2,C2,#E39D00
ssp245,San_Antonio,cehwi,composite,all,San Antonio,2025-2050,256230.0,44594.0,0.5313406980107453,0.017449824169623297,1.0211436020079172,0.5453657371207195,0.017467370275321213,1.0744227790829675,SSP2-4.5,CEHWI,Compound,2,C2,#E39D00
ssp245,San_Bernardino,cehwi,composite,all,San Bernardino,2025-2050,66430.0,1575.0,0.06634950626456108,0.0020640939254967234,0.1281295242421862,0.06773515972157852,0.002065627028170897,0.13340469241498618,SSP2-4.5,CEHWI,Compound,2,C2,#E39D00
ssp245,San_Jose,cehwi,composite,all,San Jose,2025-2050,180310.0,2332.0,0.05838114886149283,0.0019395543258067494,0.11169251780104027,0.06016351465802489,0.0019417474259708447,0.11844461290410667,SSP2-4.5,CEHWI,Compound,2,C2,#E39D00
ssp245,Scottsdale,cehwi,composite,all,Scottsdale,2025-2050,37960.0,4117.0,0.2594996540214643,0.007942473212951643,0.5017813992896775,0.2646195966516457,0.007947935914837004,0.5212912573884546,SSP2-4.5,CEHWI,Compound,4,C4,#1F4F8C
ssp245,St_Louis,cehwi,composite,all,St Louis,2025-2050,66430.0,9390.0,0.5010188103927429,0.015310419981278828,0.9701322182276665,0.5155328063574466,0.01532664775111417,1.0267276946981603,SSP2-4.5,CEHWI,Compound,3,C3,#5EA4CE
ssp245,St_Petersburg,cehwi,composite,all,St Petersburg,2025-2050,18980.0,2076.0,0.13119801720336216,0.0036718620864018997,0.25590550405299495,0.13272682167794841,0.003673169449081212,0.2617804739068162,SSP2-4.5,CEHWI,Compound,3,C3,#5EA4CE
ssp245,Tallahassee,cehwi,composite,all,Tallahassee,2025-2050,94900.0,11431.0,0.24547275911488697,0.00757583625966978,0.474486963617311,0.25039874352446206,0.007581421672353106,0.4932166112401477,SSP2-4.5,CEHWI,Compound,4,C4,#1F4F8C
ssp245,Tampa,cehwi,composite,all,Tampa,2025-2050,94900.0,8566.0,0.11816535764972066,0.0033442351405620577,0.23025873774983485,0.11965080112457802,0.003345586340757956,0.2359560159083985,SSP2-4.5,CEHWI,Compound,3,C3,#5EA4CE
ssp245,Tucson,cehwi,composite,all,Tucson,2025-2050,132860.0,13699.0,0.28310840968163486,0.009010443248598081,0.545746754196454,0.2894753755363805,0.009017853008529884,0.569933701491864,SSP2-4.5,CEHWI,Compound,1,C1,#B83A34
ssp245,Virginia_Beach,cehwi,composite,all,Virginia Beach,2025-2050,18980.0,2244.0,0.2879955530179495,0.008993304946128803,0.556239023419181,0.29395690381330447,0.009000100324539479,0.5789137073020697,SSP2-4.5,CEHWI,Compound,1,C1,#B83A34
ssp245,Visalia,cehwi,composite,all,Visalia,2025-2050,56940.0,6583.0,0.3620286091494834,0.011708935831592765,0.6964144857757804,0.3714485433993137,0.011720413312524455,0.7322666481917054,SSP2-4.5,CEHWI,Compound,1,C1,#B83A34
ssp245,Washington,cehwi,composite,all,Washington,2025-2050,66430.0,5413.0,0.25359922753069175,0.007934012393945143,0.49048529250283585,0.25990508852960115,0.007941270963088193,0.5148531312058371,SSP2-4.5,CEHWI,Compound,2,C2,#E39D00
ssp370,Abilene,cehwi,composite,all,Abilene,2025-2050,85410.0,15395.0,0.7580545899554858,0.022325859807875294,1.466063394561236,0.7837988253293932,0.02235358881853965,1.5666238086120063,SSP3-7.0,CEHWI,Compound,2,C2,#E39D00
ssp370,Amarillo,cehwi,composite,all,Amarillo,2025-2050,94900.0,11550.0,0.3961868952657564,0.012019052574230478,0.7632759219831122,0.4071503987061552,0.012031035612998047,0.8053627130104604,SSP3-7.0,CEHWI,Compound,4,C4,#1F4F8C
ssp370,Arlington,cehwi,composite,all,Arlington,2025-2050,85410.0,15492.0,0.786660279449613,0.023004428629376742,1.5338571869377784,0.8131167342809426,0.02303316427794381,1.6392954131025208,SSP3-7.0,CEHWI,Compound,1,C1,#B83A34
ssp370,Atlanta,cehwi,composite,all,Atlanta,2025-2050,113880.0,12344.0,0.2832405957185214,0.009017226733769035,0.5462405855796576,0.28949055994845024,0.00902472015181479,0.5699717691514361,SSP3-7.0,CEHWI,Compound,3,C3,#5EA4CE
ssp370,Austin,cehwi,composite,all,Austin,2025-2050,227760.0,43095.0,0.7098265706767192,0.022356426631993234,1.371645701146834,0.7317109032539442,0.022382302775992517,1.4565149261021362,SSP3-7.0,CEHWI,Compound,2,C2,#E39D00
ssp370,Bakersfield,cehwi,composite,all,Bakersfield,2025-2050,132860.0,16559.0,0.38747394962884507,0.01257743485567934,0.7447290903423459,0.3979097723886496,0.012590405330253485,0.7844268106843444,SSP3-7.0,CEHWI,Compound,1,C1,#B83A34
ssp370,Baltimore,cehwi,composite,all,Baltimore,2025-2050,75920.0,7611.0,0.2987137805203962,0.00938126920067559,0.5759359407364907,0.30584059430797633,0.009389434307182209,0.6031208549633928,SSP3-7.0,CEHWI,Compound,1,C1,#B83A34
ssp370,Boston,cehwi,composite,all,Boston,2025-2050,56940.0,728.0,0.042328605409736535,0.001330651491249528,0.08145330232484173,0.04338975255595411,0.0013318585067308801,0.08548820314131557,SSP3-7.0,CEHWI,Compound,2,C2,#E39D00
ssp370,Cape_Coral,cehwi,composite,all,Cape Coral,2025-2050,75920.0,7576.0,0.1330735579472369,0.0038437812439855645,0.2589177570845164,0.134926748875987,0.003845590485827293,0.2660079072661472,SSP3-7.0,CEHWI,Compound,4,C4,#1F4F8C
ssp370,Chandler,cehwi,composite,all,Chandler,2025-2050,75920.0,9061.0,0.29969755448649316,0.00951132363727229,0.5780004827443025,0.3063138501436027,0.009519187617547482,0.6031249482003531,SSP3-7.0,CEHWI,Compound,1,C1,#B83A34
ssp370,Charleston,cehwi,composite,all,Charleston,2025-2050,66430.0,10241.0,0.433480084093432,0.01409920810898363,0.8335379232288251,0.44431520011111414,0.014112538310123634,0.8746055546612448,SSP3-7.0,CEHWI,Compound,3,C3,#5EA4CE
ssp370,Charlotte,cehwi,composite,all,Charlotte,2025-2050,218270.0,29865.0,0.4444236120421428,0.014177629835459499,0.8544748608080083,0.45625942442431006,0.01419158287114996,0.8995431492569161,SSP3-7.0,CEHWI,Compound,4,C4,#1F4F8C
ssp370,Chicago,cehwi,composite,all,Chicago,2025-2050,246740.0,24321.0,0.32947285976078894,0.010528809246346154,0.6336048209482122,0.3381619130011241,0.01053907898510614,0.6666880950405886,SSP3-7.0,CEHWI,Compound,4,C4,#1F4F8C
ssp370,Cincinnati,cehwi,composite,all,Cincinnati,2025-2050,113880.0,4923.0,0.11099143579259303,0.003393552711593837,0.2146904810058692,0.11314322802908891,0.0033958889950936157,0.22289056706308438,SSP3-7.0,CEHWI,Compound,4,C4,#1F4F8C
ssp370,Clearwater,cehwi,composite,all,Clearwater,2025-2050,47450.0,6099.0,0.190427889851305,0.0056615637844228675,0.3696078120789038,0.19350475588675586,0.005664840019662987,0.38134467175384945,SSP3-7.0,CEHWI,Compound,4,C4,#1F4F8C
ssp370,Cleveland,cehwi,composite,all,Cleveland,2025-2050,104390.0,3434.0,0.09295711452629052,0.0028992916359312504,0.17949754052732242,0.09490379355626465,0.0029014706341195014,0.18690611647840982,SSP3-7.0,CEHWI,Compound,3,C3,#5EA4CE
ssp370,Columbia,cehwi,composite,all,Columbia,2025-2050,104390.0,16437.0,0.5039886233107876,0.016487563152594482,0.9676113794372281,0.5175700126951769,0.016504267258474672,1.0191137424034646,SSP3-7.0,CEHWI,Compound,3,C3,#5EA4CE
ssp370,Columbus,cehwi,composite,all,Columbus,2025-2050,237250.0,5992.0,0.07546535463160084,0.002370974246976875,0.14562242227402983,0.07709202736904255,0.002372808373880354,0.1518112463642048,SSP3-7.0,CEHWI,Compound,2,C2,#E39D00
ssp370,Corpus_Christi,cehwi,composite,all,Corpus Christi,2025-2050,18980.0,2916.0,0.20710375728463734,0.005929774197855314,0.4031934738954062,0.20988009312788206,0.005932414290927449,0.4138277719648374,SSP3-7.0,CEHWI,Compound,1,C1,#B83A34
ssp370,Dallas,cehwi,composite,all,Dallas,2025-2050,275210.0,49823.0,0.7800805709117927,0.02228119864570776,1.5230411700312811,0.8060267282788237,0.022308265949786535,1.6266587379679383,SSP3-7.0,CEHWI,Compound,1,C1,#B83A34
ssp370,Detroit,cehwi,composite,all,Detroit,2025-2050,132860.0,6174.0,0.1370716070658751,0.004318090550269742,0.2643797014464114,0.1401118355323112,0.0043215601484874406,0.27594336367635897,SSP3-7.0,CEHWI,Compound,1,C1,#B83A34
ssp370,Fort_Worth,cehwi,composite,all,Fort Worth,2025-2050,208780.0,37035.0,0.75636461054351,0.02175628636487951,1.4759831011152096,0.7815240290211066,0.02178280105475973,1.5765174178594832,SSP3-7.0,CEHWI,Compound,1,C1,#B83A34
ssp370,Fresno,cehwi,composite,all,Fresno,2025-2050,113880.0,12790.0,0.3830998670015368,0.012265858574508582,0.7367481209609418,0.39379722674029355,0.012278640366564075,0.7776029928848112,SSP3-7.0,CEHWI,Compound,1,C1,#B83A34
ssp370,Gilbert,cehwi,composite,all,Gilbert,2025-2050,37960.0,4703.0,0.3115835047488106,0.00993525583524788,0.6007341615609215,0.31855153519342944,0.00994366951927057,0.6271814551193814,SSP3-7.0,CEHWI,Compound,4,C4,#1F4F8C
ssp370,Henderson,cehwi,composite,all,Henderson,2025-2050,113880.0,12379.0,0.33532899618559575,0.011266158461463324,0.6433497289830965,0.3443332598227807,0.011277917401568307,0.6773930224517793,SSP3-7.0,CEHWI,Compound,2,C2,#E39D00
ssp370,Houston,cehwi,composite,all,Houston,2025-2050,531440.0,80639.0,0.42003508660541333,0.013039331167332796,0.8128523589868784,0.4302841500918624,0.013051051080209571,0.8524299109453484,SSP3-7.0,CEHWI,Compound,1,C1,#B83A34
ssp370,Indianapolis,cehwi,composite,all,Indianapolis,2025-2050,237250.0,11901.0,0.13934797680968483,0.004355900373261843,0.2690393756517325,0.14228403941876144,0.004359221429262063,0.28020885740826096,SSP3-7.0,CEHWI,Compound,4,C4,#1F4F8C
ssp370,Jacksonville,cehwi,composite,all,Jacksonville,2025-2050,256230.0,33675.0,0.29229703184331235,0.00909969904049393,0.5647144395182974,0.2982790543338598,0.009106554840230187,0.5874650392571972,SSP3-7.0,CEHWI,Compound,4,C4,#1F4F8C
ssp370,Kansas_City,cehwi,composite,all,Kansas City,2025-2050,351130.0,55882.0,0.5965632879860912,0.019177581911761256,1.1439136327781405,0.6149928817352109,0.01919972637452101,1.214131921970501,SSP3-7.0,CEHWI,Compound,3,C3,#5EA4CE
ssp370,Las_Vegas,cehwi,composite,all,Las Vegas,2025-2050,132860.0,14762.0,0.36682949457268066,0.012328246135817731,0.702927085353707,0.3772480097790321,0.012341812898778948,0.742322770284014,SSP3-7.0,CEHWI,Compound,4,C4,#1F4F8C
ssp370,Los_Angeles,cehwi,composite,all,Los Angeles,2025-2050,313170.0,3009.0,0.03504888798658217,0.001131931885505651,0.06744059914638639,0.03589578996809871,0.001132905923548496,0.07065867401264894,SSP3-7.0,CEHWI,Compound,2,C2,#E39D00
ssp370,Louisville,cehwi,composite,all,Louisville,2025-2050,227760.0,18622.0,0.22415177873342035,0.007003794361213858,0.4327636143822101,0.22887720023037866,0.007009094072402318,0.45074530638835514,SSP3-7.0,CEHWI,Compound,4,C4,#1F4F8C
ssp370,Lubbock,cehwi,composite,all,Lubbock,2025-2050,94900.0,14271.0,0.5731091606321123,0.017753355025768837,1.1038695026541465,0.5910690336826016,0.017774067431644617,1.1731764042351547,SSP3-7.0,CEHWI,Compound,4,C4,#1F4F8C
ssp370,Mesa,cehwi,composite,all,Mesa,2025-2050,75920.0,8572.0,0.2846947021526116,0.00907677677914681,0.5488684734539674,0.291076662929962,0.009084472026734632,0.5730920272303174,SSP3-7.0,CEHWI,Compound,1,C1,#B83A34
ssp370,Miami,cehwi,composite,all,Miami,2025-2050,9490.0,781.0,0.0744390208405207,0.002015982290034087,0.1457502413358518,0.07503625336740584,0.0020164411688085872,0.1480560655660036,SSP3-7.0,CEHWI,Compound,1,C1,#B83A34
ssp370,Milwaukee,cehwi,composite,all,Milwaukee,2025-2050,113880.0,7512.0,0.23758724697087832,0.00757055436143882,0.456687336979018,0.24411441467575257,0.007578180025418867,0.4815757626443195,SSP3-7.0,CEHWI,Compound,4,C4,#1F4F8C
ssp370,Minneapolis,cehwi,composite,all,Minneapolis,2025-2050,66430.0,2157.0,0.11144985650268517,0.0036308229333706214,0.2142043384864453,0.11428424499731898,0.0036343083608711907,0.22494513629930085,SSP3-7.0,CEHWI,Compound,2,C2,#E39D00
ssp370,Miramar,cehwi,composite,all,Miramar,2025-2050,18980.0,1614.0,0.07621896168862201,0.0020661645092802786,0.1492195592138165,0.07683813817286292,0.002066641790111986,0.15160963455561438,SSP3-7.0,CEHWI,Compound,4,C4,#1F4F8C
ssp370,Nashville,cehwi,composite,all,Nashville,2025-2050,275210.0,38421.0,0.4270094267228685,0.014027204826129144,0.820396919841693,0.4380392812010731,0.014040957017051148,0.8621900096283109,SSP3-7.0,CEHWI,Compound,4,C4,#1F4F8C
ssp370,New_York,cehwi,composite,all,New York,2025-2050,180310.0,12433.0,0.22089875778633916,0.007120150181328963,0.42495274015470375,0.22639167479821715,0.007126777679420444,0.4458021855687099,SSP3-7.0,CEHWI,Compound,1,C1,#B83A34
ssp370,Newark,cehwi,composite,all,Newark,2025-2050,28470.0,1344.0,0.13194050543452948,0.004170038794397043,0.25457554047572,0.13479493441631618,0.004173436416161928,0.2654164324164705,SSP3-7.0,CEHWI,Compound,2,C2,#E39D00
ssp370,Oklahoma_City,cehwi,composite,all,Oklahoma City,2025-2050,275210.0,43751.0,0.6313087381451088,0.018964093657858765,1.2233427891886492,0.6514700982706206,0.018986357365806072,1.3023069838819283,SSP3-7.0,CEHWI,Compound,1,C1,#B83A34
ssp370,Orlando,cehwi,composite,all,Orlando,2025-2050,123370.0,13211.0,0.165850979698292,0.004918766453614152,0.3219252993670696,0.1685249728105274,0.004921581065448208,0.33212836455560707,SSP3-7.0,CEHWI,Compound,3,C3,#5EA4CE
ssp370,Overland_Park,cehwi,composite,all,Overland Park,2025-2050,56940.0,9177.0,0.6203819108384807,0.020197616087627594,1.1879618420145803,0.6398003375940552,0.020221392636059692,1.2617774612549795,SSP3-7.0,CEHWI,Compound,3,C3,#5EA4CE
ssp370,Palm_Bay,cehwi,composite,all,Palm Bay,2025-2050,56940.0,4254.0,0.09256607744372379,0.002677512094388341,0.1801423113035805,0.0938336999589057,0.00267878044651352,0.18498861947129835,SSP3-7.0,CEHWI,Compound,4,C4,#1F4F8C
ssp370,Philadelphia,cehwi,composite,all,Philadelphia,2025-2050,151840.0,10463.0,0.17641038987882057,0.005460376714341163,0.3408936630003684,0.1799931637441285,0.005464432684546349,0.3545232191492768,SSP3-7.0,CEHWI,Compound,2,C2,#E39D00
ssp370,Phoenix,cehwi,composite,all,Phoenix,2025-2050,294190.0,31546.0,0.2601067927604241,0.008206489555446502,0.5020089249640577,0.2656594738173752,0.008213000739827381,0.5231068362501056,SSP3-7.0,CEHWI,Compound,1,C1,#B83A34
ssp370,Raleigh,cehwi,composite,all,Raleigh,2025-2050,142350.0,19950.0,0.4244673955552965,0.013705718442732339,0.8156429073249524,0.4355025227132213,0.013719142153205965,0.857470327720624,SSP3-7.0,CEHWI,Compound,3,C3,#5EA4CE
ssp370,Richmond,cehwi,composite,all,Richmond,2025-2050,75920.0,8703.0,0.3080370140185854,0.009695089140900304,0.5941804733311042,0.31481222446128465,0.009702911478460346,0.6199252560475838,SSP3-7.0,CEHWI,Compound,4,C4,#1F4F8C
ssp370,Riverside,cehwi,composite,all,Riverside,2025-2050,56940.0,1490.0,0.06844130936583258,0.0020555465801640337,0.13247396665433675,0.06973426559155012,0.002056836928386453,0.13741169425471386,SSP3-7.0,CEHWI,Compound,4,C4,#1F4F8C
ssp370,Sacramento,cehwi,composite,all,Sacramento,2025-2050,123370.0,733.0,0.022357697616206863,0.0007197889399715529,0.04302278996527025,0.022897495335124404,0.0007204017553766257,0.045074588914872205,SSP3-7.0,CEHWI,Compound,2,C2,#E39D00
ssp370,San_Antonio,cehwi,composite,all,San Antonio,2025-2050,256230.0,46702.0,0.536434763421276,0.0169148150871405,1.037659117880179,0.5501398864944752,0.01693074607229056,1.0905819739700675,SSP3-7.0,CEHWI,Compound,2,C2,#E39D00
ssp370,San_Bernardino,cehwi,composite,all,San Bernardino,2025-2050,66430.0,1869.0,0.07304331351708661,0.0021973491530385323,0.14140599424809952,0.07440720052537712,0.0021987145117218967,0.14661568653903248,SSP3-7.0,CEHWI,Compound,2,C2,#E39D00
ssp370,San_Jose,cehwi,composite,all,San Jose,2025-2050,180310.0,1895.0,0.04675400427113909,0.0015948376329699631,0.08953098008728855,0.04809758383633607,0.0015965513815587146,0.09461720641468452,SSP3-7.0,CEHWI,Compound,2,C2,#E39D00
ssp370,Scottsdale,cehwi,composite,all,Scottsdale,2025-2050,37960.0,3912.0,0.2559556186261337,0.008119928488430246,0.4937682036430826,0.2615286891015587,0.008126567240808994,0.5149308109623089,SSP3-7.0,CEHWI,Compound,4,C4,#1F4F8C
ssp370,St_Louis,cehwi,composite,all,St Louis,2025-2050,66430.0,10431.0,0.5627119207584702,0.018677176140156133,1.0785272103317074,0.5792040877941056,0.0186980575686294,1.141106468045223,SSP3-7.0,CEHWI,Compound,3,C3,#5EA4CE
ssp370,St_Petersburg,cehwi,composite,all,St Petersburg,2025-2050,18980.0,2420.0,0.1948586179683259,0.005905570013583044,0.37767813536649275,0.19825226503581267,0.005909411758373975,0.390595118313252,SSP3-7.0,CEHWI,Compound,3,C3,#5EA4CE
ssp370,Tallahassee,cehwi,composite,all,Tallahassee,2025-2050,94900.0,12991.0,0.29585622478298523,0.009238465596721618,0.5715608580336159,0.3019112460078504,0.00924547864643028,0.5945770133692712,SSP3-7.0,CEHWI,Compound,4,C4,#1F4F8C
ssp370,Tampa,cehwi,composite,all,Tampa,2025-2050,94900.0,10286.0,0.17125978576879286,0.0051622848001753804,0.33206227966264296,0.17418868212944308,0.005165581479097694,0.3432117827797889,SSP3-7.0,CEHWI,Compound,3,C3,#5EA4CE
ssp370,Tucson,cehwi,composite,all,Tucson,2025-2050,132860.0,12798.0,0.24166222627454925,0.007761602041731309,0.4656163737837898,0.24721255777149964,0.007768431402997709,0.48665681123906046,SSP3-7.0,CEHWI,Compound,1,C1,#B83A34
ssp370,Virginia_Beach,cehwi,composite,all,Virginia Beach,2025-2050,18980.0,2479.0,0.3095867179581253,0.009763434935473773,0.5974716573461731,0.31623101041632556,0.00977142460073957,0.6226907587035514,SSP3-7.0,CEHWI,Compound,1,C1,#B83A34
ssp370,Visalia,cehwi,composite,all,Visalia,2025-2050,56940.0,7083.0,0.409490757645039,0.01326488475119133,0.7862161330446936,0.4209162119290026,0.013278806366085402,0.8296375780475925,SSP3-7.0,CEHWI,Compound,1,C1,#B83A34
ssp370,Washington,cehwi,composite,all,Washington,2025-2050,66430.0,6763.0,0.3001830776200102,0.009500879739749423,0.5784679599158438,0.3071241365438805,0.009508906409356081,0.6048500289104083,SSP3-7.0,CEHWI,Compound,2,C2,#E39D00
ssp585,Abilene,cehwi,composite,all,Abilene,2025-2050,85410.0,17488.0,0.9332990792072026,0.026251662363310075,1.834049470459412,0.9648991369495886,0.026284709637329717,1.9616876839617994,SSP5-8.5,CEHWI,Compound,2,C2,#E39D00
ssp585,Amarillo,cehwi,composite,all,Amarillo,2025-2050,94900.0,13206.0,0.5171471501967204,0.016461394887948858,0.9959562553717077,0.532131451979795,0.016479120835784847,1.0534984720757443,SSP5-8.5,CEHWI,Compound,4,C4,#1F4F8C
ssp585,Arlington,cehwi,composite,all,Arlington,2025-2050,85410.0,16139.0,0.9024487758051694,0.02402177841902666,1.7828404349825555,0.9347966841487828,0.024052812044552712,1.9189077732372808,SSP5-8.5,CEHWI,Compound,1,C1,#B83A34
ssp585,Atlanta,cehwi,composite,all,Atlanta,2025-2050,113880.0,12564.0,0.2802067356612632,0.00846744101750421,0.5444965070230009,0.28655109727569145,0.008474473769251707,0.5692255217804713,SSP5-8.5,CEHWI,Compound,3,C3,#5EA4CE
ssp585,Austin,cehwi,composite,all,Austin,2025-2050,227760.0,46375.0,0.8828879256424788,0.027123311345126133,1.7139645488168205,0.9124527761824964,0.027157648664920903,1.8310217468347878,SSP5-8.5,CEHWI,Compound,2,C2,#E39D00
ssp585,Bakersfield,cehwi,composite,all,Bakersfield,2025-2050,132860.0,18951.0,0.45457107081830966,0.014540208858213565,0.8735788243319097,0.4668922102381434,0.014554917923095618,0.9204429485491417,SSP5-8.5,CEHWI,Compound,1,C1,#B83A34
ssp585,Baltimore,cehwi,composite,all,Baltimore,2025-2050,75920.0,7652.0,0.3242623133309045,0.01030739595474034,0.6243652729489472,0.33271976859217295,0.01031728628575142,0.656667840493292,SSP5-8.5,CEHWI,Compound,1,C1,#B83A34
ssp585,Boston,cehwi,composite,all,Boston,2025-2050,56940.0,1051.0,0.05724967985444271,0.0018049409174810062,0.11041640664080311,0.05851306079455008,0.0018063813910924485,0.11521974019800772,SSP5-8.5,CEHWI,Compound,2,C2,#E39D00
ssp585,Cape_Coral,cehwi,composite,all,Cape Coral,2025-2050,75920.0,8907.0,0.18494393575800683,0.005456016897347841,0.35901668114627816,0.18791727493166493,0.005459017951807361,0.3703755319115233,SSP5-8.5,CEHWI,Compound,4,C4,#1F4F8C
ssp585,Chandler,cehwi,composite,all,Chandler,2025-2050,75920.0,10286.0,0.441169579043338,0.01406893365528955,0.8483515375384557,0.45332792280000184,0.014083325350238408,0.894760474799264,SSP5-8.5,CEHWI,Compound,1,C1,#B83A34
ssp585,Charleston,cehwi,composite,all,Charleston,2025-2050,66430.0,10078.0,0.40673291132724737,0.012808114755296245,0.7851661479765756,0.41645252331440347,0.012819492056149025,0.8223971518256937,SSP5-8.5,CEHWI,Compound,3,C3,#5EA4CE
ssp585,Charlotte,cehwi,composite,all,Charlotte,2025-2050,218270.0,27410.0,0.39398518050578063,0.012375042401289098,0.7590464803416623,0.4044301056504726,0.01238699558013161,0.7990439455827941,SSP5-8.5,CEHWI,Compound,4,C4,#1F4F8C
ssp585,Chicago,cehwi,composite,all,Chicago,2025-2050,246740.0,25938.0,0.38401113981474333,0.012053543381451539,0.7421222169782726,0.3950188273624829,0.0120662692224811,0.785179858232658,SSP5-8.5,CEHWI,Compound,4,C4,#1F4F8C
ssp585,Cincinnati,cehwi,composite,all,Cincinnati,2025-2050,113880.0,6330.0,0.15700766628549154,0.004752676719645675,0.3036366260542899,0.16049003466286055,0.0047563672557766135,0.31699780380600884,SSP5-8.5,CEHWI,Compound,4,C4,#1F4F8C
ssp585,Clearwater,cehwi,composite,all,Clearwater,2025-2050,47450.0,6870.0,0.23995808540311825,0.007109996363438227,0.46564421334728806,0.2438937482573331,0.00711402754357324,0.4806734689710937,SSP5-8.5,CEHWI,Compound,4,C4,#1F4F8C
ssp585,Cleveland,cehwi,composite,all,Cleveland,2025-2050,104390.0,4308.0,0.12772698072210567,0.00408476002577839,0.24594337467386693,0.13076031082190914,0.004088348170549369,0.25745878647676684,SSP5-8.5,CEHWI,Compound,3,C3,#5EA4CE
ssp585,Columbia,cehwi,composite,all,Columbia,2025-2050,104390.0,15628.0,0.4674689195088975,0.01492217137262318,0.9015426786902768,0.4796821479022345,0.014936664157677606,0.9483802017195835,SSP5-8.5,CEHWI,Compound,3,C3,#5EA4CE
ssp585,Columbus,cehwi,composite,all,Columbus,2025-2050,237250.0,8060.0,0.09831283180535222,0.003039351404841782,0.189921699978703,0.10033693185327344,0.003041556311795665,0.1976323073947513,SSP5-8.5,CEHWI,Compound,2,C2,#E39D00
ssp585,Corpus_Christi,cehwi,composite,all,Corpus Christi,2025-2050,18980.0,3181.0,0.2653227934007756,0.007842799290565134,0.5151445959653287,0.2695337025064621,0.007847190498421905,0.531220214514503,SSP5-8.5,CEHWI,Compound,1,C1,#B83A34
ssp585,Dallas,cehwi,composite,all,Dallas,2025-2050,275210.0,52018.0,0.8944769823628386,0.024416645333677472,1.7674733242278697,0.9266230371217369,0.024448218476994518,1.9047976347404896,SSP5-8.5,CEHWI,Compound,1,C1,#B83A34
ssp585,Detroit,cehwi,composite,all,Detroit,2025-2050,132860.0,7726.0,0.19277247696839747,0.006113896128894651,0.37109770654254604,0.19760359166982935,0.006119469757757853,0.38950040823617466,SSP5-8.5,CEHWI,Compound,1,C1,#B83A34
ssp585,Fort_Worth,cehwi,composite,all,Fort Worth,2025-2050,208780.0,38896.0,0.8855177437828985,0.02392852072579515,1.746002565298075,0.9170456957934278,0.023959382833988324,1.877492819649631,SSP5-8.5,CEHWI,Compound,1,C1,#B83A34
ssp585,Fresno,cehwi,composite,all,Fresno,2025-2050,113880.0,15299.0,0.4797326668937249,0.015263081969966709,0.9220675872659446,0.4933900025332241,0.015279096591251875,0.9742272294713398,SSP5-8.5,CEHWI,Compound,1,C1,#B83A34
ssp585,Gilbert,cehwi,composite,all,Gilbert,2025-2050,37960.0,5295.0,0.4556939762701965,0.014550313724376334,0.87645721283431,0.46824349314246844,0.014565204008308042,0.924386914460841,SSP5-8.5,CEHWI,Compound,4,C4,#1F4F8C
ssp585,Henderson,cehwi,composite,all,Henderson,2025-2050,113880.0,13658.0,0.3685529408250373,0.011964790667462626,0.7081760591095919,0.37834831510885164,0.011976764369758074,0.7453808294350052,SSP5-8.5,CEHWI,Compound,2,C2,#E39D00
ssp585,Houston,cehwi,composite,all,Houston,2025-2050,531440.0,87677.0,0.5538918855584689,0.017977521339948045,1.065382887185857,0.5696536265100535,0.01799684737643007,1.1256449804449133,SSP5-8.5,CEHWI,Compound,1,C1,#B83A34
ssp585,Indianapolis,cehwi,composite,all,Indianapolis,2025-2050,237250.0,13997.0,0.1811682241703365,0.005707494930402899,0.34974136203999784,0.18545133113382858,0.005712448124902054,0.366132620112214,SSP5-8.5,CEHWI,Compound,4,C4,#1F4F8C
ssp585,Jacksonville,cehwi,composite,all,Jacksonville,2025-2050,256230.0,32735.0,0.2843172313715202,0.008785462655670971,0.5490210891916392,0.2904595114027461,0.008792396546343164,0.572407638828295,SSP5-8.5,CEHWI,Compound,4,C4,#1F4F8C
ssp585,Kansas_City,cehwi,composite,all,Kansas City,2025-2050,351130.0,56365.0,0.6299172122317657,0.01841011392780352,1.2316198409159642,0.649451608239257,0.018430982179369646,1.31004216446701,SSP5-8.5,CEHWI,Compound,3,C3,#5EA4CE
ssp585,Las_Vegas,cehwi,composite,all,Las Vegas,2025-2050,132860.0,16279.0,0.4067028939422937,0.013169629711698775,0.7811006822423364,0.4181340620416883,0.013183533528954766,0.8246145660977068,SSP5-8.5,CEHWI,Compound,4,C4,#1F4F8C
ssp585,Los_Angeles,cehwi,composite,all,Los Angeles,2025-2050,313170.0,4592.0,0.05834645883316623,0.0019402353219010514,0.11191123288062088,0.059936017965031965,0.0019421885528307726,0.11793207720965541,SSP5-8.5,CEHWI,Compound,2,C2,#E39D00
ssp585,Louisville,cehwi,composite,all,Louisville,2025-2050,227760.0,20047.0,0.29939101669044665,0.00915839130224198,0.58023983931299,0.30743261663183347,0.00916735538906395,0.6115510087569825,SSP5-8.5,CEHWI,Compound,4,C4,#1F4F8C
ssp585,Lubbock,cehwi,composite,all,Lubbock,2025-2050,94900.0,16043.0,0.7226441445296699,0.02339591199173147,1.3906864164206418,0.7461864048084661,0.0234247900139629,1.4814294143063083,SSP5-8.5,CEHWI,Compound,4,C4,#1F4F8C
ssp585,Mesa,cehwi,composite,all,Mesa,2025-2050,75920.0,9721.0,0.4092876985657875,0.013144095106869463,0.7872105098293132,0.42039889732231195,0.013157434756085273,0.8296008693476569,SSP5-8.5,CEHWI,Compound,1,C1,#B83A34
ssp585,Miami,cehwi,composite,all,Miami,2025-2050,9490.0,824.0,0.0856470227873967,0.002348251743782472,0.16743927912098316,0.0864595454366925,0.002348899915043723,0.1705701909583418,SSP5-8.5,CEHWI,Compound,1,C1,#B83A34
ssp585,Milwaukee,cehwi,composite,all,Milwaukee,2025-2050,113880.0,8568.0,0.27382734587994145,0.00873914793866281,0.5273001331251431,0.2814464394309763,0.008748092023721161,0.5566475472897224,SSP5-8.5,CEHWI,Compound,4,C4,#1F4F8C
ssp585,Minneapolis,cehwi,composite,all,Minneapolis,2025-2050,66430.0,3164.0,0.177371216808221,0.005848188646940293,0.34039719762609044,0.18212808434118724,0.005854041440696384,0.35841499825854345,SSP5-8.5,CEHWI,Compound,2,C2,#E39D00
ssp585,Miramar,cehwi,composite,all,Miramar,2025-2050,18980.0,1864.0,0.09487393749711988,0.0025918163682649717,0.18553893964471047,0.0957448127323468,0.0025924982535023965,0.18889712721119178,SSP5-8.5,CEHWI,Compound,4,C4,#1F4F8C
ssp585,Nashville,cehwi,composite,all,Nashville,2025-2050,275210.0,40222.0,0.459552579618549,0.01447350376072485,0.8866039819094725,0.47188165080918737,0.014487967364245798,0.9340157671289715,SSP5-8.5,CEHWI,Compound,4,C4,#1F4F8C
ssp585,New_York,cehwi,composite,all,New York,2025-2050,180310.0,12683.0,0.2521333708764646,0.008052078338866538,0.48503128922840394,0.2589924774920679,0.008060138254432789,0.5112437765272102,SSP5-8.5,CEHWI,Compound,1,C1,#B83A34
ssp585,Newark,cehwi,composite,all,Newark,2025-2050,28470.0,1406.0,0.165457317557818,0.0051017447840916936,0.31904528605918087,0.16958241429508866,0.005106229485153401,0.33485161535943575,SSP5-8.5,CEHWI,Compound,2,C2,#E39D00
ssp585,Oklahoma_City,cehwi,composite,all,Oklahoma City,2025-2050,275210.0,48960.0,0.7579874044633987,0.02311843781886476,1.4672212725849894,0.783080413110218,0.023147019566150617,1.565269016341216,SSP5-8.5,CEHWI,Compound,1,C1,#B83A34
ssp585,Orlando,cehwi,composite,all,Orlando,2025-2050,123370.0,13805.0,0.1704087502229017,0.004921077930606551,0.3314157828710487,0.1728576500698529,0.004923423412383182,0.3407918767273232,SSP5-8.5,CEHWI,Compound,3,C3,#5EA4CE
ssp585,Overland_Park,cehwi,composite,all,Overland Park,2025-2050,56940.0,9229.0,0.6388589581191306,0.01858159227341363,1.249869541404002,0.6587476384906495,0.018602690267524927,1.3296740906907132,SSP5-8.5,CEHWI,Compound,3,C3,#5EA4CE
ssp585,Palm_Bay,cehwi,composite,all,Palm Bay,2025-2050,56940.0,4633.0,0.09549415560930363,0.002646908502484997,0.18643694105577852,0.09652412500018624,0.0026477602963125607,0.19040048970406034,SSP5-8.5,CEHWI,Compound,4,C4,#1F4F8C
ssp585,Philadelphia,cehwi,composite,all,Philadelphia,2025-2050,151840.0,10312.0,0.20754666942721495,0.0065920056922161826,0.39961111851618536,0.21250331388161278,0.006597698735561186,0.4184374211209929,SSP5-8.5,CEHWI,Compound,2,C2,#E39D00
ssp585,Phoenix,cehwi,composite,all,Phoenix,2025-2050,294190.0,36024.0,0.3771478198478324,0.012034795063292638,0.7253362505836771,0.38718233633850163,0.012046724324524234,0.7635567500169513,SSP5-8.5,CEHWI,Compound,1,C1,#B83A34
ssp585,Raleigh,cehwi,composite,all,Raleigh,2025-2050,142350.0,19413.0,0.4242752218647384,0.013446428054955715,0.8175181178526297,0.43527651231190373,0.0134592812012411,0.8596147027562516,SSP5-8.5,CEHWI,Compound,3,C3,#5EA4CE
ssp585,Richmond,cehwi,composite,all,Richmond,2025-2050,75920.0,8750.0,0.3377169516021142,0.010656141135421763,0.651417322358193,0.3458882849562098,0.010665635693516654,0.6826804166396409,SSP5-8.5,CEHWI,Compound,4,C4,#1F4F8C
ssp585,Riverside,cehwi,composite,all,Riverside,2025-2050,56940.0,1770.0,0.09091212688465174,0.002776085883086761,0.17559711779884737,0.09283363775973337,0.0027780776064498217,0.18292789505019413,SSP5-8.5,CEHWI,Compound,4,C4,#1F4F8C
ssp585,Sacramento,cehwi,composite,all,Sacramento,2025-2050,123370.0,1274.0,0.039646455759706725,0.001306803354064529,0.07617804613486727,0.040653370076314976,0.0013080096964056015,0.07999873045622435,SSP5-8.5,CEHWI,Compound,2,C2,#E39D00
ssp585,San_Antonio,cehwi,composite,all,San Antonio,2025-2050,256230.0,51508.0,0.7069126032850165,0.022898585658794643,1.3605172804687986,0.7276150083299531,0.02292398000433524,1.439908788980426,SSP5-8.5,CEHWI,Compound,2,C2,#E39D00
ssp585,San_Bernardino,cehwi,composite,all,San Bernardino,2025-2050,66430.0,2176.0,0.09209376476294678,0.0028005856542419032,0.17798141137922277,0.09397719444490064,0.0028025144878003456,0.18516761440707524,SSP5-8.5,CEHWI,Compound,2,C2,#E39D00
ssp585,San_Jose,cehwi,composite,all,San Jose,2025-2050,180310.0,3012.0,0.07414124679997212,0.002544925831707739,0.14184148650029066,0.07634196034787216,0.0025478115658423097,0.15016294588076848,SSP5-8.5,CEHWI,Compound,2,C2,#E39D00
ssp585,Scottsdale,cehwi,composite,all,Scottsdale,2025-2050,37960.0,4462.0,0.3662386017566045,0.01176178630178017,0.7040925556468977,0.37596532461480003,0.011773438171268967,0.7410935588910913,SSP5-8.5,CEHWI,Compound,4,C4,#1F4F8C
ssp585,St_Louis,cehwi,composite,all,St Louis,2025-2050,66430.0,10522.0,0.565214120911525,0.017388565606329107,1.0966051895548576,0.5819922337927442,0.017407877409599006,1.1622785884559297,SSP5-8.5,CEHWI,Compound,3,C3,#5EA4CE
ssp585,St_Petersburg,cehwi,composite,all,St Petersburg,2025-2050,18980.0,2686.0,0.21649051117075796,0.00626580336042975,0.4208582279591665,0.21969077257891087,0.006268821316816767,0.43311272384100574,SSP5-8.5,CEHWI,Compound,3,C3,#5EA4CE
ssp585,Tallahassee,cehwi,composite,all,Tallahassee,2025-2050,94900.0,12577.0,0.2675049312701837,0.008179661257418386,0.5174052819329776,0.27280436660656837,0.008185633634612976,0.5375869575102189,SSP5-8.5,CEHWI,Compound,4,C4,#1F4F8C
ssp585,Tampa,cehwi,composite,all,Tampa,2025-2050,94900.0,11505.0,0.2084577931865349,0.006209875918939158,0.404346676398217,0.21195712741619105,0.006213534572670718,0.4177007202597119,SSP5-8.5,CEHWI,Compound,3,C3,#5EA4CE
ssp585,Tucson,cehwi,composite,all,Tucson,2025-2050,132860.0,15363.0,0.3614556425784403,0.011222825337702632,0.6959903922785788,0.3709910784595083,0.011233588718447655,0.732438613759264,SSP5-8.5,CEHWI,Compound,1,C1,#B83A34
ssp585,Virginia_Beach,cehwi,composite,all,Virginia Beach,2025-2050,18980.0,2469.0,0.3549886798387032,0.011062902147157211,0.6857688649374512,0.3634204067533361,0.011072576580118756,0.7181433554694928,SSP5-8.5,CEHWI,Compound,1,C1,#B83A34
ssp585,Visalia,cehwi,composite,all,Visalia,2025-2050,56940.0,8225.0,0.5048627853983049,0.016097748960339133,0.9693528188833315,0.5192027989203575,0.016114575117043152,1.023943477489623,SSP5-8.5,CEHWI,Compound,1,C1,#B83A34
ssp585,Washington,cehwi,composite,all,Washington,2025-2050,66430.0,7002.0,0.3361453705626583,0.010707335727578534,0.6461921844878926,0.3448139726300856,0.010717394715812258,0.6791033532576092,SSP5-8.5,CEHWI,Compound,2,C2,#E39D00
